"TOA5","Snow Weather","CR1000","86158","CR1000.Std.31.03","CPU:SnowCollege.CR1","60318","FifteenMin"
"TIMESTAMP","RECORD","AirTF_Avg","RH_Avg","WindGust","AveWindSp","WindDir","WindDir_SD","BP_inHg","SlrkW","HeatedPrecip_Tot","HeatedRunTot","Rain_Tot","RainRunTot"
"TS","RN","Deg F","%","mph","mph","degrees","Deg","inHg","kW/m^2","inch","inch","inch","inch"
"","","Avg","Avg","Max","WVc","WVc","WVc","Smp","Smp","Tot","Smp","Tot","Smp"
"2026-06-16 00:00:00",246870,61.99883,34.20267,1.315,0.07257959,115.4354,13.6244,30.12,0,0,0,0,0
"2026-06-16 00:15:00",246871,60.85447,36.72622,1.096,0.06649069,133.8374,3.411775,30.12,0,0,0,0,0
"2026-06-16 00:30:00",246872,60.90411,35.41016,1.754,0.3217362,116.7501,4.756968,30.12,0,0,0,0,0
"2026-06-16 00:45:00",246873,60.88319,34.7089,2.411,0.9454806,126.6488,13.59785,30.13,0,0,0,0,0
"2026-06-16 01:00:00",246874,60.13242,34.13432,2.192,0.4201328,123.8275,8.622487,30.13,0,0,0,0,0
"2026-06-16 01:15:00",246875,59.45206,34.98201,1.973,0.1651305,134.4815,6.090183,30.13,0,0,0,0,0
"2026-06-16 01:30:00",246876,58.72699,35.68945,1.096,0.07014403,123.771,3.064741,30.13,0,0,0,0,0
"2026-06-16 01:45:00",246877,57.81506,38.05101,2.411,0.4871106,125.4554,21.3428,30.13,0,0,0,0,0
"2026-06-16 02:00:00",246878,57.33599,37.51805,2.411,1.248707,141.3627,29.94427,30.13,0,0,0,0,0
"2026-06-16 02:15:00",246879,56.91206,36.78688,1.973,0.2150593,174.0497,31.28049,30.13,0,0,0,0,0
"2026-06-16 02:30:00",246880,55.96938,39.87148,2.85,0.4513079,148.235,19.48578,30.13,0,0,0,0,0
"2026-06-16 02:45:00",246881,55.70205,38.07391,3.507,1.537319,110.7456,17.82409,30.12,0,0,0,0,0
"2026-06-16 03:00:00",246882,55.44081,38.89907,2.85,0.9396363,137.0439,20.51593,30.13,0,0,0,0,0
"2026-06-16 03:15:00",246883,55.70599,37.65989,4.165,1.543165,158.8916,20.30012,30.12,0,0,0,0,0
"2026-06-16 03:30:00",246884,54.89525,39.75579,3.507,1.082603,358.9817,65.66156,30.13,0,0,0,0,0
"2026-06-16 03:45:00",246885,52.49729,44.55679,2.63,0.7469829,31.63621,19.08351,30.13,0,0,0,0,0
"2026-06-16 04:00:00",246886,51.56477,44.81729,2.63,0.7961813,66.92738,32.32318,30.13,0,0,0,0,0
"2026-06-16 04:15:00",246887,51.8033,43.82367,1.754,0.2313774,95.6586,20.14822,30.13,0,0,0,0,0
"2026-06-16 04:30:00",246888,51.99565,42.7793,1.973,0.4349892,109.0878,38.48171,30.13,0,0,0,0,0
"2026-06-16 04:45:00",246889,51.638,43.359,4.165,0.8470852,84.99128,39.43432,30.13,0,0,0,0,0
"2026-06-16 05:00:00",246890,51.79947,42.7132,3.726,1.114264,120.3792,30.21484,30.13,0,0,0,0,0
"2026-06-16 05:15:00",246891,51.78043,42.23278,3.288,0.7518533,153.8799,46.52946,30.13,0,0,0,0,0
"2026-06-16 05:30:00",246892,51.11816,43.50288,1.973,0.3943153,102.5429,17.75038,30.13,0,0,0,0,0
"2026-06-16 05:45:00",246893,49.80059,47.26508,2.63,0.5100043,71.55795,50.04905,30.13,0,0,0,0,0
"2026-06-16 06:00:00",246894,48.56826,50.86713,3.288,0.9130889,322.356,36.68615,30.13,0.003,0,0,0,0
"2026-06-16 06:15:00",246895,47.91429,51.66623,2.63,0.8911678,35.72366,33.57122,30.13,0.008,0,0,0,0
"2026-06-16 06:30:00",246896,48.71127,49.08315,3.069,1.137647,98.5963,9.140476,30.13,0.026,0,0,0,0
"2026-06-16 06:45:00",246897,50.09847,45.67181,1.754,0.1590417,128.9788,6.966134,30.14,0.098,0,0,0,0
"2026-06-16 07:00:00",246898,53.02475,41.43856,2.411,0.4610502,129.3357,10.07437,30.14,0.133,0,0,0,0
"2026-06-16 07:15:00",246899,55.28052,39.24937,1.973,0.3507193,198.6474,15.30497,30.14,0.173,0,0,0,0
"2026-06-16 07:30:00",246900,56.37207,38.41132,3.069,1.419194,220.366,17.64944,30.14,0.228,0,0,0,0
"2026-06-16 07:45:00",246901,57.69295,36.72947,2.192,0.3797022,247.9142,25.17392,30.14,0.28,0,0,0,0
"2026-06-16 08:00:00",246902,57.70169,39.74722,2.63,1.205112,318.008,20.78459,30.14,0.312,0,0,0,0
"2026-06-16 08:15:00",246903,59.2373,36.68854,2.85,0.7311519,295.0956,22.66291,30.14,0.347,0,0,0,0
"2026-06-16 08:30:00",246904,61.21195,33.81902,3.288,1.024637,220.7985,29.93369,30.14,0.392,0,0,0,0
"2026-06-16 08:45:00",246905,63.47632,30.84757,2.63,1.113047,248.7758,26.2019,30.14,0.437,0,0,0,0
"2026-06-16 09:00:00",246906,66.30289,27.37182,2.63,0.9654518,291.9891,21.83468,30.14,0.495,0,0,0,0
"2026-06-16 09:15:00",246907,68.11291,25.41401,2.63,0.8375861,293.1335,21.36567,30.13,0.304,0,0,0,0
"2026-06-16 09:30:00",246908,68.79845,25.31451,3.946,1.628408,278.4964,19.85613,30.13,0.391,0,0,0,0
"2026-06-16 09:45:00",246909,70.74954,24.18545,3.507,0.9118701,278.5078,24.30262,30.13,0.552,0,0,0,0
"2026-06-16 10:00:00",246910,72.48666,23.12629,5.699,1.000769,215.9507,29.55429,30.12,0.642,0,0,0,0
"2026-06-16 10:15:00",246911,73.60356,21.60684,7.453,2.917551,173.041,37.67876,30.12,0.675,0,0,0,0
"2026-06-16 10:30:00",246912,75.48463,21.33953,8.55,3.451911,211.8943,37.59367,30.11,0.707,0,0,0,0
"2026-06-16 10:45:00",246913,77.36828,21.51764,8.77,3.502815,218.2234,30.7044,30.11,0.742,0,0,0,0
"2026-06-16 11:00:00",246914,79.18889,19.31066,8.11,3.768536,208.7148,26.94621,30.1,0.767,0,0,0,0
"2026-06-16 11:15:00",246915,81.31734,16.82769,12.28,4.380345,204.3762,32.68063,30.1,0.812,0,0,0,0
"2026-06-16 11:30:00",246916,83.18849,14.01408,10.3,3.158673,236.5472,51.53773,30.1,0.834,0,0,0,0
"2026-06-16 11:45:00",246917,83.94094,13.53688,9.86,2.671073,172.2986,88.38294,30.09,0.863,0,0,0,0
"2026-06-16 12:00:00",246918,84.90382,13.23447,9.21,2.772639,249.2363,49.55664,30.09,0.881,0,0,0,0
"2026-06-16 12:15:00",246919,86.23036,12.61305,15.78,6.061849,261.9487,34.94306,30.09,0.892,0,0,0,0
"2026-06-16 12:30:00",246920,86.20509,12.26121,19.73,8.506179,264.6571,22.60094,30.09,0.909,0,0,0,0
"2026-06-16 12:45:00",246921,87.4053,11.93457,19.29,7.453281,289.4606,24.65072,30.09,0.943,0,0,0,0
"2026-06-16 13:00:00",246922,87.61396,12.01321,16.44,7.315438,289.2161,27.67317,30.08,0.934,0,0,0,0
"2026-06-16 13:15:00",246923,87.76311,11.6582,16.44,7.952088,289.6644,26.64598,30.08,0.954,0,0,0,0
"2026-06-16 13:30:00",246924,88.08114,11.18636,17.54,7.605505,278.1314,23.5198,30.07,0.958,0,0,0,0
"2026-06-16 13:45:00",246925,88.27743,10.91738,15.12,5.146572,262.9259,44.70959,30.07,0.947,0,0,0,0
"2026-06-16 14:00:00",246926,89.05367,11.06961,18.19,7.659329,277.5514,29.65943,30.06,0.941,0,0,0,0
"2026-06-16 14:15:00",246927,88.97066,10.51014,17.1,8.353468,263.9197,23.46513,30.05,0.947,0,0,0,0
"2026-06-16 14:30:00",246928,89.63631,10.2617,16.66,6.028493,263.215,38.32368,30.05,0.919,0,0,0,0
"2026-06-16 14:45:00",246929,90.10918,10.26011,18.41,9.226863,286.7231,23.12584,30.05,0.9,0,0,0,0
"2026-06-16 15:00:00",246930,90.55924,10.14374,17.1,8.259942,289.597,26.00609,30.04,0.909,0,0,0,0
"2026-06-16 15:15:00",246931,90.39963,9.559822,13.81,7.131549,273.8729,26.52946,30.04,0.839,0,0,0,0
"2026-06-16 15:30:00",246932,90.21691,9.758762,17.54,8.554641,276.6216,25.09843,30.03,0.889,0,0,0,0
"2026-06-16 15:45:00",246933,90.2252,10.18675,16.66,6.405269,269.0989,34.41322,30.03,0.845,0,0,0,0
"2026-06-16 16:00:00",246934,90.07754,10.45573,17.76,7.784275,250.2797,34.54087,30.03,0.642,0,0,0,0
"2026-06-16 16:15:00",246935,89.43498,10.09777,24.33,12.61521,286.022,19.72698,30.03,0.672,0,0,0,0
"2026-06-16 16:30:00",246936,89.54406,9.942683,19.07,7.014886,307.5059,25.09469,30.02,0.686,0,0,0,0
"2026-06-16 16:45:00",246937,89.90841,9.6365,14.47,4.447817,286.0101,53.66165,30.01,0.707,0,0,0,0
"2026-06-16 17:00:00",246938,90.74875,10.03928,20.82,8.93654,290.3838,29.56504,30.01,0.429,0,0,0,0
"2026-06-16 17:15:00",246939,88.87095,10.59807,20.17,8.649389,290.1095,24.09799,30.01,0.233,0,0,0,0
"2026-06-16 17:30:00",246940,87.08511,10.93829,15.12,6.285682,286.8297,27.04994,30.01,0.188,0,0,0,0
"2026-06-16 17:45:00",246941,86.80215,11.42205,14.03,5.376244,302.2184,20.46871,30.01,0.158,0,0,0,0
"2026-06-16 18:00:00",246942,86.05322,11.55745,10.3,4.367921,254.3082,30.66476,30,0.138,0,0,0,0
"2026-06-16 18:15:00",246943,85.78452,11.64552,12.93,4.174297,260.2756,31.09983,29.99,0.137,0,0,0,0
"2026-06-16 18:30:00",246944,85.63019,12.46317,8.77,3.66965,283.4132,36.56887,29.99,0.129,0,0,0,0
"2026-06-16 18:45:00",246945,84.23505,15.53752,5.918,1.492994,341.4437,28.49366,29.99,0.119,0,0,0,0
"2026-06-16 19:00:00",246946,83.13999,17.0024,4.165,1.356601,331.9831,27.50601,29.99,0.11,0,0,0,0
"2026-06-16 19:15:00",246947,82.76369,16.46075,6.576,2.25995,330.6793,18.82855,29.99,0.108,0,0,0,0
"2026-06-16 19:30:00",246948,82.30018,16.85908,2.411,0.2949453,324.5652,19.86128,29.99,0.093,0,0,0,0
"2026-06-16 19:45:00",246949,82.56957,16.84391,1.534,0.07598937,3.265086,20.55985,29.98,0.072,0,0,0,0
"2026-06-16 20:00:00",246950,81.81983,18.19664,2.411,0.1181245,11.14982,16.83972,29.99,0.054,0,0,0,0
"2026-06-16 20:15:00",246951,80.43433,18.51219,2.192,0.4508204,9.407394,19.18368,29.98,0.081,0,0,0,0
"2026-06-16 20:30:00",246952,79.71801,19.11738,3.507,0.4422961,18.56263,22.15352,29.98,0.06,0,0,0,0
"2026-06-16 20:45:00",246953,78.87862,18.33928,4.384,1.522461,49.03773,18.06129,29.98,0.009,0,0,0,0
"2026-06-16 21:00:00",246954,78.2411,19.41745,3.288,1.188063,83.54431,15.50791,29.98,0.006,0,0,0,0
"2026-06-16 21:15:00",246955,75.9605,20.12136,5.48,2.095064,113.6088,14.22562,29.98,0,0,0,0,0
"2026-06-16 21:30:00",246956,75.71243,17.85559,6.357,4.095138,112.6912,13.3404,29.98,0,0,0,0,0
"2026-06-16 21:45:00",246957,75.15643,17.56617,6.795,3.753184,110.1842,12.69284,29.98,0,0,0,0,0
"2026-06-16 22:00:00",246958,75.93849,15.75744,8.11,4.271719,98.15019,14.60116,29.98,0,0,0,0,0
"2026-06-16 22:15:00",246959,75.03429,15.82869,6.795,2.680817,94.40437,24.08583,29.98,0,0,0,0,0
"2026-06-16 22:30:00",246960,72.70791,16.96122,3.946,2.034178,56.9114,10.11005,29.98,0,0,0,0,0
"2026-06-16 22:45:00",246961,72.45518,16.70126,6.357,2.04708,56.0011,24.89666,29.98,0,0,0,0,0
"2026-06-16 23:00:00",246962,70.9275,18.11717,3.946,1.198779,72.62989,12.73475,29.98,0,0,0,0,0
"2026-06-16 23:15:00",246963,69.45284,21.13771,4.603,1.736302,139.6344,25.4569,29.98,0,0,0,0,0
"2026-06-16 23:30:00",246964,69.58492,20.71869,4.165,1.028047,113.931,12.92822,29.98,0,0,0,0,0
"2026-06-16 23:45:00",246965,68.15542,21.28907,4.165,0.8219997,38.54715,22.78155,29.98,0,0,0,0,0
"2026-06-17 00:00:00",246966,65.65785,26.03524,5.261,1.613305,41.27209,74.79785,29.98,0,0,0,0,0
"2026-06-17 00:15:00",246967,63.5246,28.24117,5.042,1.692222,61.00632,55.31991,29.98,0,0,0,0,0
"2026-06-17 00:30:00",246968,62.80603,29.62798,8.11,2.504236,187.9553,91.98012,29.98,0,0,0,0,0
"2026-06-17 00:45:00",246969,63.53506,28.02074,8.33,3.221993,45.21278,72.2616,29.98,0,0,0,0,0
"2026-06-17 01:00:00",246970,63.33378,28.61117,5.261,1.82983,239.3751,90.25023,29.97,0,0,0,0,0
"2026-06-17 01:15:00",246971,62.1199,30.21456,10.3,2.654506,68.65523,86.75948,29.97,0,0,0,0,0
"2026-06-17 01:30:00",246972,61.30988,30.15677,9.64,3.358871,136.7319,92.61069,29.97,0,0,0,0,0
"2026-06-17 01:45:00",246973,59.35457,32.57208,6.795,1.526357,58.7655,59.35455,29.97,0,0,0,0,0
"2026-06-17 02:00:00",246974,58.22316,34.75717,4.603,0.9403667,248.9102,66.65294,29.97,0,0,0,0,0
"2026-06-17 02:15:00",246975,56.80324,37.62058,7.891,1.798412,30.30238,63.12003,29.97,0,0,0,0,0
"2026-06-17 02:30:00",246976,56.77807,38.31498,4.603,2.01566,131.5056,33.03595,29.97,0,0,0,0,0
"2026-06-17 02:45:00",246977,57.8247,34.97996,2.85,1.191471,121.7058,8.189628,29.97,0,0,0,0,0
"2026-06-17 03:00:00",246978,57.82814,33.10252,3.726,1.086743,114.9937,7.072774,29.96,0,0,0,0,0
"2026-06-17 03:15:00",246979,57.4994,33.07619,3.069,0.8059238,104.6829,48.24855,29.97,0,0,0,0,0
"2026-06-17 03:30:00",246980,56.2431,36.27037,3.288,0.317109,353.7347,32.14497,29.97,0,0,0,0,0
"2026-06-17 03:45:00",246981,55.08173,38.57624,2.85,0.7542902,102.5122,15.01506,29.97,0,0,0,0,0
"2026-06-17 04:00:00",246982,55.97169,35.09161,2.192,0.6373832,158.9483,19.28545,29.97,0,0,0,0,0
"2026-06-17 04:15:00",246983,56.40786,33.95415,2.192,0.3210057,262.6139,33.17855,29.97,0,0,0,0,0
"2026-06-17 04:30:00",246984,55.02219,38.3517,3.726,0.6748917,42.93995,11.5528,29.97,0,0,0,0,0
"2026-06-17 04:45:00",246985,52.84415,42.00195,3.946,0.6205783,83.11861,17.01006,29.97,0,0,0,0,0
"2026-06-17 05:00:00",246986,52.70293,41.9201,1.534,0.09157693,89.81487,4.228814,29.97,0,0,0,0,0
"2026-06-17 05:15:00",246987,52.6506,42.53814,3.069,0.503429,94.33389,14.92786,29.97,0,0,0,0,0
"2026-06-17 05:30:00",246988,52.84292,41.07379,2.85,0.814692,110.1802,10.53339,29.97,0,0,0,0,0
"2026-06-17 05:45:00",246989,52.59883,40.5209,1.754,0.05699203,127.0545,2.553582,29.97,0.001,0,0,0,0
"2026-06-17 06:00:00",246990,52.5527,41.9981,2.85,0.8207811,141.0775,17.58578,29.98,0.004,0,0,0,0
"2026-06-17 06:15:00",246991,52.45739,41.29808,1.754,0.262796,123.8825,26.59533,29.98,0.008,0,0,0,0
"2026-06-17 06:30:00",246992,51.3437,45.61107,2.192,0.5511647,350.636,36.03955,29.99,0.024,0,0,0,0
"2026-06-17 06:45:00",246993,50.72487,47.43963,3.069,0.7094754,73.83678,30.09924,29.99,0.095,0,0,0,0
"2026-06-17 07:00:00",246994,53.74203,42.88757,1.754,0.1919217,293.0045,37.95891,29.99,0.13,0,0,0,0
"2026-06-17 07:15:00",246995,55.75022,40.61292,2.192,0.6047465,30.77803,29.56618,30,0.168,0,0,0,0
"2026-06-17 07:30:00",246996,57.64951,37.12502,2.85,0.7087455,163.5752,53.86681,29.99,0.208,0,0,0,0
"2026-06-17 07:45:00",246997,60.05326,37.99749,2.85,0.9620417,267.1176,32.41548,29.99,0.249,0,0,0,0
"2026-06-17 08:00:00",246998,61.13694,38.50754,2.63,0.4763939,271.0374,33.33684,30,0.291,0,0,0,0
"2026-06-17 08:15:00",246999,61.97713,36.21394,3.726,1.541706,245.1815,36.23853,29.99,0.337,0,0,0,0
"2026-06-17 08:30:00",247000,63.89019,34.15393,3.069,0.9705663,303.2954,18.75402,29.99,0.379,0,0,0,0
"2026-06-17 08:45:00",247001,65.07764,34.01385,2.63,0.7791326,31.58369,41.04206,29.99,0.424,0,0,0,0
"2026-06-17 09:00:00",247002,66.855,31.65379,2.192,0.4320667,80.42673,44.21473,29.99,0.468,0,0,0,0
"2026-06-17 09:15:00",247003,70.21291,26.59836,2.63,0.6997341,277.2542,38.99028,29.99,0.509,0,0,0,0
"2026-06-17 09:30:00",247004,72.8493,23.89592,4.603,1.143004,289.3149,25.15038,29.99,0.55,0,0,0,0
"2026-06-17 09:45:00",247005,75.22031,20.83947,4.165,1.297418,262.3798,24.14686,29.98,0.594,0,0,0,0
"2026-06-17 10:00:00",247006,76.84309,18.82055,5.261,1.724614,221.3949,29.63541,29.98,0.633,0,0,0,0
"2026-06-17 10:15:00",247007,79.09352,18.70078,4.165,1.270871,230.4215,40.52425,29.98,0.67,0,0,0,0
"2026-06-17 10:30:00",247008,80.35786,18.60917,5.918,1.734356,206.0437,31.41872,29.97,0.701,0,0,0,0
"2026-06-17 10:45:00",247009,83.17912,17.07931,8.33,3.353029,209.2295,29.4429,29.97,0.736,0,0,0,0
"2026-06-17 11:00:00",247010,84.90926,14.39339,8.55,3.342796,199.9586,32.10462,29.97,0.767,0,0,0,0
"2026-06-17 11:15:00",247011,85.66755,13.80148,7.234,2.237298,204.0039,55.1949,29.97,0.802,0,0,0,0
"2026-06-17 11:30:00",247012,86.35059,13.50775,7.453,3.343041,293.0436,42.72127,29.97,0.826,0,0,0,0
"2026-06-17 11:45:00",247013,87.15656,13.32066,8.55,2.921203,284.2771,45.58845,29.97,0.855,0,0,0,0
"2026-06-17 12:00:00",247014,87.69016,13.11628,15.56,4.348199,212.6914,37.36206,29.96,0.874,0,0,0,0
"2026-06-17 12:15:00",247015,89.62937,12.71591,16.66,7.046305,287.8641,29.29925,29.96,0.88,0,0,0,0
"2026-06-17 12:30:00",247016,89.13557,12.59841,18.63,8.358592,270.396,25.73372,29.95,0.9,0,0,0,0
"2026-06-17 12:45:00",247017,90.16149,11.96597,19.07,7.897048,285.6327,29.70403,29.96,0.925,0,0,0,0
"2026-06-17 13:00:00",247018,90.5348,12.21049,22.14,8.487183,275.4246,34.58874,29.95,0.923,0,0,0,0
"2026-06-17 13:15:00",247019,90.73937,12.10128,19.95,9.744655,277.0155,24.64599,29.95,0.942,0,0,0,0
"2026-06-17 13:30:00",247020,90.56754,12.32936,22.8,11.03648,272.6755,27.56223,29.95,0.942,0,0,0,0
"2026-06-17 13:45:00",247021,90.77673,12.26445,25.65,12.96787,277.8719,21.59875,29.94,0.936,0,0,0,0
"2026-06-17 14:00:00",247022,91.15059,12.21653,26.3,10.39203,285.2205,29.1383,29.94,0.932,0,0,0,0
"2026-06-17 14:15:00",247023,91.33167,12.28815,31.13,12.42865,280.1718,22.68374,29.94,0.934,0,0,0,0
"2026-06-17 14:30:00",247024,91.95915,12.0643,24.99,12.27884,287.8351,22.32325,29.94,0.907,0,0,0,0
"2026-06-17 14:45:00",247025,91.67496,12.19426,25.43,10.64411,281.4329,27.30081,29.94,0.896,0,0,0,0
"2026-06-17 15:00:00",247026,91.88783,12.0951,26.96,11.29587,277.2603,20.98363,29.94,0.887,0,0,0,0
"2026-06-17 15:15:00",247027,91.63705,12.2323,26.74,8.999616,258.9683,30.57261,29.93,0.865,0,0,0,0
"2026-06-17 15:30:00",247028,91.77141,12.19253,21.7,9.491848,255.2082,30.91903,29.93,0.845,0,0,0,0
"2026-06-17 15:45:00",247029,91.8161,12.356,26.52,10.35939,271.2182,24.54228,29.93,0.818,0,0,0,0
"2026-06-17 16:00:00",247030,93.25553,11.67473,20.82,10.08905,298.6236,23.6978,29.93,0.793,0,0,0,0
"2026-06-17 16:15:00",247031,92.95708,12.08559,22.58,7.614524,281.2369,25.09219,29.92,0.748,0,0,0,0
"2026-06-17 16:30:00",247032,92.80928,12.11645,21.7,7.718767,294.1896,34.60533,29.92,0.717,0,0,0,0
"2026-06-17 16:45:00",247033,93.42208,10.97527,23.45,11.37404,297.7992,22.33547,29.91,0.629,0,0,0,0
"2026-06-17 17:00:00",247034,92.73532,11.37751,25.21,12.87409,299.0019,19.90472,29.91,0.63,0,0,0,0
"2026-06-17 17:15:00",247035,93.04972,11.52136,22.14,7.268426,304.049,27.15167,29.9,0.584,0,0,0,0
"2026-06-17 17:30:00",247036,92.09426,11.42658,33.98,13.1498,284.7674,22.99924,29.91,0.545,0,0,0,0
"2026-06-17 17:45:00",247037,92.40726,11.18198,22.36,9.87471,295.3103,22.30086,29.9,0.506,0,0,0,0
"2026-06-17 18:00:00",247038,92.22591,11.55306,19.07,7.474225,287.7263,25.8053,29.9,0.465,0,0,0,0
"2026-06-17 18:15:00",247039,91.93138,11.36839,17.97,7.329073,312.7755,24.70147,29.89,0.419,0,0,0,0
"2026-06-17 18:30:00",247040,91.5214,11.37744,22.8,8.750218,311.9086,23.3651,29.89,0.373,0,0,0,0
"2026-06-17 18:45:00",247041,91.24277,11.27111,22.58,9.032985,292.8586,21.76174,29.89,0.317,0,0,0,0
"2026-06-17 19:00:00",247042,91.00015,12.12498,22.36,7.182696,307.0013,27.30074,29.89,0.269,0,0,0,0
"2026-06-17 19:15:00",247043,90.15995,13.01915,18.19,7.359524,309.5029,28.72309,29.89,0.225,0,0,0,0
"2026-06-17 19:30:00",247044,88.75624,15.25684,14.47,6.066965,325.3391,23.97523,29.89,0.19,0,0,0,0
"2026-06-17 19:45:00",247045,88.14018,15.6068,12.49,5.467087,326.6893,24.7749,29.89,0.149,0,0,0,0
"2026-06-17 20:00:00",247046,86.96049,16.18015,13.15,5.353595,317.0104,26.04576,29.89,0.109,0,0,0,0
"2026-06-17 20:15:00",247047,86.25069,17.12617,8.33,3.4882,321.3546,24.67401,29.9,0.072,0,0,0,0
"2026-06-17 20:30:00",247048,83.05626,21.53491,7.234,2.782377,329.2174,23.38831,29.9,0.04,0,0,0,0
"2026-06-17 20:45:00",247049,80.44788,23.83864,5.261,1.060439,342.8249,25.09295,29.9,0.007,0,0,0,0
"2026-06-17 21:00:00",247050,77.81693,24.96194,2.85,0.4252473,20.52795,17.71603,29.91,0.002,0,0,0,0
"2026-06-17 21:15:00",247051,76.86941,23.91607,5.042,1.502491,32.42428,22.5393,29.91,0,0,0,0,0
"2026-06-17 21:30:00",247052,77.91216,21.91332,10.52,5.153637,47.93325,14.39605,29.91,0,0,0,0,0
"2026-06-17 21:45:00",247053,78.83334,21.0476,10.08,4.469489,50.95485,19.16105,29.91,0,0,0,0,0
"2026-06-17 22:00:00",247054,78.57918,20.82021,7.234,1.95526,64.65633,35.43935,29.92,0,0,0,0,0
"2026-06-17 22:15:00",247055,76.34286,22.92764,3.946,0.7343196,135.7889,8.589803,29.92,0,0,0,0,0
"2026-06-17 22:30:00",247056,74.33313,25.37225,1.534,0.2172513,249.2377,8.73824,29.93,0,0,0,0,0
"2026-06-17 22:45:00",247057,73.11223,26.56633,5.261,2.138904,257.5132,21.66991,29.93,0,0,0,0,0
"2026-06-17 23:00:00",247058,71.45103,28.18554,3.288,1.123763,264.2937,38.90325,29.93,0,0,0,0,0
"2026-06-17 23:15:00",247059,69.96441,31.6547,1.534,0.06770847,215.6746,10.67758,29.93,0,0,0,0,0
"2026-06-17 23:30:00",247060,68.08947,35.56375,2.63,0.7131298,226.362,13.72759,29.94,0,0,0,0,0
"2026-06-17 23:45:00",247061,67.11723,36.41246,3.069,0.4615373,222.4812,27.81123,29.94,0,0,0,0,0
"2026-06-18 00:00:00",247062,66.02158,34.53092,4.384,1.142274,119.2757,17.52586,29.94,0,0,0,0,0
"2026-06-18 00:15:00",247063,65.40596,33.89417,1.973,0.1510045,187.6106,4.575355,29.95,0,0,0,0,0
"2026-06-18 00:30:00",247064,65.1106,35.06022,3.726,0.7272564,70.01392,32.41963,29.95,0,0,0,0,0
"2026-06-18 00:45:00",247065,63.57129,36.25736,2.192,0.3792151,98.40749,22.4763,29.95,0,0,0,0,0
"2026-06-18 01:00:00",247066,62.98598,35.35975,4.822,2.153274,117.8079,18.78705,29.96,0,0,0,0,0
"2026-06-18 01:15:00",247067,63.21138,33.99828,3.946,1.158592,123.9518,11.13169,29.96,0,0,0,0,0
"2026-06-18 01:30:00",247068,63.12421,34.02464,2.85,0.7830309,205.2666,25.67539,29.97,0,0,0,0,0
"2026-06-18 01:45:00",247069,62.65386,35.00808,3.946,1.153964,133.1851,71.75124,29.98,0,0,0,0,0
"2026-06-18 02:00:00",247070,61.88099,36.27692,4.165,1.829342,158.7182,41.8677,29.98,0,0,0,0,0
"2026-06-18 02:15:00",247071,61.10328,36.93772,3.946,0.9630174,149.8793,39.91497,29.98,0,0,0,0,0
"2026-06-18 02:30:00",247072,61.32806,36.60616,3.069,1.390214,151.5783,22.73508,29.98,0,0,0,0,0
"2026-06-18 02:45:00",247073,60.54001,35.33955,2.192,0.5304632,120.7703,9.086395,29.98,0,0,0,0,0
"2026-06-18 03:00:00",247074,58.36166,40.63627,2.63,0.8076273,29.00556,42.14392,29.99,0,0,0,0,0
"2026-06-18 03:15:00",247075,55.77627,46.05122,2.192,0.5757644,45.97805,18.40975,29.99,0,0,0,0,0
"2026-06-18 03:30:00",247076,55.16764,46.22942,2.85,1.405798,72.15155,36.46078,30,0,0,0,0,0
"2026-06-18 03:45:00",247077,56.00136,43.46834,3.946,1.922626,105.1911,16.63555,30,0,0,0,0,0
"2026-06-18 04:00:00",247078,56.30821,40.42641,4.384,1.23385,109.2065,25.48707,30,0,0,0,0,0
"2026-06-18 04:15:00",247079,56.71367,40.07088,2.85,0.9306241,55.26378,73.96124,30.01,0,0,0,0,0
"2026-06-18 04:30:00",247080,55.57727,42.66182,5.699,0.6663677,23.82626,28.238,30.01,0,0,0,0,0
"2026-06-18 04:45:00",247081,54.16783,41.95211,5.042,1.798653,60.12247,53.40866,30.02,0,0,0,0,0
"2026-06-18 05:00:00",247082,54.15329,43.19415,6.138,1.092589,95.51301,45.82856,30.02,0,0,0,0,0
"2026-06-18 05:15:00",247083,54.1227,42.67639,3.946,1.04534,133.3841,13.88126,30.02,0,0,0,0,0
"2026-06-18 05:30:00",247084,54.13738,41.98383,3.507,1.613794,162.1019,43.29675,30.03,0,0,0,0,0
"2026-06-18 05:45:00",247085,52.46548,46.18226,5.042,1.269409,354.1906,63.95262,30.03,0.001,0,0,0,0
"2026-06-18 06:00:00",247086,51.15172,49.67303,2.192,0.4634855,202.1822,28.01002,30.04,0.004,0,0,0,0
"2026-06-18 06:15:00",247087,51.96803,48.67495,2.63,0.7097191,107.4466,24.62256,30.04,0.008,0,0,0,0
"2026-06-18 06:30:00",247088,51.60251,48.12408,2.85,0.5499482,111.7187,13.09127,30.05,0.024,0,0,0,0
"2026-06-18 06:45:00",247089,52.3079,47.81345,4.603,0.7847346,37.90927,40.58241,30.05,0.097,0,0,0,0
"2026-06-18 07:00:00",247090,52.97483,46.27132,3.726,1.948677,79.49552,22.41114,30.05,0.134,0,0,0,0
"2026-06-18 07:15:00",247091,56.36864,40.25977,1.534,0.155632,116.3531,9.969009,30.05,0.171,0,0,0,0
"2026-06-18 07:30:00",247092,60.97618,35.62889,1.534,0.2126238,122.6494,5.330665,30.05,0.212,0,0,0,0
"2026-06-18 07:45:00",247093,62.83486,36.10106,3.507,1.57897,292.9156,9.834327,30.05,0.253,0,0,0,0
"2026-06-18 08:00:00",247094,62.19885,36.86523,5.042,2.038316,265.5447,21.78199,30.05,0.293,0,0,0,0
"2026-06-18 08:15:00",247095,59.40076,43.07597,10.3,4.275618,208.0216,22.30693,30.06,0.342,0,0,0,0
"2026-06-18 08:30:00",247096,59.16551,41.05529,9.86,3.282392,211.4747,26.17897,30.06,0.387,0,0,0,0
"2026-06-18 08:45:00",247097,62.37976,36.37244,3.507,0.5674829,258.3942,46.68216,30.06,0.434,0,0,0,0
"2026-06-18 09:00:00",247098,65.2579,32.27155,3.288,0.7589173,8.444159,23.53665,30.06,0.48,0,0,0,0
"2026-06-18 09:15:00",247099,67.44283,26.89371,4.384,1.468883,343.5707,33.84599,30.06,0.524,0,0,0,0
"2026-06-18 09:30:00",247100,69.38051,24.50751,3.507,0.6744043,312.5963,36.99448,30.05,0.502,0,0,0,0
"2026-06-18 09:45:00",247101,71.51746,23.47458,3.726,0.7126421,298.1649,47.73352,30.05,0.613,0,0,0,0
"2026-06-18 10:00:00",247102,73.94227,22.45916,5.261,1.737768,227.3513,32.47525,30.05,0.654,0,0,0,0
"2026-06-18 10:15:00",247103,75.46276,22.53543,7.672,3.180586,216.1542,29.5661,30.05,0.69,0,0,0,0
"2026-06-18 10:30:00",247104,76.13031,22.49921,7.891,3.673059,219.0319,25.45232,30.05,0.721,0,0,0,0
"2026-06-18 10:45:00",247105,78.11204,19.64809,9.86,3.721289,214.9015,29.23078,30.05,0.759,0,0,0,0
"2026-06-18 11:00:00",247106,80.09458,15.53571,8.11,2.965527,208.0923,40.81296,30.05,0.789,0,0,0,0
"2026-06-18 11:15:00",247107,80.95001,10.67301,6.576,1.763584,124.918,54.62161,30.05,0.829,0,0,0,0
"2026-06-18 11:30:00",247108,82.89165,9.56571,7.672,3.646512,267.9454,36.61741,30.05,0.855,0,0,0,0
"2026-06-18 11:45:00",247109,84.05981,9.711291,10.96,3.359115,232.9175,64.4976,30.05,0.879,0,0,0,0
"2026-06-18 12:00:00",247110,83.89748,9.536125,10.08,3.193259,213.2183,38.15018,30.05,0.898,0,0,0,0
"2026-06-18 12:15:00",247111,84.05329,9.786837,8.55,2.645744,276.5602,68.14885,30.05,0.907,0,0,0,0
"2026-06-18 12:30:00",247112,84.36519,9.451221,10.08,2.752418,164.7404,48.0943,30.05,0.925,0,0,0,0
"2026-06-18 12:45:00",247113,85.49353,9.041795,10.3,4.396661,250.2556,38.31878,30.05,0.866,0,0,0,0
"2026-06-18 13:00:00",247114,85.30824,8.541577,10.74,3.018625,164.644,65.58356,30.04,0.952,0,0,0,0
"2026-06-18 13:15:00",247115,85.86819,7.976531,6.138,2.344952,73.8875,77.31699,30.04,0.971,0,0,0,0
"2026-06-18 13:30:00",247116,87.07302,7.729743,10.96,2.517145,246.1102,86.953,30.03,0.973,0,0,0,0
"2026-06-18 13:45:00",247117,87.87656,7.63133,9.64,3.241234,260.3834,50.0076,30.03,0.965,0,0,0,0
"2026-06-18 14:00:00",247118,87.06718,7.615481,11.4,3.48796,119.4675,69.99307,30.02,0.958,0,0,0,0
"2026-06-18 14:15:00",247119,87.60622,7.509068,12.49,3.824307,211.4404,33.94742,30.02,0.965,0,0,0,0
"2026-06-18 14:30:00",247120,90.48915,7.077755,14.03,5.992928,289.7852,23.03075,30.02,0.93,0,0,0,0
"2026-06-18 14:45:00",247121,90.78326,7.15164,13.37,4.555705,308.1958,38.17331,30.02,0.914,0,0,0,0
"2026-06-18 15:00:00",247122,90.7076,7.271261,19.73,8.321552,274.1261,24.01848,30.02,0.91,0,0,0,0
"2026-06-18 15:15:00",247123,90.13473,6.982134,17.1,7.499804,291.6244,26.81091,30.02,0.884,0,0,0,0
"2026-06-18 15:30:00",247124,90.03896,6.687649,14.91,7.420416,264.7032,25.44145,30.02,0.865,0,0,0,0
"2026-06-18 15:45:00",247125,89.86535,6.466069,12.49,5.742063,254.3169,37.65837,30.01,0.836,0,0,0,0
"2026-06-18 16:00:00",247126,90.22044,6.10849,16.66,6.02045,264.1696,35.36611,30.01,0.808,0,0,0,0
"2026-06-18 16:15:00",247127,89.74458,5.831816,12.93,4.996052,263.8289,33.58566,30.01,0.773,0,0,0,0
"2026-06-18 16:30:00",247128,90.02619,5.986077,11.62,5.441761,237.8059,35.56281,30.01,0.736,0,0,0,0
"2026-06-18 16:45:00",247129,90.60843,5.695894,13.15,4.933463,275.3039,33.70383,30,0.652,0,0,0,0
"2026-06-18 17:00:00",247130,90.31174,5.472352,12.93,6.130292,265.5555,24.33665,30,0.657,0,0,0,0
"2026-06-18 17:15:00",247131,90.35344,5.628348,14.25,6.406,296.0268,28.37264,30,0.617,0,0,0,0
"2026-06-18 17:30:00",247132,90.03719,5.421257,10.96,5.103221,282.9412,33.91534,29.99,0.578,0,0,0,0
"2026-06-18 17:45:00",247133,89.92797,5.542086,10.08,5.160944,262.6952,29.73056,29.99,0.532,0,0,0,0
"2026-06-18 18:00:00",247134,89.88422,5.602688,14.47,5.80807,282.188,23.28139,29.99,0.49,0,0,0,0
"2026-06-18 18:15:00",247135,89.77908,5.54669,12.93,4.47874,275.3273,32.23816,29.99,0.446,0,0,0,0
"2026-06-18 18:30:00",247136,90.00636,5.577934,12.06,5.127573,284.5396,25.74034,29.98,0.408,0,0,0,0
"2026-06-18 18:45:00",247137,89.16682,5.680498,13.59,7.124979,273.0931,17.93076,29.98,0.35,0,0,0,0
"2026-06-18 19:00:00",247138,88.74597,5.818911,10.96,6.228686,270.8057,20.33382,29.98,0.303,0,0,0,0
"2026-06-18 19:15:00",247139,88.24429,6.220111,11.84,5.979289,275.626,18.38907,29.98,0.232,0,0,0,0
"2026-06-18 19:30:00",247140,86.95022,5.972945,9.43,3.994066,263.5557,20.56431,29.98,0.209,0,0,0,0
"2026-06-18 19:45:00",247141,85.96642,7.251488,9.86,4.550835,267.3108,19.59286,29.98,0.068,0,0,0,0
"2026-06-18 20:00:00",247142,85.22809,7.249375,6.795,3.467256,268.0225,20.4511,29.99,0.153,0,0,0,0
"2026-06-18 20:15:00",247143,85.20717,7.474654,6.795,2.60434,257.2632,21.40658,29.99,0.108,0,0,0,0
"2026-06-18 20:30:00",247144,83.41711,9.022927,4.165,1.89608,218.0892,29.45835,29.99,0.06,0,0,0,0
"2026-06-18 20:45:00",247145,81.11723,10.88033,4.165,0.9929745,176.4374,16.43786,29.99,0.014,0,0,0,0
"2026-06-18 21:00:00",247146,79.14243,11.28002,1.754,0.6213081,112.8984,8.004463,29.99,0.005,0,0,0,0
"2026-06-18 21:15:00",247147,77.72352,9.991211,4.165,2.493282,121.7695,11.23036,29.99,0,0,0,0,0
"2026-06-18 21:30:00",247148,75.31522,11.58439,5.261,2.506913,125.3836,16.9816,29.99,0,0,0,0,0
"2026-06-18 21:45:00",247149,74.72195,10.13723,5.699,2.260679,105.8777,15.37494,30,0,0,0,0,0
"2026-06-18 22:00:00",247150,73.78194,10.22768,7.672,3.104601,101.9488,17.38205,30,0,0,0,0,0
"2026-06-18 22:15:00",247151,73.50826,9.716759,8.33,3.764392,103.2971,16.82441,30,0,0,0,0,0
"2026-06-18 22:30:00",247152,73.14781,9.357562,8.55,5.090556,109.0345,14.62437,30,0,0,0,0,0
"2026-06-18 22:45:00",247153,72.82978,9.150715,7.672,3.887386,94.22041,40.76589,30.01,0,0,0,0,0
"2026-06-18 23:00:00",247154,69.34364,10.21509,4.384,0.5143887,330.2325,39.63821,30.01,0,0,0,0,0
"2026-06-18 23:15:00",247155,68.17467,11.45488,6.795,2.13939,231.6646,12.99363,30.01,0,0,0,0,0
"2026-06-18 23:30:00",247156,68.2933,12.39696,3.069,1.443308,61.0004,32.17417,30.02,0,0,0,0,0
"2026-06-18 23:45:00",247157,67.11423,13.51058,4.822,1.832024,59.34331,29.22968,30.02,0,0,0,0,0
"2026-06-19 00:00:00",247158,66.80972,12.97889,7.891,4.100986,79.86907,12.19383,30.02,0,0,0,0,0
"2026-06-19 00:15:00",247159,66.09405,13.27796,5.918,2.492783,79.68369,19.71908,30.02,0,0,0,0,0
"2026-06-19 00:30:00",247160,64.81914,16.2886,3.507,2.088485,121.7369,10.44438,30.02,0,0,0,0,0
"2026-06-19 00:45:00",247161,63.37368,17.5593,2.63,1.068232,184.8434,51.14622,30.03,0,0,0,0,0
"2026-06-19 01:00:00",247162,61.25165,21.44441,1.973,0.5428838,358.6872,26.81383,30.03,0,0,0,0,0
"2026-06-19 01:15:00",247163,58.01308,25.13319,1.096,0.1134969,357.7451,19.53695,30.03,0,0,0,0,0
"2026-06-19 01:30:00",247164,58.20348,25.847,2.63,0.6490747,157.5396,49.27224,30.03,0,0,0,0,0
"2026-06-19 01:45:00",247165,57.80877,25.47699,4.165,1.280614,98.20481,41.77938,30.04,0,0,0,0,0
"2026-06-19 02:00:00",247166,57.81816,25.1306,2.63,0.4990442,44.44003,51.17683,30.04,0,0,0,0,0
"2026-06-19 02:15:00",247167,58.45554,24.36848,3.288,0.4866234,156.5384,22.54882,30.04,0,0,0,0,0
"2026-06-19 02:30:00",247168,57.9681,23.6102,3.069,1.021958,104.4818,19.5865,30.04,0,0,0,0,0
"2026-06-19 02:45:00",247169,56.79929,25.94102,3.288,0.6770824,115.7593,18.5633,30.04,0,0,0,0,0
"2026-06-19 03:00:00",247170,56.83544,25.93218,1.973,0.2637703,109.9695,6.755224,30.04,0,0,0,0,0
"2026-06-19 03:15:00",247171,56.18142,27.0072,0.658,0.02947023,194.4552,1.71712,30.04,0,0,0,0,0
"2026-06-19 03:30:00",247172,55.66535,26.8555,2.192,0.7713385,122.5431,15.25393,30.04,0,0,0,0,0
"2026-06-19 03:45:00",247173,55.70938,25.94879,2.85,0.9586329,142.3478,21.24109,30.05,0,0,0,0,0
"2026-06-19 04:00:00",247174,54.69926,27.38708,0.438,0.003653333,183.4918,3.764745,30.05,0,0,0,0,0
"2026-06-19 04:15:00",247175,54.50109,28.82017,3.288,0.7430866,149.0537,20.22136,30.05,0,0,0,0,0
"2026-06-19 04:30:00",247176,53.56789,29.27057,2.63,0.5141445,205.1884,20.57231,30.05,0,0,0,0,0
"2026-06-19 04:45:00",247177,53.25352,29.66322,4.603,0.801783,120.5977,22.06041,30.06,0,0,0,0,0
"2026-06-19 05:00:00",247178,53.06977,30.16188,2.63,0.6407935,113.5657,11.27123,30.06,0,0,0,0,0
"2026-06-19 05:15:00",247179,52.62841,29.69322,1.534,0.1877812,111.2765,7.889076,30.07,0,0,0,0,0
"2026-06-19 05:30:00",247180,52.57101,30.51445,1.973,0.3519374,120.6215,5.504284,30.07,0,0,0,0,0
"2026-06-19 05:45:00",247181,51.31153,32.3909,2.192,0.2347872,25.20122,14.08811,30.07,0,0,0,0,0
"2026-06-19 06:00:00",247182,50.85348,31.08348,2.85,0.895065,31.79175,27.9755,30.07,0.003,0,0,0,0
"2026-06-19 06:15:00",247183,49.49997,34.0423,2.411,0.4403472,21.73079,23.21332,30.07,0.006,0,0,0,0
"2026-06-19 06:30:00",247184,49.37294,34.88454,2.85,0.802514,82.56686,23.8898,30.07,0.011,0,0,0,0
"2026-06-19 06:45:00",247185,51.51012,31.43293,3.288,0.72896,133.1028,7.056704,30.07,0.02,0,0,0,0
"2026-06-19 07:00:00",247186,51.23525,33.40448,3.507,1.588949,279.0396,6.972947,30.08,0.043,0,0,0,0
"2026-06-19 07:15:00",247187,50.97427,30.93167,2.192,0.3918801,290.7803,10.29546,30.08,0.033,0,0,0,0
"2026-06-19 07:30:00",247188,51.56846,32.46644,3.726,1.187332,114.5688,30.47375,30.09,0.047,0,0,0,0
"2026-06-19 07:45:00",247189,53.08773,30.70161,2.192,0.3382979,140.7668,7.147583,30.08,0.186,0,0,0,0
"2026-06-19 08:00:00",247190,55.8143,30.14372,2.192,0.6824417,110.8691,8.194001,30.08,0.098,0,0,0,0
"2026-06-19 08:15:00",247191,58.56219,27.97547,3.069,0.9547362,113.6275,16.9933,30.08,0.363,0,0,0,0
"2026-06-19 08:30:00",247192,63.57373,21.15607,1.754,0.2603606,242.0731,35.99965,30.08,0.409,0,0,0,0
"2026-06-19 08:45:00",247193,65.54443,24.96152,4.165,1.841763,285.9947,15.68125,30.08,0.485,0,0,0,0
"2026-06-19 09:00:00",247194,66.80495,23.76821,2.411,0.4812649,300.1016,14.57967,30.08,0.449,0,0,0,0
"2026-06-19 09:15:00",247195,68.55666,21.72008,2.63,1.011729,292.3707,19.49241,30.07,0.413,0,0,0,0
"2026-06-19 09:30:00",247196,70.36658,18.3469,2.63,0.3692295,303.1908,17.63822,30.07,0.544,0,0,0,0
"2026-06-19 09:45:00",247197,72.34383,17.19621,3.288,0.8619411,340.4713,32.67387,30.07,0.602,0,0,0,0
"2026-06-19 10:00:00",247198,74.06709,16.40402,1.973,0.4030835,14.84382,20.47566,30.07,0.689,0,0,0,0
"2026-06-19 10:15:00",247199,77.03274,15.77005,3.069,0.2849596,211.351,24.71505,30.06,0.78,0,0,0,0
"2026-06-19 10:30:00",247200,79.5948,14.90252,5.699,0.9323298,218.4597,67.84451,30.05,0.771,0,0,0,0
"2026-06-19 10:45:00",247201,81.56988,15.34221,8.33,3.245376,193.9186,37.43739,30.05,0.489,0,0,0,0
"2026-06-19 11:00:00",247202,80.8484,17.01425,7.453,3.03324,203.6478,28.03202,30.05,0.807,0,0,0,0
"2026-06-19 11:15:00",247203,82.24951,17.32126,7.453,3.380791,218.6504,27.00986,30.05,0.805,0,0,0,0
"2026-06-19 11:30:00",247204,83.76026,16.67727,8.33,3.327456,207.3892,37.54787,30.05,0.821,0,0,0,0
"2026-06-19 11:45:00",247205,85.81779,14.45679,12.93,4.098309,185.3548,41.44486,30.05,0.838,0,0,0,0
"2026-06-19 12:00:00",247206,86.27098,14.51052,13.59,5.433975,180.6371,35.5246,30.05,0.882,0,0,0,0
"2026-06-19 12:15:00",247207,87.16444,14.19913,10.74,4.326033,187.0418,40.91776,30.04,0.889,0,0,0,0
"2026-06-19 12:30:00",247208,87.84083,13.80201,10.96,3.977748,187.9094,34.68762,30.04,0.907,0,0,0,0
"2026-06-19 12:45:00",247209,89.38526,13.65265,9.43,3.143811,209.3016,27.59595,30.03,0.454,0,0,0,0
"2026-06-19 13:00:00",247210,88.99022,13.84684,9.21,2.705662,156.3761,33.45423,30.03,0.993,0,0,0,0
"2026-06-19 13:15:00",247211,89.36543,13.4836,10.52,3.443145,176.8901,38.90538,30.02,1.048,0,0,0,0
"2026-06-19 13:30:00",247212,90.38998,13.7602,10.52,3.263401,181.3087,48.79965,30.01,1.093,0,0,0,0
"2026-06-19 13:45:00",247213,89.99481,13.76382,11.4,5.320469,145.999,29.22645,30.01,0.565,0,0,0,0
"2026-06-19 14:00:00",247214,89.52261,13.95823,14.69,5.439325,165.3065,39.28113,30.01,0.54,0,0,0,0
"2026-06-19 14:15:00",247215,88.86375,14.23506,11.84,5.693843,143.1806,26.35988,30,0.516,0,0,0,0
"2026-06-19 14:30:00",247216,90.20551,13.69484,9.43,3.458242,157.0375,55.05545,29.99,0.383,0,0,0,0
"2026-06-19 14:45:00",247217,91.27529,13.35402,10.74,3.770973,182.6301,57.20613,29.99,1.098,0,0,0,0
"2026-06-19 15:00:00",247218,91.58869,13.26307,10.08,4.028893,152.3665,34.42971,29.98,0.316,0,0,0,0
"2026-06-19 15:15:00",247219,91.30042,13.40262,9.64,3.326721,174.9503,50.89162,29.98,0.669,0,0,0,0
"2026-06-19 15:30:00",247220,91.76516,13.11055,10.3,3.05784,191.6257,45.71258,29.97,1.003,0,0,0,0
"2026-06-19 15:45:00",247221,91.41685,13.23123,9.64,2.748521,229.8947,49.30191,29.97,0.474,0,0,0,0
"2026-06-19 16:00:00",247222,92.96821,12.75727,6.357,1.943083,265.9836,48.98304,29.96,0.63,0,0,0,0
"2026-06-19 16:15:00",247223,92.71744,12.82889,7.453,3.047364,222.6853,41.57522,29.96,0.294,0,0,0,0
"2026-06-19 16:30:00",247224,90.99382,13.38579,7.672,2.875661,276.2225,31.25301,29.95,0.911,0,0,0,0
"2026-06-19 16:45:00",247225,93.02337,13.20896,10.96,4.177222,216.5017,35.82669,29.95,0.214,0,0,0,0
"2026-06-19 17:00:00",247226,90.82483,13.92374,8.33,3.989191,205.6083,44.14075,29.94,0.151,0,0,0,0
"2026-06-19 17:15:00",247227,89.72841,14.20804,9.21,2.87712,167.468,29.30548,29.94,0.156,0,0,0,0
"2026-06-19 17:30:00",247228,89.5332,15.07806,13.59,4.837012,141.963,30.00391,29.94,0.168,0,0,0,0
"2026-06-19 17:45:00",247229,89.28378,15.60612,17.54,5.392315,166.7301,35.73824,29.94,0.152,0,0,0,0
"2026-06-19 18:00:00",247230,89.19114,16.05019,8.77,3.193254,192.7377,36.47453,29.93,0.162,0,0,0,0
"2026-06-19 18:15:00",247231,89.1152,15.70114,10.74,4.174298,188.3658,37.0876,29.93,0.136,0,0,0,0
"2026-06-19 18:30:00",247232,88.8825,15.86205,9.86,3.925873,178.9984,28.4263,29.93,0.115,0,0,0,0
"2026-06-19 18:45:00",247233,88.3914,16.20498,8.77,3.501107,193.1724,26.89741,29.93,0.092,0,0,0,0
"2026-06-19 19:00:00",247234,88.05777,16.33585,6.576,2.371011,177.3261,27.13446,29.92,0.066,0,0,0,0
"2026-06-19 19:15:00",247235,87.24161,18.33445,6.357,1.828856,210.7437,26.93455,29.92,0.077,0,0,0,0
"2026-06-19 19:30:00",247236,86.36839,19.24191,7.234,3.361308,209.3532,27.37877,29.92,0.053,0,0,0,0
"2026-06-19 19:45:00",247237,85.5499,20.20808,6.357,2.499852,187.263,26.53226,29.93,0.047,0,0,0,0
"2026-06-19 20:00:00",247238,84.82394,20.5209,5.699,1.993499,152.338,23.3493,29.93,0.029,0,0,0,0
"2026-06-19 20:15:00",247239,85.04958,18.84448,7.014,3.22784,139.7183,15.61141,29.93,0.016,0,0,0,0
"2026-06-19 20:30:00",247240,85.19888,18.12887,6.795,2.683982,139.455,17.89485,29.93,0.026,0,0,0,0
"2026-06-19 20:45:00",247241,84.94145,18.14117,4.384,1.277205,97.89551,29.54477,29.92,0.004,0,0,0,0
"2026-06-19 21:00:00",247242,84.16644,19.00659,7.014,3.919046,81.5639,23.33282,29.92,0.001,0,0,0,0
"2026-06-19 21:15:00",247243,83.57986,19.13459,8.77,3.797757,107.3859,18.53087,29.92,0,0,0,0,0
"2026-06-19 21:30:00",247244,83.29865,19.48055,9.64,4.089055,142.5228,50.71332,29.92,0,0,0,0,0
"2026-06-19 21:45:00",247245,82.23376,19.90174,7.453,2.283574,140.6749,32.31085,29.92,0,0,0,0,0
"2026-06-19 22:00:00",247246,81.39341,20.81463,4.165,1.380715,121.0959,11.70846,29.92,0,0,0,0,0
"2026-06-19 22:15:00",247247,80.41749,21.051,4.822,2.853493,127.3064,12.77133,29.93,0,0,0,0,0
"2026-06-19 22:30:00",247248,79.27312,22.27045,10.08,2.162771,252.8045,56.23715,29.94,0,0,0,0,0
"2026-06-19 22:45:00",247249,78.34243,24.07299,3.726,1.831783,164.986,10.70379,29.95,0,0,0,0,0
"2026-06-19 23:00:00",247250,78.27818,23.98748,8.11,2.201253,161.9787,19.4884,29.96,0,0,0,0,0
"2026-06-19 23:15:00",247251,77.59812,23.15572,5.918,2.984284,147.0006,21.41289,29.96,0,0,0,0,0
"2026-06-19 23:30:00",247252,78.14328,21.075,5.48,2.210509,145.0983,24.82202,29.96,0,0,0,0,0
"2026-06-19 23:45:00",247253,77.26162,20.37363,5.042,1.726806,175.2846,35.90461,29.97,0,0,0,0,0
"2026-06-20 00:00:00",247254,76.54639,20.08971,6.138,2.740483,141.6178,21.19752,29.97,0,0,0,0,0
"2026-06-20 00:15:00",247255,75.16555,20.80807,6.795,4.227391,127.7147,13.60141,29.97,0,0,0,0,0
"2026-06-20 00:30:00",247256,74.12939,21.32285,5.699,2.044403,136.1179,21.62708,29.97,0,0,0,0,0
"2026-06-20 00:45:00",247257,73.42218,21.62522,7.014,3.424393,118.3132,16.97682,29.97,0,0,0,0,0
"2026-06-20 01:00:00",247258,73.00295,21.76889,5.261,3.159886,135.6134,13.01537,29.97,0,0,0,0,0
"2026-06-20 01:15:00",247259,72.67853,21.79288,6.576,3.942916,136.8587,12.55956,29.97,0,0,0,0,0
"2026-06-20 01:30:00",247260,72.46628,22.02091,6.357,3.332814,136.6477,17.89662,29.97,0,0,0,0,0
"2026-06-20 01:45:00",247261,71.69978,23.03307,4.822,1.674195,116.3169,13.94462,29.97,0,0,0,0,0
"2026-06-20 02:00:00",247262,70.6425,23.71433,5.918,2.393175,113.7436,15.83021,29.98,0,0,0,0,0
"2026-06-20 02:15:00",247263,70.78564,23.65495,7.234,3.643835,125.9611,14.88641,29.98,0,0,0,0,0
"2026-06-20 02:30:00",247264,70.62721,23.95533,6.795,3.266565,138.547,15.75176,29.98,0,0,0,0,0
"2026-06-20 02:45:00",247265,70.32838,23.92905,6.138,3.508657,132.0808,12.58988,29.98,0,0,0,0,0
"2026-06-20 03:00:00",247266,70.00199,23.94129,5.918,3.52936,132.1383,13.48938,29.98,0,0,0,0,0
"2026-06-20 03:15:00",247267,69.26505,24.17649,6.576,3.882027,118.6,12.55004,29.98,0,0,0,0,0
"2026-06-20 03:30:00",247268,68.68133,24.14839,7.014,3.939506,125.4545,12.71323,29.98,0,0,0,0,0
"2026-06-20 03:45:00",247269,68.25394,23.91859,7.891,3.876673,124.8687,13.54331,29.98,0,0,0,0,0
"2026-06-20 04:00:00",247270,66.99862,25.09478,2.63,0.6980284,262.4481,55.02703,29.98,0,0,0,0,0
"2026-06-20 04:15:00",247271,64.7712,27.63022,5.918,2.143043,264.2704,16.00401,29.98,0,0,0,0,0
"2026-06-20 04:30:00",247272,65.50861,26.81959,5.48,1.898754,199.4777,34.18615,29.98,0,0,0,0,0
"2026-06-20 04:45:00",247273,64.34714,28.41083,4.384,2.143536,110.3931,24.66405,29.98,0,0,0,0,0
"2026-06-20 05:00:00",247274,63.03601,29.22357,5.918,3.693511,66.83813,18.11043,29.98,0,0,0,0,0
"2026-06-20 05:15:00",247275,62.68781,28.5923,4.822,2.515198,19.94953,20.82959,29.99,0,0,0,0,0
"2026-06-20 05:30:00",247276,62.92026,27.50474,3.507,0.943046,298.2352,57.44745,29.99,0,0,0,0,0
"2026-06-20 05:45:00",247277,63.36832,27.15376,4.603,1.062631,175.3272,16.4393,29.99,0.001,0,0,0,0
"2026-06-20 06:00:00",247278,64.79916,24.72053,5.918,2.733911,155.4084,32.3881,29.99,0.002,0,0,0,0
"2026-06-20 06:15:00",247279,61.77053,28.42216,3.946,2.073146,129.0922,7.746066,29.99,0.013,0,0,0,0
"2026-06-20 06:30:00",247280,60.5922,29.12141,5.261,2.915359,130.3468,13.14484,29.98,0.026,0,0,0,0
"2026-06-20 06:45:00",247281,62.20701,27.19468,4.165,1.805473,151.1055,10.00751,29.98,0.078,0,0,0,0
"2026-06-20 07:00:00",247282,63.42244,27.22729,2.411,1.079679,139.9334,22.77079,29.99,0.104,0,0,0,0
"2026-06-20 07:15:00",247283,63.20523,30.09279,3.288,1.018548,325.0087,50.16149,29.99,0.153,0,0,0,0
"2026-06-20 07:30:00",247284,62.33685,32.39183,2.85,0.3373236,31.48717,33.19373,29.99,0.19,0,0,0,0
"2026-06-20 07:45:00",247285,64.79779,30.24388,2.411,0.6325124,126.2439,14.21006,29.99,0.219,0,0,0,0
"2026-06-20 08:00:00",247286,67.39175,30.10615,3.507,0.954737,347.2805,59.26426,29.99,0.269,0,0,0,0
"2026-06-20 08:15:00",247287,67.99007,28.12741,2.192,0.4885709,22.13493,58.45507,29.99,0.295,0,0,0,0
"2026-06-20 08:30:00",247288,70.10453,26.49663,1.973,0.4447311,308.6994,25.16139,29.99,0.339,0,0,0,0
"2026-06-20 08:45:00",247289,71.26035,25.28982,7.014,1.403365,239.7816,36.53908,29.99,0.37,0,0,0,0
"2026-06-20 09:00:00",247290,72.79544,23.26862,8.77,2.680083,219.9302,28.61771,29.99,0.456,0,0,0,0
"2026-06-20 09:15:00",247291,75.04913,20.59751,14.25,5.350189,212.356,34.72079,29.99,0.496,0,0,0,0
"2026-06-20 09:30:00",247292,76.21766,18.17098,17.54,7.046792,204.2092,30.01268,29.98,0.546,0,0,0,0
"2026-06-20 09:45:00",247293,76.92637,17.13576,18.19,8.23875,210.3799,27.36502,29.98,0.601,0,0,0,0
"2026-06-20 10:00:00",247294,77.93422,16.88708,16.22,6.752092,216.6611,30.38361,29.98,0.64,0,0,0,0
"2026-06-20 10:15:00",247295,78.87807,16.41215,16.44,6.841474,212.8705,29.76277,29.97,0.676,0,0,0,0
"2026-06-20 10:30:00",247296,79.37011,15.9391,16.44,5.894042,222.3131,29.53295,29.97,0.709,0,0,0,0
"2026-06-20 10:45:00",247297,80.09866,15.57737,12.71,4.86283,203.6485,36.27124,29.97,0.742,0,0,0,0
"2026-06-20 11:00:00",247298,80.54342,15.26598,10.96,4.073949,188.9663,34.49635,29.97,0.772,0,0,0,0
"2026-06-20 11:15:00",247299,81.13245,15.07859,14.91,5.756923,195.3744,36.03593,29.97,0.806,0,0,0,0
"2026-06-20 11:30:00",247300,81.44164,14.88214,14.03,5.332646,193.0794,38.26694,29.97,0.834,0,0,0,0
"2026-06-20 11:45:00",247301,81.40863,14.77588,17.1,6.253781,174.7812,35.36676,29.97,0.858,0,0,0,0
"2026-06-20 12:00:00",247302,82.67798,14.66524,14.91,5.118812,187.5573,35.90162,29.97,0.878,0,0,0,0
"2026-06-20 12:15:00",247303,83.18346,14.20223,15.56,5.302203,205.1464,55.3716,29.97,0.885,0,0,0,0
"2026-06-20 12:30:00",247304,83.13266,14.03461,18.19,5.391831,197.9164,33.83068,29.96,0.903,0,0,0,0
"2026-06-20 12:45:00",247305,83.63094,13.96193,21.92,4.570076,176.4626,42.57476,29.96,0.927,0,0,0,0
"2026-06-20 13:00:00",247306,84.92596,13.60118,14.69,5.483163,193.4695,37.54758,29.96,0.926,0,0,0,0
"2026-06-20 13:15:00",247307,85.10922,13.21621,20.39,4.497254,198.4941,60.67707,29.95,0.953,0,0,0,0
"2026-06-20 13:30:00",247308,85.85719,12.38883,16.66,8.089697,250.7743,30.67027,29.95,0.946,0,0,0,0
"2026-06-20 13:45:00",247309,86.00527,12.38317,15.78,6.233564,216.6608,38.62835,29.95,0.941,0,0,0,0
"2026-06-20 14:00:00",247310,86.36716,12.53562,15.12,5.73841,220.4544,35.54829,29.94,0.953,0,0,0,0
"2026-06-20 14:15:00",247311,87.12193,12.4283,18.85,7.040709,224.0275,37.55588,29.94,0.984,0,0,0,0
"2026-06-20 14:30:00",247312,87.36984,12.0443,19.51,9.565162,262.4946,20.19983,29.94,0.936,0,0,0,0
"2026-06-20 14:45:00",247313,87.66979,11.63986,19.51,10.25368,269.9588,21.53866,29.93,0.902,0,0,0,0
"2026-06-20 15:00:00",247314,87.38805,11.42183,23.02,11.26274,264.764,20.61732,29.93,0.892,0,0,0,0
"2026-06-20 15:15:00",247315,87.75443,11.47737,16.66,7.205106,239.9509,32.75841,29.93,0.917,0,0,0,0
"2026-06-20 15:30:00",247316,88.05669,11.51662,19.95,8.047807,235.3715,37.35308,29.93,0.85,0,0,0,0
"2026-06-20 15:45:00",247317,88.79515,11.4216,19.95,6.51901,227.8164,31.04623,29.93,0.822,0,0,0,0
"2026-06-20 16:00:00",247318,88.19701,11.36281,18.85,7.701954,216.9217,35.49597,29.92,0.804,0,0,0,0
"2026-06-20 16:15:00",247319,88.17895,11.38877,15.56,5.782006,226.1592,35.04838,29.92,0.623,0,0,0,0
"2026-06-20 16:30:00",247320,87.5656,11.53563,17.97,6.262544,217.5572,32.32847,29.91,0.157,0,0,0,0
"2026-06-20 16:45:00",247321,86.46674,11.57443,15.56,5.759598,195.4866,33.34937,29.91,0.802,0,0,0,0
"2026-06-20 17:00:00",247322,89.08721,11.14915,33.54,7.383389,217.9488,50.78506,29.9,0.258,0,0,0,0
"2026-06-20 17:15:00",247323,89.65044,10.89452,19.51,8.479383,246.9206,30.40425,29.9,0.139,0,0,0,0
"2026-06-20 17:30:00",247324,88.18519,10.77935,17.76,7.557043,260.0807,26.64091,29.9,0.125,0,0,0,0
"2026-06-20 17:45:00",247325,86.88188,11.5496,13.59,6.482228,238.6308,28.47334,29.9,0.596,0,0,0,0
"2026-06-20 18:00:00",247326,88.93127,11.01572,18.19,7.17125,235.4693,30.59911,29.9,0.518,0,0,0,0
"2026-06-20 18:15:00",247327,88.3167,10.63799,19.29,7.780386,235.9304,29.63095,29.89,0.088,0,0,0,0
"2026-06-20 18:30:00",247328,86.74617,10.98153,11.18,4.252239,248.7016,23.32743,29.89,0.486,0,0,0,0
"2026-06-20 18:45:00",247329,88.82218,10.79165,12.28,4.765649,214.7011,41.19797,29.89,0.403,0,0,0,0
"2026-06-20 19:00:00",247330,88.39901,10.41249,20.6,7.980095,255.7009,25.17736,29.89,0.35,0,0,0,0
"2026-06-20 19:15:00",247331,88.44968,10.31837,15.12,6.350959,261.9374,23.72492,29.89,0.294,0,0,0,0
"2026-06-20 19:30:00",247332,88.09282,11.00727,10.52,3.644805,214.141,30.52548,29.89,0.243,0,0,0,0
"2026-06-20 19:45:00",247333,86.8448,12.45275,14.69,6.1717,224.2774,26.51294,29.89,0.19,0,0,0,0
"2026-06-20 20:00:00",247334,86.00146,12.80489,14.47,6.833198,206.9921,27.9384,29.89,0.07,0,0,0,0
"2026-06-20 20:15:00",247335,84.97215,12.57841,13.59,5.304155,195.3769,29.38409,29.88,0.031,0,0,0,0
"2026-06-20 20:30:00",247336,83.67441,13.25304,12.06,5.097128,194.5761,29.95915,29.89,0.013,0,0,0,0
"2026-06-20 20:45:00",247337,81.85352,13.96676,14.25,4.421753,199.896,28.11357,29.89,0.004,0,0,0,0
"2026-06-20 21:00:00",247338,80.51625,14.34939,11.4,4.23421,194.3894,27.11058,29.89,0.002,0,0,0,0
"2026-06-20 21:15:00",247339,79.72847,14.53392,9.21,3.153311,192.4794,27.17817,29.9,0,0,0,0,0
"2026-06-20 21:30:00",247340,78.8975,15.04357,7.234,2.518606,221.3254,41.90679,29.9,0,0,0,0,0
"2026-06-20 21:45:00",247341,77.74091,15.73201,4.603,0.8590187,189.0702,34.27711,29.91,0,0,0,0,0
"2026-06-20 22:00:00",247342,77.57109,15.79684,4.822,2.127458,183.2828,17.10558,29.92,0,0,0,0,0
"2026-06-20 22:15:00",247343,77.47614,16.09412,4.822,2.252887,182.7488,27.88353,29.92,0,0,0,0,0
"2026-06-20 22:30:00",247344,77.31204,15.7668,7.234,3.209329,141.0526,31.306,29.92,0,0,0,0,0
"2026-06-20 22:45:00",247345,77.45685,15.2684,10.52,3.502815,229.7439,54.43552,29.93,0,0,0,0,0
"2026-06-20 23:00:00",247346,75.99554,17.32722,11.84,2.295262,349.0416,33.63001,29.93,0,0,0,0,0
"2026-06-20 23:15:00",247347,73.97864,20.15834,6.576,1.74264,59.66789,34.50015,29.94,0,0,0,0,0
"2026-06-20 23:30:00",247348,72.56325,21.52438,11.62,2.835958,309.2999,54.69331,29.96,0,0,0,0,0
"2026-06-20 23:45:00",247349,71.67259,24.54322,17.97,4.81899,10.91943,43.26031,29.97,0,0,0,0,0
"2026-06-21 00:00:00",247350,73.34594,25.37273,10.08,2.177141,14.66993,29.65519,29.97,0,0,0,0,0
"2026-06-21 00:15:00",247351,71.48102,28.7763,10.74,2.084104,28.20687,22.34938,29.97,0,0,0,0,0
"2026-06-21 00:30:00",247352,71.8052,29.59156,10.96,4.340886,39.08172,19.36037,29.97,0,0,0,0,0
"2026-06-21 00:45:00",247353,71.28823,30.26034,8.11,3.667942,37.87382,21.4305,29.97,0,0,0,0,0
"2026-06-21 01:00:00",247354,70.1503,31.5406,8.77,1.672493,12.32958,32.85107,29.98,0,0,0,0,0
"2026-06-21 01:15:00",247355,67.742,34.19003,4.822,2.121854,291.6168,20.29392,29.98,0,0,0,0,0
"2026-06-21 01:30:00",247356,65.50714,36.76253,4.822,1.882679,297.0993,19.22531,29.98,0,0,0,0,0
"2026-06-21 01:45:00",247357,64.76759,38.83725,2.411,0.2213919,99.71747,12.07167,29.98,0,0,0,0,0
"2026-06-21 02:00:00",247358,65.22168,38.30783,3.726,1.621589,121.1714,12.78329,29.98,0,0,0,0,0
"2026-06-21 02:15:00",247359,64.59293,38.40524,4.822,1.737525,263.2405,13.74754,29.98,0,0,0,0,0
"2026-06-21 02:30:00",247360,65.00547,38.25604,4.165,1.529285,245.1743,13.15098,29.98,0,0,0,0,0
"2026-06-21 02:45:00",247361,64.39778,39.34286,6.576,2.686416,104.592,31.66865,29.99,0,0,0,0,0
"2026-06-21 03:00:00",247362,63.64206,38.2868,6.138,3.383225,112.9119,11.84892,29.99,0,0,0,0,0
"2026-06-21 03:15:00",247363,63.29671,38.19138,4.165,1.002961,121.045,9.073065,29.98,0,0,0,0,0
"2026-06-21 03:30:00",247364,63.68177,36.85386,6.576,3.630188,119.9155,14.07234,29.98,0,0,0,0,0
"2026-06-21 03:45:00",247365,63.41887,37.31388,5.918,2.3089,115.7015,13.59836,29.99,0,0,0,0,0
"2026-06-21 04:00:00",247366,62.75101,38.23268,4.384,1.516863,207.2142,36.07679,30,0,0,0,0,0
"2026-06-21 04:15:00",247367,60.60774,42.06962,4.165,0.5623689,20.1057,14.42192,30,0,0,0,0,0
"2026-06-21 04:30:00",247368,57.69102,46.54873,3.726,1.455971,93.40497,18.01912,30,0,0,0,0,0
"2026-06-21 04:45:00",247369,58.01934,45.85432,4.822,2.531034,105.7266,18.50261,30,0,0,0,0,0
"2026-06-21 05:00:00",247370,58.75969,44.75457,4.822,1.805963,89.98447,13.00705,30,0,0,0,0,0
"2026-06-21 05:15:00",247371,59.21683,43.81306,5.261,1.550716,100.346,20.49622,30,0,0,0,0,0
"2026-06-21 05:30:00",247372,57.5598,46.16151,3.946,1.180512,340.7381,21.26605,30.01,0,0,0,0,0
"2026-06-21 05:45:00",247373,53.90267,51.79076,2.192,0.6132717,24.81833,17.69913,30.01,0.001,0,0,0,0
"2026-06-21 06:00:00",247374,53.36665,52.70608,3.726,1.703911,53.16452,22.54624,30.02,0.003,0,0,0,0
"2026-06-21 06:15:00",247375,55.03357,50.22467,3.288,1.961347,102.2573,20.9476,30.02,0.009,0,0,0,0
"2026-06-21 06:30:00",247376,55.75301,49.47398,4.603,2.65135,115.4896,13.24837,30.03,0.02,0,0,0,0
"2026-06-21 06:45:00",247377,56.4644,49.03633,2.411,0.3667933,100.5811,12.57079,30.03,0.07,0,0,0,0
"2026-06-21 07:00:00",247378,57.77856,47.79301,1.754,0.3660631,141.0117,29.64598,30.03,0.105,0,0,0,0
"2026-06-21 07:15:00",247379,58.44942,46.99103,5.261,2.496929,275.2213,17.75302,30.03,0.143,0,0,0,0
"2026-06-21 07:30:00",247380,59.12804,44.57574,2.192,0.2172512,278.5293,29.3756,30.03,0.184,0,0,0,0
"2026-06-21 07:45:00",247381,61.4449,42.25064,3.507,0.5762517,148.572,54.6315,30.04,0.221,0,0,0,0
"2026-06-21 08:00:00",247382,62.18622,41.87633,3.069,1.473508,284.8123,20.20367,30.04,0.262,0,0,0,0
"2026-06-21 08:15:00",247383,63.12753,41.25343,2.85,0.7433291,300.3077,16.47774,30.04,0.304,0,0,0,0
"2026-06-21 08:30:00",247384,63.58154,40.74524,2.63,0.6064518,292.8239,20.44755,30.04,0.348,0,0,0,0
"2026-06-21 08:45:00",247385,65.54591,37.15703,1.973,0.3378108,274.0769,17.32631,30.04,0.397,0,0,0,0
"2026-06-21 09:00:00",247386,67.45976,34.98895,4.165,1.191472,259.4581,19.92431,30.04,0.444,0,0,0,0
"2026-06-21 09:15:00",247387,69.08599,32.98205,4.603,1.699286,241.8062,35.18199,30.04,0.479,0,0,0,0
"2026-06-21 09:30:00",247388,70.29844,31.96304,4.165,1.863931,273.9281,33.38683,30.04,0.523,0,0,0,0
"2026-06-21 09:45:00",247389,71.27258,31.01912,3.288,1.064824,306.6844,20.9037,30.04,0.562,0,0,0,0
"2026-06-21 10:00:00",247390,72.01973,30.64804,4.384,0.7357805,268.4724,41.91663,30.04,0.601,0,0,0,0
"2026-06-21 10:15:00",247391,73.06873,29.64949,5.699,1.888284,145.741,44.95776,30.03,0.648,0,0,0,0
"2026-06-21 10:30:00",247392,74.22642,28.73184,4.603,1.12693,234.6462,50.47991,30.03,0.685,0,0,0,0
"2026-06-21 10:45:00",247393,75.03239,28.1634,5.261,2.245578,119.4606,31.56257,30.03,0.719,0,0,0,0
"2026-06-21 11:00:00",247394,75.08048,27.90484,5.48,1.720956,128.0295,38.65027,30.03,0.747,0,0,0,0
"2026-06-21 11:15:00",247395,77.0523,26.36162,5.48,1.896322,188.0625,63.31367,30.03,0.781,0,0,0,0
"2026-06-21 11:30:00",247396,77.67787,24.01254,5.48,1.226787,133.2534,24.23376,30.03,0.807,0,0,0,0
"2026-06-21 11:45:00",247397,78.40642,22.65686,6.138,2.258001,187.0163,38.43661,30.03,0.835,0,0,0,0
"2026-06-21 12:00:00",247398,79.51424,23.06214,8.33,3.250733,138.5014,24.91176,30.03,0.857,0,0,0,0
"2026-06-21 12:15:00",247399,80.34019,22.2611,8.33,1.750431,87.82624,53.69638,30.02,0.861,0,0,0,0
"2026-06-21 12:30:00",247400,80.32797,21.95574,9.86,5.321941,49.58997,25.6224,30.02,0.873,0,0,0,0
"2026-06-21 12:45:00",247401,81.50575,21.55432,8.99,2.900015,314.7049,97.09688,30.02,0.91,0,0,0,0
"2026-06-21 13:00:00",247402,82.03895,21.1055,9.86,3.121896,159.5157,59.26621,30.01,0.912,0,0,0,0
"2026-06-21 13:15:00",247403,81.92715,20.83886,5.48,1.650085,177.9765,78.9536,30.01,0.927,0,0,0,0
"2026-06-21 13:30:00",247404,82.92345,20.20528,8.99,2.85739,205.7231,48.12847,30,0.949,0,0,0,0
"2026-06-21 13:45:00",247405,83.79803,19.50741,9.86,3.63336,181.6381,70.19446,30,0.936,0,0,0,0
"2026-06-21 14:00:00",247406,84.42062,18.59362,8.11,2.361512,229.2056,54.41391,29.99,0.949,0,0,0,0
"2026-06-21 14:15:00",247407,85.08654,17.76888,9.86,3.462385,225.0935,41.70308,29.99,0.238,0,0,0,0
"2026-06-21 14:30:00",247408,85.01861,17.8879,10.74,4.187695,182.178,66.0262,29.99,0.917,0,0,0,0
"2026-06-21 14:45:00",247409,84.83481,17.16655,12.49,4.63316,166.1239,79.78889,29.98,0.163,0,0,0,0
"2026-06-21 15:00:00",247410,84.73972,16.96127,7.014,1.853943,244.0161,60.42624,29.98,0.519,0,0,0,0
"2026-06-21 15:15:00",247411,85.44109,16.65675,9.21,2.390249,201.8627,80.56811,29.98,0.955,0,0,0,0
"2026-06-21 15:30:00",247412,87.80319,15.97563,8.11,2.553678,328.6625,51.49336,29.97,0.191,0,0,0,0
"2026-06-21 15:45:00",247413,86.71152,15.97895,9.21,3.89202,32.3699,37.72057,29.97,0.83,0,0,0,0
"2026-06-21 16:00:00",247414,86.98199,14.20638,16.66,6.859738,299.5771,55.56554,29.97,0.784,0,0,0,0
"2026-06-21 16:15:00",247415,88.25475,12.6458,12.06,3.084873,286.0278,70.77087,29.96,0.75,0,0,0,0
"2026-06-21 16:30:00",247416,87.98455,12.68792,16,4.336506,306.4723,37.69057,29.96,0.726,0,0,0,0
"2026-06-21 16:45:00",247417,88.46762,12.64709,15.12,7.334666,280.3235,27.26333,29.96,0.664,0,0,0,0
"2026-06-21 17:00:00",247418,88.34834,12.88874,16.66,7.709994,305.8879,25.93185,29.95,0.626,0,0,0,0
"2026-06-21 17:15:00",247419,88.02408,12.80535,13.81,4.391309,310.8638,36.96456,29.95,0.588,0,0,0,0
"2026-06-21 17:30:00",247420,87.75782,12.93621,13.37,4.288767,322.3456,51.19053,29.95,0.542,0,0,0,0
"2026-06-21 17:45:00",247421,87.87832,13.18821,11.62,4.372553,321.5124,31.64855,29.95,0.498,0,0,0,0
"2026-06-21 18:00:00",247422,87.8233,12.80723,15.56,7.324444,298.8424,22.84908,29.95,0.461,0,0,0,0
"2026-06-21 18:15:00",247423,87.28467,12.53048,8.77,3.447523,226.7505,51.88094,29.95,0.411,0,0,0,0
"2026-06-21 18:30:00",247424,87.259,12.8652,14.03,5.521645,276.2813,30.58088,29.94,0.372,0,0,0,0
"2026-06-21 18:45:00",247425,86.56413,12.5529,12.71,5.757894,282.1898,23.23198,29.94,0.317,0,0,0,0
"2026-06-21 19:00:00",247426,86.25481,12.46784,13.59,6.528754,292.3214,24.13235,29.95,0.271,0,0,0,0
"2026-06-21 19:15:00",247427,85.79443,12.41267,13.81,6.012413,293.7151,26.32607,29.95,0.229,0,0,0,0
"2026-06-21 19:30:00",247428,85.11642,12.77591,13.59,6.090355,289.9429,22.30916,29.95,0.187,0,0,0,0
"2026-06-21 19:45:00",247429,84.71934,12.99666,10.74,5.357488,292.3718,17.485,29.96,0.147,0,0,0,0
"2026-06-21 20:00:00",247430,83.44672,16.28672,6.576,2.145968,328.2037,25.37799,29.96,0.11,0,0,0,0
"2026-06-21 20:15:00",247431,81.94346,18.29144,6.357,1.150068,339.2418,21.97077,29.96,0.085,0,0,0,0
"2026-06-21 20:30:00",247432,79.95887,19.32311,2.63,0.4060063,20.0558,17.44397,29.97,0.045,0,0,0,0
"2026-06-21 20:45:00",247433,78.55204,19.68069,2.85,0.9077291,52.73382,10.50272,29.96,0.01,0,0,0,0
"2026-06-21 21:00:00",247434,76.93955,19.85729,1.534,0.0944996,70.09801,3.336579,29.97,0.002,0,0,0,0
"2026-06-21 21:15:00",247435,75.78036,21.56813,1.973,0.472984,97.13983,7.458456,29.97,0,0,0,0,0
"2026-06-21 21:30:00",247436,74.12412,22.00563,4.165,1.453293,86.06366,25.59439,29.98,0,0,0,0,0
"2026-06-21 21:45:00",247437,72.48933,22.04302,4.165,1.04948,79.42293,27.92134,29.98,0,0,0,0,0
"2026-06-21 22:00:00",247438,71.78377,23.53263,4.165,0.5694321,50.33001,52.42764,29.99,0,0,0,0,0
"2026-06-21 22:15:00",247439,71.51678,24.86673,3.726,1.650087,200.6638,48.88739,29.99,0,0,0,0,0
"2026-06-21 22:30:00",247440,70.60419,25.58341,5.042,1.851266,281.0612,43.65331,29.99,0,0,0,0,0
"2026-06-21 22:45:00",247441,69.12878,28.31861,5.918,1.281832,354.7328,33.28284,30,0,0,0,0,0
"2026-06-21 23:00:00",247442,69.22027,27.7582,5.918,2.357858,62.50052,27.98502,29.99,0,0,0,0,0
"2026-06-21 23:15:00",247443,69.35203,26.8323,3.726,1.313004,91.33605,30.69378,29.99,0,0,0,0,0
"2026-06-21 23:30:00",247444,69.06906,27.37569,1.973,0.5733278,183.5215,21.38048,30,0,0,0,0,0
"2026-06-21 23:45:00",247445,68.51627,27.68561,5.918,1.214123,121.3993,24.58856,29.99,0,0,0,0,0
"2026-06-22 00:00:00",247446,66.59548,28.16515,4.822,1.089423,152.4335,37.39133,29.99,0,0,0,0,0
"2026-06-22 00:15:00",247447,65.56776,31.79502,5.48,1.283778,199.1174,44.5588,30,0,0,0,0,0
"2026-06-22 00:30:00",247448,64.39479,33.45503,3.069,1.076514,127.2999,22.46771,29.99,0,0,0,0,0
"2026-06-22 00:45:00",247449,64.15778,29.59319,2.63,0.5326549,121.9536,19.03261,29.99,0,0,0,0,0
"2026-06-22 01:00:00",247450,63.29417,31.18688,1.534,0.3650888,212.5304,10.11312,30,0,0,0,0,0
"2026-06-22 01:15:00",247451,62.21509,33.12336,3.288,1.801084,50.67883,16.36831,30,0,0,0,0,0
"2026-06-22 01:30:00",247452,61.4903,32.83414,3.288,1.27842,107.5961,19.47999,30,0,0,0,0,0
"2026-06-22 01:45:00",247453,61.27303,33.63549,1.754,0.680492,84.65376,23.54264,30,0,0,0,0,0
"2026-06-22 02:00:00",247454,60.98723,34.68855,1.534,0.1159325,126.3016,2.151248,30,0,0,0,0,0
"2026-06-22 02:15:00",247455,60.39421,34.29635,1.315,0.2308902,116.3916,7.134921,30,0,0,0,0,0
"2026-06-22 02:30:00",247456,59.53006,36.07224,2.63,0.2433119,343.9073,16.49928,30.01,0,0,0,0,0
"2026-06-22 02:45:00",247457,59.53727,36.20292,4.822,0.5672409,114.4555,11.37406,30.01,0,0,0,0,0
"2026-06-22 03:00:00",247458,59.25781,35.18856,5.261,1.972063,141.1701,29.10939,30.01,0,0,0,0,0
"2026-06-22 03:15:00",247459,58.40936,38.2467,5.042,2.245826,283.726,11.26015,30.02,0,0,0,0,0
"2026-06-22 03:30:00",247460,57.05254,41.06264,1.754,0.2744869,76.44861,14.83179,30.02,0,0,0,0,0
"2026-06-22 03:45:00",247461,57.71608,41.0476,3.069,0.8616968,98.73489,10.95133,30.02,0,0,0,0,0
"2026-06-22 04:00:00",247462,57.96444,40.01297,2.411,0.3616793,235.8486,11.89515,30.03,0,0,0,0,0
"2026-06-22 04:15:00",247463,58.53323,40.14821,3.288,0.8064109,29.86154,30.82278,30.03,0,0,0,0,0
"2026-06-22 04:30:00",247464,55.87745,43.69428,3.946,1.878782,56.42721,29.23427,30.03,0,0,0,0,0
"2026-06-22 04:45:00",247465,55.30273,43.66416,4.384,1.034621,326.005,37.2017,30.03,0,0,0,0,0
"2026-06-22 05:00:00",247466,55.57372,41.72842,1.973,0.6008509,78.55147,13.04752,30.03,0,0,0,0,0
"2026-06-22 05:15:00",247467,56.78051,40.89747,3.507,1.119867,121.0918,10.70033,30.03,0,0,0,0,0
"2026-06-22 05:30:00",247468,56.55532,41.65521,4.603,1.866852,276.5525,26.1632,30.03,0,0,0,0,0
"2026-06-22 05:45:00",247469,55.59222,43.76296,2.411,0.2708335,320.7501,4.88344,30.04,0.001,0,0,0,0
"2026-06-22 06:00:00",247470,54.52583,45.54051,0.438,0.007793777,99.06833,8.912633,30.04,0.003,0,0,0,0
"2026-06-22 06:15:00",247471,54.77075,44.37541,2.411,0.7662221,113.3309,7.857702,30.05,0.009,0,0,0,0
"2026-06-22 06:30:00",247472,53.98692,45.8661,2.63,1.206328,105.1697,13.76778,30.05,0.023,0,0,0,0
"2026-06-22 06:45:00",247473,54.54554,44.62489,3.069,0.9391487,117.8008,14.9742,30.05,0.063,0,0,0,0
"2026-06-22 07:00:00",247474,55.52467,44.87573,2.411,0.6398191,292.3314,9.112882,30.06,0.1,0,0,0,0
"2026-06-22 07:15:00",247475,56.58849,45.40445,1.973,0.3007905,10.40286,29.43543,30.07,0.139,0,0,0,0
"2026-06-22 07:30:00",247476,57.77626,43.80313,2.63,0.878017,87.14277,16.17174,30.07,0.175,0,0,0,0
"2026-06-22 07:45:00",247477,59.48901,41.25437,2.411,0.5611497,56.30585,28.22618,30.07,0.216,0,0,0,0
"2026-06-22 08:00:00",247478,60.24748,41.23665,3.069,0.796912,356.1185,23.5893,30.08,0.261,0,0,0,0
"2026-06-22 08:15:00",247479,61.66502,36.11942,1.754,0.5974401,53.94918,9.419332,30.08,0.308,0,0,0,0
"2026-06-22 08:30:00",247480,64.4725,32.38523,2.411,0.3828687,10.36674,31.1291,30.08,0.339,0,0,0,0
"2026-06-22 08:45:00",247481,66.82149,29.49853,2.411,0.4817519,27.46601,27.21451,30.08,0.389,0,0,0,0
"2026-06-22 09:00:00",247482,68.36098,28.14902,3.069,0.8490326,315.3121,25.32719,30.08,0.438,0,0,0,0
"2026-06-22 09:15:00",247483,70.41222,25.89148,2.192,0.4337712,7.733668,39.81169,30.08,0.482,0,0,0,0
"2026-06-22 09:30:00",247484,71.39226,24.80588,1.973,0.2856903,202.1596,32.97374,30.08,0.525,0,0,0,0
"2026-06-22 09:45:00",247485,72.47964,23.10731,3.507,0.8246776,211.8602,29.41826,30.08,0.572,0,0,0,0
"2026-06-22 10:00:00",247486,74.47095,22.8186,4.165,1.616962,241.0738,26.0298,30.07,0.612,0,0,0,0
"2026-06-22 10:15:00",247487,76.65916,20.95712,3.726,1.395327,280.825,28.0224,30.07,0.653,0,0,0,0
"2026-06-22 10:30:00",247488,77.39707,20.44038,3.726,1.07554,251.687,52.10323,30.07,0.69,0,0,0,0
"2026-06-22 10:45:00",247489,79.08796,19.96129,7.014,1.165412,208.6587,34.42558,30.07,0.728,0,0,0,0
"2026-06-22 11:00:00",247490,79.99501,18.7626,7.014,2.990375,168.308,42.77633,30.07,0.763,0,0,0,0
"2026-06-22 11:15:00",247491,80.7984,17.3033,9.43,4.193297,156.3904,26.01372,30.06,0.796,0,0,0,0
"2026-06-22 11:30:00",247492,82.51373,15.87359,12.93,4.200599,183.6061,34.0162,30.06,0.823,0,0,0,0
"2026-06-22 11:45:00",247493,84.51028,12.77554,12.06,4.699892,192.3215,34.11872,30.06,0.848,0,0,0,0
"2026-06-22 12:00:00",247494,86.30318,9.039681,10.74,4.040099,169.8718,42.07946,30.05,0.865,0,0,0,0
"2026-06-22 12:15:00",247495,86.66385,8.747686,11.18,4.483369,185.7148,36.97475,30.05,0.878,0,0,0,0
"2026-06-22 12:30:00",247496,87.06554,8.689121,13.59,4.23713,172.1058,41.21994,30.05,0.895,0,0,0,0
"2026-06-22 12:45:00",247497,88.31384,8.660971,15.34,4.21911,185.8956,35.94413,30.05,0.923,0,0,0,0
"2026-06-22 13:00:00",247498,88.08711,8.648896,10.74,4.812896,197.3014,44.88509,30.05,0.919,0,0,0,0
"2026-06-22 13:15:00",247499,88.75153,8.287394,12.06,3.834782,198.2569,39.35688,30.05,0.931,0,0,0,0
"2026-06-22 13:30:00",247500,89.61851,8.074718,13.81,4.97901,206.5618,31.61509,30.04,0.944,0,0,0,0
"2026-06-22 13:45:00",247501,89.52573,8.445127,10.96,4.335532,186.7583,36.41065,30.04,0.935,0,0,0,0
"2026-06-22 14:00:00",247502,89.95011,8.385279,11.18,3.401499,221.3584,39.11336,30.03,0.93,0,0,0,0
"2026-06-22 14:15:00",247503,89.74431,7.98438,10.74,2.299406,199.8084,55.20713,30.03,0.953,0,0,0,0
"2026-06-22 14:30:00",247504,90.76031,7.805515,9.21,2.931433,207.3597,49.05803,30.03,0.925,0,0,0,0
"2026-06-22 14:45:00",247505,91.64764,7.282884,11.62,3.922704,180.228,47.54312,30.03,0.906,0,0,0,0
"2026-06-22 15:00:00",247506,91.30939,7.286204,10.08,3.718848,198.9476,39.40985,30.02,0.902,0,0,0,0
"2026-06-22 15:15:00",247507,92.26942,7.326656,12.93,3.824794,249.5767,54.70755,30.02,0.872,0,0,0,0
"2026-06-22 15:30:00",247508,93.03804,7.359033,13.15,4.11779,293.8889,34.29114,30.02,0.852,0,0,0,0
"2026-06-22 15:45:00",247509,92.32159,7.367864,12.71,4.209369,237.7981,50.06054,30.01,0.815,0,0,0,0
"2026-06-22 16:00:00",247510,92.3493,7.484012,14.25,5.76934,196.6955,35.55285,30.01,0.782,0,0,0,0
"2026-06-22 16:15:00",247511,92.65237,7.252847,11.18,3.480412,209.8554,37.21307,30.01,0.749,0,0,0,0
"2026-06-22 16:30:00",247512,92.48569,7.023039,11.18,3.51548,217.0878,40.05639,30.01,0.715,0,0,0,0
"2026-06-22 16:45:00",247513,92.81729,7.131641,11.18,4.621708,233.8117,45.33055,30.01,0.671,0,0,0,0
"2026-06-22 17:00:00",247514,93.09251,6.954135,10.96,4.18891,267.025,57.77815,30.01,0.632,0,0,0,0
"2026-06-22 17:15:00",247515,93.06236,6.887646,9.43,2.33253,213.8855,37.84257,30,0.591,0,0,0,0
"2026-06-22 17:30:00",247516,91.8559,6.953078,10.3,4.143363,145.4138,45.43589,30,0.552,0,0,0,0
"2026-06-22 17:45:00",247517,92.59314,7.067567,9.86,3.234663,234.5977,65.47942,30,0.509,0,0,0,0
"2026-06-22 18:00:00",247518,92.58391,6.993983,12.06,5.033081,263.2512,36.68527,30,0.465,0,0,0,0
"2026-06-22 18:15:00",247519,92.95463,6.804175,11.4,2.767281,260.4443,25.73926,30,0.42,0,0,0,0
"2026-06-22 18:30:00",247520,92.51816,7.334354,14.25,3.931469,237.8594,40.88926,30,0.373,0,0,0,0
"2026-06-22 18:45:00",247521,91.55691,7.685367,19.29,6.979815,277.1642,21.76075,30,0.319,0,0,0,0
"2026-06-22 19:00:00",247522,91.02072,7.877967,10.3,4.503098,299.5359,30.94855,30,0.278,0,0,0,0
"2026-06-22 19:15:00",247523,90.85947,7.832534,10.52,4.725468,278.1468,33.35242,30.01,0.235,0,0,0,0
"2026-06-22 19:30:00",247524,90.25549,7.680839,14.69,5.893068,279.2356,21.01126,30.01,0.199,0,0,0,0
"2026-06-22 19:45:00",247525,89.32127,8.585728,10.52,5.016758,281.4653,21.5264,30.02,0.154,0,0,0,0
"2026-06-22 20:00:00",247526,88.19878,8.892967,11.18,5.343616,283.058,18.11629,30.02,0.114,0,0,0,0
"2026-06-22 20:15:00",247527,86.84004,9.549181,8.55,3.890555,291.5098,20.7618,30.02,0.078,0,0,0,0
"2026-06-22 20:30:00",247528,84.43243,9.123981,7.891,3.63628,301.2327,19.52681,30.03,0.042,0,0,0,0
"2026-06-22 20:45:00",247529,82.47624,10.74931,5.699,2.216839,37.92362,38.79052,30.03,0.008,0,0,0,0
"2026-06-22 21:00:00",247530,81.13802,12.63441,4.603,2.310366,99.84398,9.344658,30.03,0.002,0,0,0,0
"2026-06-22 21:15:00",247531,78.19328,14.05378,4.603,2.656217,112.3045,10.48846,30.04,0,0,0,0,0
"2026-06-22 21:30:00",247532,77.38811,12.26792,6.138,3.711786,106.2364,12.74726,30.05,0,0,0,0,0
"2026-06-22 21:45:00",247533,77.13598,11.7825,6.795,4.198404,107.885,10.99958,30.05,0,0,0,0,0
"2026-06-22 22:00:00",247534,77.20016,11.16244,7.891,4.314096,107.664,12.41981,30.05,0,0,0,0,0
"2026-06-22 22:15:00",247535,77.60514,10.64067,8.33,4.534757,108.287,13.3253,30.05,0,0,0,0,0
"2026-06-22 22:30:00",247536,77.52742,10.58871,8.33,3.580266,92.64272,64.54864,30.06,0,0,0,0,0
"2026-06-22 22:45:00",247537,73.31294,13.28672,6.795,1.780146,355.4791,57.61051,30.07,0,0,0,0,0
"2026-06-22 23:00:00",247538,70.76143,14.96671,2.85,0.8724145,73.59074,26.7252,30.07,0,0,0,0,0
"2026-06-22 23:15:00",247539,68.23569,17.16567,1.973,0.365333,36.71782,10.90937,30.08,0,0,0,0,0
"2026-06-22 23:30:00",247540,67.48587,18.37376,4.384,2.48889,102.8778,11.02173,30.08,0,0,0,0,0
"2026-06-22 23:45:00",247541,67.14306,19.14718,3.507,2.095308,125.5685,22.48803,30.08,0,0,0,0,0
"2026-06-23 00:00:00",247542,65.94008,19.92441,4.603,2.046349,164.0874,71.86779,30.09,0,0,0,0,0
"2026-06-23 00:15:00",247543,66.14131,17.74553,6.795,3.453857,106.0977,18.23264,30.09,0,0,0,0,0
"2026-06-23 00:30:00",247544,69.38746,13.97552,7.672,4.115603,116.5244,20.34877,30.09,0,0,0,0,0
"2026-06-23 00:45:00",247545,70.1608,14.19875,8.11,2.368088,189.4044,92.64206,30.1,0,0,0,0,0
"2026-06-23 01:00:00",247546,63.02894,23.29542,4.384,1.336385,290.9366,43.78568,30.1,0,0,0,0,0
"2026-06-23 01:15:00",247547,60.79023,26.59756,2.85,0.6512671,116.9495,26.86695,30.1,0,0,0,0,0
"2026-06-23 01:30:00",247548,60.35545,27.31195,4.165,1.210714,148.7362,32.6898,30.1,0,0,0,0,0
"2026-06-23 01:45:00",247549,61.54901,23.48873,4.165,0.8853238,105.4425,18.8261,30.1,0,0,0,0,0
"2026-06-23 02:00:00",247550,60.23643,26.43028,2.192,0.4503338,349.0648,30.35797,30.11,0,0,0,0,0
"2026-06-23 02:15:00",247551,59.95256,23.82379,3.946,1.379497,43.42081,9.81928,30.11,0,0,0,0,0
"2026-06-23 02:30:00",247552,59.80274,23.78782,1.096,0.08816715,106.6974,2.191716,30.11,0,0,0,0,0
"2026-06-23 02:45:00",247553,59.61197,23.74992,4.822,1.521976,106.1354,16.75227,30.11,0,0,0,0,0
"2026-06-23 03:00:00",247554,59.58749,23.14347,5.918,2.03978,98.57776,9.052849,30.12,0,0,0,0,0
"2026-06-23 03:15:00",247555,60.04102,21.21085,4.165,2.158633,108.479,20.90371,30.11,0,0,0,0,0
"2026-06-23 03:30:00",247556,59.56694,21.90553,7.672,1.481548,15.13918,64.36501,30.12,0,0,0,0,0
"2026-06-23 03:45:00",247557,55.70068,25.05266,1.754,0.3270943,41.96062,20.31376,30.12,0,0,0,0,0
"2026-06-23 04:00:00",247558,55.11734,25.78471,0.877,0.07891204,78.39011,3.358681,30.13,0,0,0,0,0
"2026-06-23 04:15:00",247559,54.91686,26.71687,3.288,0.8685175,99.78332,16.20956,30.13,0,0,0,0,0
"2026-06-23 04:30:00",247560,55.74241,25.96888,3.946,1.898758,120.6411,8.985925,30.13,0,0,0,0,0
"2026-06-23 04:45:00",247561,55.99222,25.13209,3.507,1.404093,126.2814,11.28782,30.13,0,0,0,0,0
"2026-06-23 05:00:00",247562,54.77564,27.75156,2.63,0.3042005,93.32655,25.62004,30.14,0,0,0,0,0
"2026-06-23 05:15:00",247563,53.74594,29.71675,1.754,0.242094,19.51334,9.757347,30.15,0,0,0,0,0
"2026-06-23 05:30:00",247564,53.24197,30.26744,3.069,1.143979,88.64442,32.40851,30.15,0,0,0,0,0
"2026-06-23 05:45:00",247565,53.49559,28.26744,4.165,1.4002,106.3271,13.65445,30.15,0,0,0,0,0
"2026-06-23 06:00:00",247566,55.3208,26.09128,3.946,1.934555,116.1871,12.45629,30.15,0.001,0,0,0,0
"2026-06-23 06:15:00",247567,53.86827,31.47671,6.795,1.787209,272.3582,20.62029,30.16,0.005,0,0,0,0
"2026-06-23 06:30:00",247568,51.4279,39.3016,4.165,0.9130887,155.8746,59.34358,30.17,0.016,0,0,0,0
"2026-06-23 06:45:00",247569,50.75772,39.73812,4.603,1.642051,281.4201,23.7682,30.17,0.038,0,0,0,0
"2026-06-23 07:00:00",247570,51.20198,40.34435,2.192,0.7016829,93.57587,15.11759,30.17,0.046,0,0,0,0
"2026-06-23 07:15:00",247571,52.3806,36.80577,3.288,1.523438,123.5813,9.752384,30.18,0.081,0,0,0,0
"2026-06-23 07:30:00",247572,54.17496,31.44955,3.069,1.25577,113.7973,19.66281,30.18,0.125,0,0,0,0
"2026-06-23 07:45:00",247573,56.42205,29.30427,4.384,2.203198,103.501,40.95638,30.18,0.148,0,0,0,0
"2026-06-23 08:00:00",247574,58.36157,28.24587,2.411,0.2908049,50.09591,8.829373,30.19,0.206,0,0,0,0
"2026-06-23 08:15:00",247575,59.85013,30.68964,3.946,1.365129,320.2717,14.30913,30.19,0.216,0,0,0,0
"2026-06-23 08:30:00",247576,57.26853,35.23558,2.85,0.8529291,331.2868,24.26064,30.19,0.253,0,0,0,0
"2026-06-23 08:45:00",247577,58.24033,29.38369,1.315,0.06965692,8.810071,16.53393,30.19,0.219,0,0,0,0
"2026-06-23 09:00:00",247578,59.34387,29.3982,2.411,0.3582696,324.5093,6.833865,30.2,0.207,0,0,0,0
"2026-06-23 09:15:00",247579,59.52028,31.71992,3.288,1.176859,321.3988,10.32781,30.2,0.244,0,0,0,0
"2026-06-23 09:30:00",247580,60.77892,31.77522,2.192,0.3034699,85.60946,36.57867,30.2,0.325,0,0,0,0
"2026-06-23 09:45:00",247581,63.133,32.08903,2.85,0.8677852,263.8917,23.53397,30.2,0.375,0,0,0,0
"2026-06-23 10:00:00",247582,65.02207,28.37126,3.726,1.897296,241.8718,30.23463,30.2,0.401,0,0,0,0
"2026-06-23 10:15:00",247583,66.30835,22.47635,2.63,1.073347,270.8546,15.25071,30.2,0.439,0,0,0,0
"2026-06-23 10:30:00",247584,67.80263,22.17232,1.973,0.5655342,293.771,23.48963,30.19,0.436,0,0,0,0
"2026-06-23 10:45:00",247585,69.40497,21.13804,1.973,0.5238866,244.4386,39.77046,30.2,0.462,0,0,0,0
"2026-06-23 11:00:00",247586,71.36153,20.38374,1.754,0.1692711,197.5253,6.972015,30.19,0.491,0,0,0,0
"2026-06-23 11:15:00",247587,74.15363,18.77003,1.096,0.08792359,204.2211,6.082736,30.19,0.523,0,0,0,0
"2026-06-23 11:30:00",247588,76.3449,16.48748,4.384,1.152504,179.434,27.18837,30.19,0.572,0,0,0,0
"2026-06-23 11:45:00",247589,77.95704,14.466,6.357,2.037827,194.171,28.9988,30.19,0.635,0,0,0,0
"2026-06-23 12:00:00",247590,80.47631,13.59975,6.795,1.927497,219.1864,41.07655,30.18,0.694,0,0,0,0
"2026-06-23 12:15:00",247591,81.66673,12.26596,10.08,3.591223,195.396,30.70789,30.18,0.714,0,0,0,0
"2026-06-23 12:30:00",247592,82.85825,11.24643,8.55,3.650652,208.1716,28.90474,30.17,0.742,0,0,0,0
"2026-06-23 12:45:00",247593,84.28531,11.59133,8.11,3.36423,173.6045,42.76191,30.17,0.809,0,0,0,0
"2026-06-23 13:00:00",247594,85.52328,10.50297,10.74,4.306548,210.4375,32.84979,30.17,0.844,0,0,0,0
"2026-06-23 13:15:00",247595,86.36919,9.840195,12.49,3.837703,190.0834,37.77077,30.16,0.839,0,0,0,0
"2026-06-23 13:30:00",247596,87.04381,9.631369,9.21,2.699809,188.2801,48.44995,30.16,0.865,0,0,0,0
"2026-06-23 13:45:00",247597,87.5084,9.535446,10.08,3.162326,187.6086,72.48569,30.15,0.861,0,0,0,0
"2026-06-23 14:00:00",247598,88.16903,9.46556,8.99,3.308213,153.1104,75.20926,30.15,0.871,0,0,0,0
"2026-06-23 14:15:00",247599,89.57912,9.206848,9.86,2.715886,193.6219,50.01941,30.14,0.879,0,0,0,0
"2026-06-23 14:30:00",247600,89.53117,9.282393,11.18,3.99626,179.3263,45.94933,30.13,0.898,0,0,0,0
"2026-06-23 14:45:00",247601,90.0937,9.060662,9.86,3.59634,161.2511,49.31719,30.13,0.871,0,0,0,0
"2026-06-23 15:00:00",247602,90.77062,8.758932,9.86,2.373446,244.3824,52.71504,30.13,0.868,0,0,0,0
"2026-06-23 15:15:00",247603,91.67591,8.642632,12.71,5.002149,180.1089,42.58015,30.12,0.833,0,0,0,0
"2026-06-23 15:30:00",247604,91.74111,8.374335,11.62,2.818907,193.8424,47.38289,30.12,0.825,0,0,0,0
"2026-06-23 15:45:00",247605,92.62914,8.127472,16.88,5.557691,224.538,33.25594,30.11,0.809,0,0,0,0
"2026-06-23 16:00:00",247606,91.85088,7.867552,14.25,5.334358,225.761,39.88457,30.11,0.777,0,0,0,0
"2026-06-23 16:15:00",247607,91.94529,7.761064,13.81,3.44339,188.6116,36.30568,30.1,0.747,0,0,0,0
"2026-06-23 16:30:00",247608,92.21196,7.752083,7.234,2.558549,203.5583,50.49308,30.1,0.722,0,0,0,0
"2026-06-23 16:45:00",247609,93.47696,7.430277,11.62,4.814608,238.8017,38.97518,30.1,0.687,0,0,0,0
"2026-06-23 17:00:00",247610,92.95911,7.166961,18.63,7.717786,227.8444,32.48752,30.09,0.648,0,0,0,0
"2026-06-23 17:15:00",247611,92.79529,7.124245,11.62,4.791224,209.5671,32.93042,30.09,0.603,0,0,0,0
"2026-06-23 17:30:00",247612,92.69394,7.007417,10.52,4.162361,213.5373,30.74909,30.09,0.564,0,0,0,0
"2026-06-23 17:45:00",247613,92.73401,7.065605,15.56,7.124969,248.3753,34.16811,30.09,0.523,0,0,0,0
"2026-06-23 18:00:00",247614,92.88589,7.01353,12.06,4.249313,206.4183,32.01773,30.09,0.477,0,0,0,0
"2026-06-23 18:15:00",247615,92.72655,6.919494,12.06,5.072044,210.3254,25.46316,30.09,0.43,0,0,0,0
"2026-06-23 18:30:00",247616,92.66011,7.463937,12.28,5.275411,231.8403,30.93923,30.08,0.384,0,0,0,0
"2026-06-23 18:45:00",247617,92.16306,7.209225,13.81,4.757372,222.7163,29.18652,30.09,0.327,0,0,0,0
"2026-06-23 19:00:00",247618,91.868,7.406202,11.84,3.516452,209.0187,30.63217,30.09,0.283,0,0,0,0
"2026-06-23 19:15:00",247619,91.46194,7.253602,12.06,5.200156,256.6099,22.12996,30.09,0.237,0,0,0,0
"2026-06-23 19:30:00",247620,91.10685,7.984229,7.014,2.093113,226.5989,32.87898,30.09,0.199,0,0,0,0
"2026-06-23 19:45:00",247621,90.92725,7.876307,9.64,3.269485,253.7313,28.95856,30.09,0.157,0,0,0,0
"2026-06-23 20:00:00",247622,90.01749,7.945286,7.014,2.795533,257.7307,24.01641,30.09,0.119,0,0,0,0
"2026-06-23 20:15:00",247623,89.57966,8.63033,4.165,0.8558537,280.2565,15.76641,30.09,0.083,0,0,0,0
"2026-06-23 20:30:00",247624,85.9948,11.64408,0,0,0,0,30.09,0.049,0,0,0,0
"2026-06-23 20:45:00",247625,82.8213,14.40275,2.411,0.6510223,92.0987,10.71687,30.09,0.008,0,0,0,0
"2026-06-23 21:00:00",247626,81.73316,13.88623,3.946,1.881952,104.7199,9.179238,30.09,0.002,0,0,0,0
"2026-06-23 21:15:00",247627,79.0358,14.7481,4.822,2.562933,107.0812,12.01222,30.09,0,0,0,0,0
"2026-06-23 21:30:00",247628,77.43226,13.06987,6.138,3.38445,107.7996,11.99997,30.09,0,0,0,0,0
"2026-06-23 21:45:00",247629,77.28799,12.5687,6.138,3.370808,108.6835,11.34156,30.09,0,0,0,0,0
"2026-06-23 22:00:00",247630,78.87202,11.00923,8.33,3.920996,95.05186,15.76904,30.1,0,0,0,0,0
"2026-06-23 22:15:00",247631,78.28156,11.34406,6.138,1.990089,69.79076,41.16741,30.1,0,0,0,0,0
"2026-06-23 22:30:00",247632,74.39536,14.01687,4.603,1.315441,1.892367,37.99597,30.11,0,0,0,0,0
"2026-06-23 22:45:00",247633,69.44334,18.85631,1.973,0.4194018,32.68954,21.25166,30.11,0,0,0,0,0
"2026-06-23 23:00:00",247634,68.82912,19.38573,5.918,1.529771,56.67815,9.545006,30.11,0,0,0,0,0
"2026-06-23 23:15:00",247635,69.4966,18.66302,12.49,3.656013,115.5056,65.86936,30.12,0,0,0,0,0
"2026-06-23 23:30:00",247636,69.31647,18.42171,5.918,2.444322,97.90769,9.231805,30.11,0,0,0,0,0
"2026-06-23 23:45:00",247637,67.93559,18.80187,5.261,1.981561,145.5762,40.88437,30.12,0,0,0,0,0
"2026-06-24 00:00:00",247638,67.11678,19.31478,3.726,1.306915,147.9739,39.99057,30.12,0,0,0,0,0
"2026-06-24 00:15:00",247639,66.60968,19.19492,3.069,1.140567,127.129,5.639546,30.12,0,0,0,0,0
"2026-06-24 00:30:00",247640,64.61579,22.41768,5.042,1.568738,287.6487,29.11886,30.12,0,0,0,0,0
"2026-06-24 00:45:00",247641,62.58723,26.10368,3.507,2.084346,81.72151,30.65439,30.12,0,0,0,0,0
"2026-06-24 01:00:00",247642,62.94277,23.31349,3.069,1.179781,125.7649,8.789642,30.12,0,0,0,0,0
"2026-06-24 01:15:00",247643,63.56231,22.56971,3.288,1.884391,118.8371,8.700042,30.12,0,0,0,0,0
"2026-06-24 01:30:00",247644,63.91866,23.13069,5.042,1.35027,85.18372,63.134,30.12,0,0,0,0,0
"2026-06-24 01:45:00",247645,61.17743,25.42414,3.726,1.093319,4.502748,28.89052,30.12,0,0,0,0,0
"2026-06-24 02:00:00",247646,59.41601,25.48583,4.165,0.6780576,53.21186,19.29072,30.12,0,0,0,0,0
"2026-06-24 02:15:00",247647,60.68162,23.9257,1.973,0.4179404,38.47081,49.17722,30.12,0,0,0,0,0
"2026-06-24 02:30:00",247648,61.18768,25.19864,0.438,0.006576,126.2843,1.343229,30.12,0,0,0,0,0
"2026-06-24 02:45:00",247649,60.67414,26.2232,3.946,1.124251,12.41546,33.80392,30.12,0,0,0,0,0
"2026-06-24 03:00:00",247650,59.71425,26.75999,2.411,0.9951656,87.68609,18.97216,30.12,0,0,0,0,0
"2026-06-24 03:15:00",247651,60.7971,28.63171,2.192,0.5428839,106.4195,9.591788,30.12,0,0,0,0,0
"2026-06-24 03:30:00",247652,61.42962,30.13016,5.042,0.857071,104.4986,48.39262,30.12,0,0,0,0,0
"2026-06-24 03:45:00",247653,59.59124,27.71491,2.85,1.008318,279.5409,22.7721,30.12,0,0,0,0,0
"2026-06-24 04:00:00",247654,59.8182,26.36228,1.754,0.1510044,151.1514,4.481581,30.12,0,0,0,0,0
"2026-06-24 04:15:00",247655,59.80793,32.51564,1.973,0.3465786,175.9726,20.18442,30.13,0,0,0,0,0
"2026-06-24 04:30:00",247656,59.56874,33.18522,2.85,1.496159,199.1312,23.82072,30.12,0,0,0,0,0
"2026-06-24 04:45:00",247657,59.40596,32.51273,1.973,0.1047289,270.4604,2.624006,30.13,0,0,0,0,0
"2026-06-24 05:00:00",247658,58.24699,34.35168,1.096,0.08962848,69.8635,4.312052,30.13,0,0,0,0,0
"2026-06-24 05:15:00",247659,58.02749,36.27856,1.973,0.5233998,98.21377,4.519677,30.13,0,0,0,0,0
"2026-06-24 05:30:00",247660,58.27322,37.61101,1.973,0.3677682,124.4351,20.496,30.13,0,0,0,0,0
"2026-06-24 05:45:00",247661,58.25168,38.23965,1.534,0.1013192,108.9737,0.5123063,30.13,0,0,0,0,0
"2026-06-24 06:00:00",247662,55.92168,38.90783,5.48,1.027802,17.28046,50.7671,30.13,0.003,0,0,0,0
"2026-06-24 06:15:00",247663,55.49437,41.90288,3.288,1.17004,124.7663,16.70177,30.13,0.009,0,0,0,0
"2026-06-24 06:30:00",247664,55.85631,42.35261,3.069,0.319057,15.03748,50.79497,30.13,0.021,0,0,0,0
"2026-06-24 06:45:00",247665,55.24482,42.90027,1.754,0.3387848,55.71445,23.42154,30.14,0.041,0,0,0,0
"2026-06-24 07:00:00",247666,55.75668,42.74405,1.096,0.05139025,258.5943,4.342518,30.14,0.046,0,0,0,0
"2026-06-24 07:15:00",247667,57.5857,40.58465,1.973,0.3046877,97.6332,4.022262,30.14,0.048,0,0,0,0
"2026-06-24 07:30:00",247668,58.67244,37.44525,1.754,0.2123802,88.43306,9.841883,30.13,0.051,0,0,0,0
"2026-06-24 07:45:00",247669,58.17163,37.76695,2.192,0.5148754,298.324,16.90801,30.13,0.066,0,0,0,0
"2026-06-24 08:00:00",247670,58.99834,34.5352,1.315,0.1407752,126.3543,11.51635,30.13,0.087,0,0,0,0
"2026-06-24 08:15:00",247671,60.84525,35.5066,0.658,0.03580268,88.58526,6.169899,30.13,0.118,0,0,0,0
"2026-06-24 08:30:00",247672,61.72572,36.26711,1.973,0.3117506,212.498,29.88457,30.13,0.162,0,0,0,0
"2026-06-24 08:45:00",247673,63.81697,35.53164,2.85,0.274487,289.6945,10.15807,30.13,0.169,0,0,0,0
"2026-06-24 09:00:00",247674,64.0328,38.28043,3.507,0.8677866,314.673,13.61402,30.13,0.185,0,0,0,0
"2026-06-24 09:15:00",247675,63.29407,38.54433,2.411,0.5124402,28.86253,15.38295,30.13,0.244,0,0,0,0
"2026-06-24 09:30:00",247676,64.6582,34.81012,2.192,0.2055606,304.9038,29.34151,30.13,0.248,0,0,0,0
"2026-06-24 09:45:00",247677,66.85845,31.29974,1.754,0.2101883,272.9145,8.635073,30.12,0.28,0,0,0,0
"2026-06-24 10:00:00",247678,69.31019,33.09177,1.096,0.08816715,278.9565,20.68951,30.12,0.334,0,0,0,0
"2026-06-24 10:15:00",247679,72.01935,32.39553,1.096,0.0713618,217.3194,15.63282,30.12,0.412,0,0,0,0
"2026-06-24 10:30:00",247680,75.36593,28.83933,1.973,0.0604018,192.3984,6.658455,30.11,0.493,0,0,0,0
"2026-06-24 10:45:00",247681,78.63345,24.44397,4.384,1.053863,220.3734,29.72498,30.11,0.526,0,0,0,0
"2026-06-24 11:00:00",247682,80.40241,23.19836,9.64,3.417328,205.624,31.30593,30.11,0.51,0,0,0,0
"2026-06-24 11:15:00",247683,81.05284,22.9647,10.74,4.320675,198.0803,27.54091,30.11,0.557,0,0,0,0
"2026-06-24 11:30:00",247684,82.44608,23.29896,11.18,4.794639,200.9339,28.50583,30.11,0.592,0,0,0,0
"2026-06-24 11:45:00",247685,83.82602,23.2964,14.47,5.799787,193.8026,29.91152,30.1,0.704,0,0,0,0
"2026-06-24 12:00:00",247686,84.54287,22.26917,12.93,5.974663,185.8917,27.6029,30.1,0.427,0,0,0,0
"2026-06-24 12:15:00",247687,85.19236,21.68782,12.93,5.590329,185.1597,30.29927,30.09,0.718,0,0,0,0
"2026-06-24 12:30:00",247688,86.1119,21.43198,13.81,5.526763,181.7996,31.85508,30.09,0.449,0,0,0,0
"2026-06-24 12:45:00",247689,85.72352,21.82216,12.93,5.667298,182.5576,24.44951,30.09,0.577,0,0,0,0
"2026-06-24 13:00:00",247690,85.53591,21.94223,14.91,5.660233,184.0582,26.15221,30.09,0.402,0,0,0,0
"2026-06-24 13:15:00",247691,85.70858,21.63952,16,5.814891,179.164,22.66714,30.08,0.594,0,0,0,0
"2026-06-24 13:30:00",247692,86.39881,21.23153,13.37,5.503374,189.356,29.76471,30.08,0.62,0,0,0,0
"2026-06-24 13:45:00",247693,86.90498,21.02836,14.91,5.243019,173.9385,29.24477,30.07,0.55,0,0,0,0
"2026-06-24 14:00:00",247694,87.61301,20.7332,10.52,3.848421,175.8054,35.04413,30.06,0.69,0,0,0,0
"2026-06-24 14:15:00",247695,87.7589,20.52868,8.77,4.48897,166.5063,33.69901,30.05,0.66,0,0,0,0
"2026-06-24 14:30:00",247696,88.01593,20.35653,11.18,3.929524,185.9308,43.51503,30.05,0.556,0,0,0,0
"2026-06-24 14:45:00",247697,87.75429,20.06642,9.21,3.15599,186.9916,42.42076,30.04,0.249,0,0,0,0
"2026-06-24 15:00:00",247698,86.64102,20.19442,6.138,1.708296,216.3666,45.03505,30.04,0.09,0,0,0,0
"2026-06-24 15:15:00",247699,83.49075,26.76811,24.55,7.41237,227.1512,27.95736,30.05,0.026,0,0,0,0
"2026-06-24 15:30:00",247700,71.99283,52.76249,28.72,11.47342,199.7325,36.04914,30.09,0.031,0.012,0.012,0.08,0.08
"2026-06-24 15:45:00",247701,68.82733,58.36095,30.25,13.23115,137.6257,24.80427,30.09,0.035,0.012,0.024,0.02,0.1
"2026-06-24 16:00:00",247702,68.07851,58.94136,26.3,14.59045,129.8134,16.31857,30.09,0.078,0.008,0.032,0.01,0.11
"2026-06-24 16:15:00",247703,66.76541,60.69854,26.08,14.79697,100.9345,19.34477,30.09,0.06,0.012,0.043,0,0.11
"2026-06-24 16:30:00",247704,67.908,57.2818,20.82,9.900776,108.1537,26.84475,30.08,0.077,0.008,0.051,0,0.11
"2026-06-24 16:45:00",247705,68.05893,57.68138,13.59,5.340691,99.01749,21.7754,30.08,0.205,0.008,0.059,0,0.11
"2026-06-24 17:00:00",247706,69.69913,54.99295,9.21,3.069043,142.7286,36.73135,30.07,0.219,0.004,0.063,0,0.11
"2026-06-24 17:15:00",247707,72.01325,50.34457,7.453,2.622367,134.1938,22.74606,30.07,0.087,0.008,0.071,0,0.11
"2026-06-24 17:30:00",247708,71.80416,53.35537,7.234,3.076105,128.748,18.76941,30.06,0.073,0.004,0.075,0,0.11
"2026-06-24 17:45:00",247709,71.35212,58.50634,6.357,2.345202,107.0445,29.89245,30.05,0.093,0.004,0.079,0,0.11
"2026-06-24 18:00:00",247710,71.22281,59.51899,6.138,2.323519,295.5637,16.64004,30.05,0.035,0.008,0.087,0,0.11
"2026-06-24 18:15:00",247711,70.01525,61.01377,4.384,1.010023,340.4136,22.16056,30.05,0.026,0.004,0.091,0,0.11
"2026-06-24 18:30:00",247712,69.06606,64.30058,5.699,1.86612,18.70549,21.26506,30.05,0.093,0.004,0.095,0,0.11
"2026-06-24 18:45:00",247713,69.06889,58.65306,5.261,1.418708,23.42972,23.13438,30.04,0.045,0,0.095,0,0.11
"2026-06-24 19:00:00",247714,69.37788,57.18984,5.48,2.517633,32.75008,18.92687,30.04,0.069,0.004,0.099,0,0.11
"2026-06-24 19:15:00",247715,69.39926,57.1526,7.453,2.918285,32.83726,23.77825,30.05,0.026,0,0.099,0,0.11
"2026-06-24 19:30:00",247716,69.10621,57.42004,13.15,4.30046,30.72277,25.47116,30.06,0.016,0,0.099,0,0.11
"2026-06-24 19:45:00",247717,68.89146,55.01603,15.78,6.814683,34.98209,21.51612,30.06,0.017,0,0.099,0,0.11
"2026-06-24 20:00:00",247718,68.82428,56.2792,10.3,3.434373,49.01263,17.63638,30.06,0.01,0,0.099,0,0.11
"2026-06-24 20:15:00",247719,68.67773,57.54325,8.99,4.435875,47.83901,16.54924,30.06,0.009,0.004,0.102,0,0.11
"2026-06-24 20:30:00",247720,68.33463,58.3537,5.48,3.086579,82.97514,12.61697,30.05,0.007,0,0.102,0,0.11
"2026-06-24 20:45:00",247721,68.71124,57.17887,8.55,3.006207,327.527,74.01762,30.06,0.002,0,0.102,0,0.11
"2026-06-24 21:00:00",247722,66.0149,65.48281,18.41,7.603565,303.6793,22.65461,30.08,0,0,0.102,0.01,0.12
"2026-06-24 21:15:00",247723,63.47335,66.55499,10.96,6.195812,22.8654,42.90075,30.08,0,0,0.102,0.07,0.19
"2026-06-24 21:30:00",247724,61.91279,75.94057,16.22,4.186477,307.8493,75.99456,30.11,0,0.004,0.106,0,0.19
"2026-06-24 21:45:00",247725,62.22163,78.3125,8.33,3.262182,41.74442,20.45151,30.12,0,0,0.106,0,0.19
"2026-06-24 22:00:00",247726,62.04213,79.5407,7.453,2.41339,17.38582,64.32247,30.14,0,0,0.106,0.02,0.21
"2026-06-24 22:15:00",247727,61.14772,83.90695,5.261,1.992042,84.10941,25.4791,30.14,0,0.004,0.11,0.02,0.23
"2026-06-24 22:30:00",247728,60.52223,86.71994,7.453,3.637741,97.37704,17.47837,30.13,0,0.004,0.114,0,0.23
"2026-06-24 22:45:00",247729,60.33484,86.13683,5.042,1.88439,98.96632,25.71202,30.12,0,0.004,0.118,0.01,0.24
"2026-06-24 23:00:00",247730,60.46296,86.25172,5.042,2.090921,76.16104,36.84842,30.12,0,0.004,0.122,0,0.24
"2026-06-24 23:15:00",247731,60.43202,88.52739,5.918,1.677364,271.8522,20.42859,30.12,0,0.008,0.13,0,0.24
"2026-06-24 23:30:00",247732,60.14238,89.65538,5.48,2.560746,225.8371,40.03981,30.13,0,0.004,0.134,0,0.24
"2026-06-24 23:45:00",247733,60.0176,89.8625,2.85,1.216069,144.1452,32.20423,30.12,0,0.004,0.138,0.01,0.25
"2026-06-25 00:00:00",247734,59.98422,90.31936,3.507,1.237504,104.3512,19.85883,30.1,0,0,0.138,0,0.25
"2026-06-25 00:15:00",247735,59.79787,91.10198,5.699,1.347835,211.9029,59.30315,30.08,0,0.004,0.004,0,0
"2026-06-25 00:30:00",247736,59.4653,91.31616,11.18,4.352095,300.6533,27.64965,30.09,0,0.004,0.008,0,0
"2026-06-25 00:45:00",247737,59.30231,91.78004,4.822,1.87026,6.687161,35.57379,30.08,0,0.004,0.012,0,0
"2026-06-25 01:00:00",247738,59.12674,92.8373,5.042,2.473793,77.46764,17.7158,30.09,0,0.004,0.016,0,0
"2026-06-25 01:15:00",247739,59.00402,92.13323,6.357,3.340852,87.35442,13.34097,30.09,0,0.004,0.02,0,0
"2026-06-25 01:30:00",247740,58.81813,91.13992,5.48,2.710042,76.05201,17.0577,30.08,0,0,0.02,0,0
"2026-06-25 01:45:00",247741,58.59512,90.85583,6.357,2.846432,88.65048,13.97215,30.08,0,0.004,0.024,0,0
"2026-06-25 02:00:00",247742,58.33326,90.29422,5.48,2.327172,86.6394,15.48371,30.08,0,0.004,0.028,0,0
"2026-06-25 02:15:00",247743,57.91933,89.78145,1.973,0.4503335,137.1479,33.3507,30.08,0,0.004,0.032,0,0
"2026-06-25 02:30:00",247744,57.44982,90.93563,2.192,0.4420525,279.45,14.66352,30.08,0,0,0.032,0,0
"2026-06-25 02:45:00",247745,56.93749,92.14925,1.534,0.08524448,302.7278,2.225294,30.08,0,0.004,0.035,0,0
"2026-06-25 03:00:00",247746,56.51891,92.81017,0.658,0.02338134,306.7371,0.009089358,30.08,0,0,0.035,0,0
"2026-06-25 03:15:00",247747,56.04277,93.57555,2.85,1.443305,99.33398,13.82185,30.08,0,0.004,0.039,0,0
"2026-06-25 03:30:00",247748,55.49541,93.88685,2.85,0.9162554,113.1178,11.72954,30.07,0,0,0.039,0,0
"2026-06-25 03:45:00",247749,54.80763,93.50915,1.973,0.4055188,117.3496,8.979087,30.07,0,0.004,0.043,0,0
"2026-06-25 04:00:00",247750,54.40755,93.51664,2.411,0.7411388,123.5622,8.961644,30.07,0,0.004,0.047,0,0
"2026-06-25 04:15:00",247751,53.84757,93.71679,4.384,2.329606,105.0978,9.270267,30.07,0,0,0.047,0,0
"2026-06-25 04:30:00",247752,54.08694,93.66507,2.63,0.9652097,95.33972,13.45451,30.07,0,0,0.047,0,0
"2026-06-25 04:45:00",247753,54.09552,93.58958,2.85,0.769389,87.18428,11.62625,30.07,0,0.004,0.051,0.01,0.01
"2026-06-25 05:00:00",247754,54.10381,93.64333,2.63,0.4586144,358.7075,45.38338,30.07,0,0.004,0.055,0,0.01
"2026-06-25 05:15:00",247755,53.14506,93.7948,2.411,0.5022101,308.4975,19.94956,30.07,0,0,0.055,0,0.01
"2026-06-25 05:30:00",247756,52.8016,94.3353,1.534,0.2067785,65.54095,7.495238,30.08,0,0,0.055,0,0.01
"2026-06-25 05:45:00",247757,52.51265,94.47733,3.288,0.8422142,306.5306,16.72119,30.08,0,0.004,0.059,0,0.01
"2026-06-25 06:00:00",247758,51.84992,94.69804,4.384,1.036815,296.0143,27.09457,30.08,0.004,0,0.059,0,0.01
"2026-06-25 06:15:00",247759,52.16606,95.55061,1.973,0.7472255,89.84245,8.342381,30.08,0.014,0.004,0.063,0,0.01
"2026-06-25 06:30:00",247760,52.54377,95.82275,1.534,0.2323517,113.9557,4.206324,30.08,0.023,0,0.063,0,0.01
"2026-06-25 06:45:00",247761,52.87785,95.47601,1.973,0.4038148,117.6474,2.264837,30.09,0.095,0,0.063,0,0.01
"2026-06-25 07:00:00",247762,53.52848,94.75822,2.63,1.417732,114.4077,14.86295,30.09,0.021,0.004,0.067,0,0.01
"2026-06-25 07:15:00",247763,53.6735,94.11292,1.534,0.08719292,78.58793,7.204741,30.09,0.038,0,0.067,0,0.01
"2026-06-25 07:30:00",247764,54.02118,94.42055,1.534,0.1685404,122.0907,6.645827,30.09,0.221,0.004,0.071,0,0.01
"2026-06-25 07:45:00",247765,55.40738,94.12779,0.658,0.003166222,110.1528,0.2709227,30.09,0.268,0,0.071,0,0.01
"2026-06-25 08:00:00",247766,57.39017,91.47612,3.288,1.117431,291.8727,13.09111,30.09,0.301,0,0.071,0,0.01
"2026-06-25 08:15:00",247767,58.06062,88.93516,4.165,1.092832,300.5287,13.02909,30.08,0.337,0.004,0.075,0,0.01
"2026-06-25 08:30:00",247768,58.86511,86.5078,3.507,0.8921427,292.2075,17.96643,30.08,0.398,0,0.075,0,0.01
"2026-06-25 08:45:00",247769,59.92057,82.10099,3.288,0.9912695,335.0028,37.08582,30.08,0.128,0.004,0.079,0,0.01
"2026-06-25 09:00:00",247770,60.44414,81.49928,1.534,0.08768003,342.8425,23.22485,30.08,0.295,0,0.079,0,0.01
"2026-06-25 09:15:00",247771,62.46355,79.80843,2.411,0.2968938,38.98888,13.47351,30.08,0.606,0.004,0.083,0,0.01
"2026-06-25 09:30:00",247772,65.18342,72.56799,4.384,1.064337,333.2157,33.70851,30.08,0.098,0,0.083,0,0.01
"2026-06-25 09:45:00",247773,65.56647,69.8446,6.138,1.747021,318.0088,31.50229,30.07,0.577,0.004,0.087,0,0.01
"2026-06-25 10:00:00",247774,66.42167,69.83913,4.384,1.251385,324.1023,23.755,30.07,0.612,0,0.087,0,0.01
"2026-06-25 10:15:00",247775,67.63175,68.88863,3.507,1.027315,1.457331,48.64488,30.07,0.644,0.004,0.091,0,0.01
"2026-06-25 10:30:00",247776,68.87369,65.78417,3.946,1.246272,316.6602,45.95919,30.06,0.679,0,0.091,0,0.01
"2026-06-25 10:45:00",247777,70.85091,58.27763,3.069,0.8427006,40.06375,49.13631,30.06,0.716,0.004,0.095,0,0.01
"2026-06-25 11:00:00",247778,72.63199,50.46163,3.069,1.008561,129.7304,27.83823,30.05,0.749,0,0.095,0,0.01
"2026-06-25 11:15:00",247779,74.17642,47.20886,3.726,0.9459684,245.5786,46.20105,30.05,0.824,0.004,0.099,0,0.01
"2026-06-25 11:30:00",247780,76.17921,43.26531,5.042,1.646432,240.4615,57.54977,30.05,0.922,0,0.099,0,0.01
"2026-06-25 11:45:00",247781,77.4222,40.79388,6.138,1.822282,166.371,35.43375,30.05,0.505,0,0.099,0,0.01
"2026-06-25 12:00:00",247782,77.20947,40.69758,6.795,2.368576,213.3819,32.21197,30.04,0.941,0.004,0.102,0,0.01
"2026-06-25 12:15:00",247783,80.35011,37.46466,8.11,2.631615,220.41,44.5083,30.03,0.928,0,0.102,0,0.01
"2026-06-25 12:30:00",247784,80.78088,33.7907,11.4,4.011117,230.8226,34.64985,30.03,0.9,0,0.102,0,0.01
"2026-06-25 12:45:00",247785,81.69865,31.09618,12.49,3.800197,206.8055,41.81181,30.03,0.914,0,0.102,0,0.01
"2026-06-25 13:00:00",247786,82.68491,28.87795,12.71,4.837988,165.6226,39.14047,30.01,0.909,0,0.102,0,0.01
"2026-06-25 13:15:00",247787,83.35775,27.18282,13.59,4.98047,197.0632,27.79005,30.01,0.914,0,0.102,0,0.01
"2026-06-25 13:30:00",247788,84.44099,25.72979,12.06,4.647042,182.7289,29.88339,30,0.932,0,0.102,0,0.01
"2026-06-25 13:45:00",247789,85.86249,25.33025,11.62,4.601494,181.351,35.5315,29.99,0.928,0,0.102,0,0.01
"2026-06-25 14:00:00",247790,85.54624,24.98806,13.81,5.874804,163.6129,31.87955,29.98,0.939,0.004,0.106,0,0.01
"2026-06-25 14:15:00",247791,85.74702,24.47283,10.52,4.860886,165.6975,37.45344,29.97,1.032,0,0.106,0,0.01
"2026-06-25 14:30:00",247792,86.4791,23.99888,11.4,4.686986,158.0824,34.46152,29.97,0.799,0,0.106,0,0.01
"2026-06-25 14:45:00",247793,86.60897,23.74031,10.3,4.029381,223.485,37.25138,29.96,0.382,0,0.106,0,0.01
"2026-06-25 15:00:00",247794,85.66999,24.15019,11.18,4.729359,188.1583,28.05222,29.96,0.327,0,0.106,0,0.01
"2026-06-25 15:15:00",247795,84.81009,24.348,9.43,3.806528,181.4863,29.25464,29.95,0.319,0,0.106,0,0.01
"2026-06-25 15:30:00",247796,85.40157,22.29717,14.47,4.685519,233.6455,26.4464,29.95,0.29,0,0.106,0,0.01
"2026-06-25 15:45:00",247797,84.94539,23.50681,14.91,5.976362,204.4814,28.12962,29.94,0.344,0,0.106,0,0.01
"2026-06-25 16:00:00",247798,85.57504,24.03254,10.3,4.303623,180.7483,29.02175,29.94,0.463,0,0.106,0,0.01
"2026-06-25 16:15:00",247799,86.10687,23.17632,14.25,5.876996,195.3155,28.13346,29.93,0.43,0,0.106,0,0.01
"2026-06-25 16:30:00",247800,86.45315,22.10042,12.28,5.063272,198.66,33.03741,29.93,0.358,0,0.106,0,0.01
"2026-06-25 16:45:00",247801,86.52243,22.08744,14.91,5.694334,202.4019,28.9305,29.93,0.613,0,0.106,0,0.01
"2026-06-25 17:00:00",247802,87.3746,20.53569,16.22,6.276182,213.8251,32.33018,29.93,0.666,0,0.106,0,0.01
"2026-06-25 17:15:00",247803,87.40611,18.99912,16.66,7.589678,224.7099,26.50992,29.92,0.66,0,0.106,0,0.01
"2026-06-25 17:30:00",247804,86.90878,19.41873,26.74,9.980662,225.5489,32.25272,29.93,0.572,0,0.106,0,0.01
"2026-06-25 17:45:00",247805,84.87122,24.75607,28.5,9.705688,208.7098,30.32813,29.93,0.497,0,0.106,0,0.01
"2026-06-25 18:00:00",247806,84.3099,24.34936,23.02,9.217119,210.3184,28.57919,29.93,0.509,0,0.106,0,0.01
"2026-06-25 18:15:00",247807,84.83794,23.0355,22.8,8.014682,214.1131,30.3316,29.92,0.495,0,0.106,0,0.01
"2026-06-25 18:30:00",247808,84.69217,22.6392,18.63,7.035108,206.9968,31.04372,29.92,0.333,0,0.106,0,0.01
"2026-06-25 18:45:00",247809,84.16278,23.22055,13.37,5.069848,198.9183,31.78203,29.91,0.368,0,0.106,0,0.01
"2026-06-25 19:00:00",247810,83.95969,24.04416,10.08,4.788303,215.2671,27.56532,29.91,0.096,0,0.106,0,0.01
"2026-06-25 19:15:00",247811,82.25304,26.17514,10.52,4.447083,213.2923,30.28667,29.92,0.079,0,0.106,0,0.01
"2026-06-25 19:30:00",247812,80.69693,27.25466,8.77,3.012047,194.9202,29.1941,29.91,0.117,0,0.106,0,0.01
"2026-06-25 19:45:00",247813,80.77354,26.60909,5.918,2.368574,182.1698,22.98048,29.91,0.14,0,0.106,0,0.01
"2026-06-25 20:00:00",247814,80.9208,26.00691,6.576,1.89827,193.3928,24.21476,29.91,0.034,0,0.106,0,0.01
"2026-06-25 20:15:00",247815,80.3478,26.60305,3.946,1.0921,236.4177,32.21355,29.91,0.028,0,0.106,0,0.01
"2026-06-25 20:30:00",247816,78.36797,30.47219,4.384,2.338132,291.1216,14.87494,29.91,0.018,0,0.106,0,0.01
"2026-06-25 20:45:00",247817,76.70643,33.56632,3.946,1.187331,15.61092,21.26026,29.93,0.01,0,0.106,0,0.01
"2026-06-25 21:00:00",247818,75.25994,35.81572,13.81,2.398046,352.4977,37.28648,29.94,0.001,0,0.106,0,0.01
"2026-06-25 21:15:00",247819,73.86942,34.98396,10.52,2.772877,344.0923,58.90539,29.96,0,0,0.106,0,0.01
"2026-06-25 21:30:00",247820,73.53999,34.54562,17.1,4.307764,335.1801,33.36031,29.97,0,0,0.106,0,0.01
"2026-06-25 21:45:00",247821,72.97676,36.51419,5.918,3.033483,59.21243,47.09007,29.97,0,0,0.106,0,0.01
"2026-06-25 22:00:00",247822,72.319,37.23365,7.234,2.472572,12.84369,41.50728,29.98,0,0,0.106,0,0.01
"2026-06-25 22:15:00",247823,71.21365,39.86217,6.795,2.350553,329.9415,21.30685,29.99,0,0,0.106,0,0.01
"2026-06-25 22:30:00",247824,71.11301,44.19184,7.891,3.266322,80.49828,20.60653,29.97,0,0,0.106,0,0.01
"2026-06-25 22:45:00",247825,69.86083,46.7609,3.069,0.7443054,327.8289,29.95462,29.97,0,0,0.106,0,0.01
"2026-06-25 23:00:00",247826,69.40778,45.22547,6.576,2.182499,38.06766,32.69329,29.96,0,0,0.106,0,0.01
"2026-06-25 23:15:00",247827,69.79601,43.30536,6.138,2.418746,303.3698,62.98446,29.96,0,0,0.106,0,0.01
"2026-06-25 23:30:00",247828,70.78312,39.89062,7.014,2.28674,240.8484,71.55031,29.96,0,0,0.106,0,0.01
"2026-06-25 23:45:00",247829,71.27727,39.79311,7.453,2.124289,206.6817,68.07178,29.95,0,0,0.106,0,0.01
"2026-06-26 00:00:00",247830,69.49899,43.75395,5.699,3.195686,288.1822,20.1382,29.95,0,0,0.106,0,0.01
"2026-06-26 00:15:00",247831,68.44333,45.24852,7.234,2.34982,248.218,53.91102,29.96,0,0,0,0,0
"2026-06-26 00:30:00",247832,68.08448,47.05539,6.795,2.759486,154.1205,25.53797,29.96,0,0,0,0,0
"2026-06-26 00:45:00",247833,67.96886,47.08299,6.576,2.470869,28.83493,65.10897,29.96,0,0,0,0,0
"2026-06-26 01:00:00",247834,67.35363,48.67226,8.99,1.899001,323.9055,46.57506,29.93,0,0,0,0,0
"2026-06-26 01:15:00",247835,70.00866,41.50221,13.59,4.040345,269.0634,70.15022,29.94,0,0,0,0,0
"2026-06-26 01:30:00",247836,67.6907,52.80017,6.576,2.495957,265.5554,48.38851,29.95,0,0,0,0,0
"2026-06-26 01:45:00",247837,64.7011,60.42562,10.08,4.214001,9.60709,70.32844,29.95,0,0,0,0,0
"2026-06-26 02:00:00",247838,63.77109,57.95714,10.96,3.591469,15.43761,58.40281,29.95,0,0,0,0,0
"2026-06-26 02:15:00",247839,64.39043,53.85045,12.49,2.772882,349.8596,76.31034,29.95,0,0,0,0,0
"2026-06-26 02:30:00",247840,64.10278,53.56892,8.55,3.474808,333.2569,38.1844,29.95,0,0,0,0,0
"2026-06-26 02:45:00",247841,65.12255,50.87541,4.603,1.728266,17.26532,68.44182,29.95,0,0,0,0,0
"2026-06-26 03:00:00",247842,64.92296,51.36735,4.822,1.009534,57.33417,33.16658,29.95,0,0,0,0,0
"2026-06-26 03:15:00",247843,64.28978,52.79583,6.138,1.698067,109.9958,74.40578,29.95,0,0,0,0,0
"2026-06-26 03:30:00",247844,64.43867,52.46804,5.042,1.249438,128.1088,17.20074,29.95,0,0,0,0,0
"2026-06-26 03:45:00",247845,63.27463,54.87437,5.48,1.322263,288.2683,37.2648,29.95,0,0,0,0,0
"2026-06-26 04:00:00",247846,60.44783,61.85874,2.411,0.3982126,16.24481,23.02898,29.95,0,0,0,0,0
"2026-06-26 04:15:00",247847,59.40659,63.73001,2.192,0.1724372,110.1241,5.856883,29.95,0,0,0,0,0
"2026-06-26 04:30:00",247848,58.93526,64.95523,2.192,0.4457065,301.0669,4.971062,29.95,0,0,0,0,0
"2026-06-26 04:45:00",247849,58.74243,66.17351,3.288,0.7499063,98.9781,33.26721,29.95,0,0,0,0,0
"2026-06-26 05:00:00",247850,58.86935,65.14857,3.288,0.6909647,118.0852,12.72217,29.95,0,0,0,0,0
"2026-06-26 05:15:00",247851,58.76227,64.5425,2.85,0.4113645,299.6425,32.84128,29.95,0,0.004,0.004,0,0
"2026-06-26 05:30:00",247852,58.44921,65.79876,1.973,0.3882267,64.89602,21.88222,29.95,0,0,0.004,0,0
"2026-06-26 05:45:00",247853,58.40234,65.53326,2.85,0.5423973,114.1056,33.6473,29.96,0,0,0.004,0,0
"2026-06-26 06:00:00",247854,58.26464,65.55093,4.384,0.8765554,76.85799,52.33974,29.95,0.002,0,0.004,0,0
"2026-06-26 06:15:00",247855,57.53028,67.02805,2.63,0.3560777,15.64172,45.80734,29.96,0.008,0,0.004,0,0
"2026-06-26 06:30:00",247856,57.48942,67.36333,3.069,0.7840044,99.85122,7.549388,29.96,0.016,0,0.004,0,0
"2026-06-26 06:45:00",247857,57.83122,66.34792,1.315,0.1013192,114.8887,0.8124912,29.96,0.083,0,0.004,0,0
"2026-06-26 07:00:00",247858,60.1893,62.64727,3.288,0.6958368,325.1383,43.31591,29.96,0.125,0,0.004,0,0
"2026-06-26 07:15:00",247859,59.42194,65.08791,2.63,0.7162954,340.8896,22.37518,29.96,0.16,0,0.004,0,0
"2026-06-26 07:30:00",247860,59.98128,64.85516,2.192,0.6483434,41.08099,35.70604,29.96,0.2,0,0.004,0,0
"2026-06-26 07:45:00",247861,62.39649,60.56924,3.069,0.8711968,317.3258,16.13379,29.97,0.243,0,0.004,0,0
"2026-06-26 08:00:00",247862,62.84633,62.14988,2.85,1.170769,10.9197,30.32224,29.96,0.285,0,0.004,0,0
"2026-06-26 08:15:00",247863,64.39114,60.10529,1.534,0.06405514,355.5929,13.79068,29.97,0.329,0,0.004,0,0
"2026-06-26 08:30:00",247864,67.62892,52.79039,2.192,0.3490147,188.9398,27.61301,29.96,0.375,0,0.004,0,0
"2026-06-26 08:45:00",247865,70.89781,45.8689,1.754,0.2391713,171.9674,42.20479,29.96,0.421,0,0.004,0,0
"2026-06-26 09:00:00",247866,73.03719,39.25368,4.822,1.048018,207.409,25.47361,29.96,0.464,0,0.004,0,0
"2026-06-26 09:15:00",247867,73.83075,37.001,5.699,2.051223,196.6589,26.58656,29.96,0.505,0,0.004,0,0
"2026-06-26 09:30:00",247868,75.40897,33.83137,6.357,2.406815,216.3771,32.11256,29.96,0.549,0,0.004,0,0
"2026-06-26 09:45:00",247869,76.58037,30.93814,7.672,2.900257,226.3044,31.23831,29.95,0.594,0,0.004,0,0
"2026-06-26 10:00:00",247870,77.4324,30.2448,9.64,4.308493,225.5096,29.7172,29.95,0.633,0,0.004,0,0
"2026-06-26 10:15:00",247871,78.74005,28.67494,10.96,4.438067,211.4182,31.5345,29.95,0.668,0,0.004,0,0
"2026-06-26 10:30:00",247872,80.75996,24.61969,20.6,5.281502,209.9965,41.91335,29.94,0.705,0,0.004,0,0
"2026-06-26 10:45:00",247873,82.40859,16.36309,20.39,8.661325,206.6859,28.30892,29.94,0.741,0,0.004,0,0
"2026-06-26 11:00:00",247874,83.02655,17.73341,24.99,8.509103,212.7145,31.78176,29.94,0.778,0,0.004,0,0
"2026-06-26 11:15:00",247875,83.68826,15.74484,24.77,9.284824,209.149,30.02912,29.93,0.815,0,0.004,0,0
"2026-06-26 11:30:00",247876,84.0238,15.93834,22.14,8.884178,209.2655,30.72589,29.93,0.835,0,0.004,0,0
"2026-06-26 11:45:00",247877,84.07231,17.28043,21.48,9.455068,217.8075,25.906,29.93,0.865,0,0.004,0,0
"2026-06-26 12:00:00",247878,84.88508,16.80829,21.04,8.594344,213.7131,29.67338,29.92,0.883,0,0.004,0,0
"2026-06-26 12:15:00",247879,85.80096,15.23006,22.36,7.580174,215.2712,33.0112,29.92,0.899,0,0.004,0,0
"2026-06-26 12:30:00",247880,86.20306,14.1934,17.54,7.686849,208.3975,29.45455,29.92,0.916,0,0.004,0,0
"2026-06-26 12:45:00",247881,86.90851,12.77576,22.36,8.370998,186.1962,31.31785,29.91,0.939,0,0.004,0,0
"2026-06-26 13:00:00",247882,87.53883,12.85893,16.88,7.08381,198.0083,34.16049,29.91,0.934,0,0.004,0,0
"2026-06-26 13:15:00",247883,88.15504,12.70301,16.22,6.861934,193.8776,33.79966,29.9,0.952,0,0.004,0,0
"2026-06-26 13:30:00",247884,88.6775,8.714404,29.15,8.68787,199.9285,33.89558,29.89,0.952,0,0.004,0,0
"2026-06-26 13:45:00",247885,89.31951,8.507917,22.8,7.843704,184.8476,34.86654,29.88,0.937,0,0.004,0,0
"2026-06-26 14:00:00",247886,90.06137,8.617576,22.8,9.487212,196.9375,32.93734,29.88,0.923,0,0.004,0,0
"2026-06-26 14:15:00",247887,89.92525,8.205206,27.62,10.45802,194.0344,32.33548,29.88,0.935,0,0.004,0,0
"2026-06-26 14:30:00",247888,89.92634,7.889665,28.06,9.668904,188.9323,33.10548,29.88,0.906,0,0.004,0,0
"2026-06-26 14:45:00",247889,90.45764,7.436315,32,11.39865,178.5512,27.30408,29.87,0.875,0,0.004,0,0
"2026-06-26 15:00:00",247890,90.57691,6.782138,30.69,10.16455,178.2189,29.68425,29.87,0.827,0,0.004,0,0
"2026-06-26 15:15:00",247891,91.00985,7.012625,28.93,9.867165,190.5922,32.0407,29.86,0.805,0,0.004,0,0
"2026-06-26 15:30:00",247892,90.67105,6.906136,29.37,11.48316,187.4051,31.67075,29.85,0.81,0,0.004,0,0
"2026-06-26 15:45:00",247893,90.99246,6.789535,23.02,8.806489,196.4911,30.65317,29.85,0.805,0,0.004,0,0
"2026-06-26 16:00:00",247894,90.57405,6.709913,28.93,10.52769,191.8462,29.69278,29.85,0.708,0,0.004,0,0
"2026-06-26 16:15:00",247895,90.84887,6.896325,27.4,8.735121,203.4801,31.97731,29.84,0.653,0,0.004,0,0
"2026-06-26 16:30:00",247896,90.79834,6.872401,28.06,10.11876,195.3476,34.67614,29.84,0.636,0,0.004,0,0
"2026-06-26 16:45:00",247897,90.42271,6.487502,26.3,10.18062,186.5443,28.32958,29.83,0.504,0,0.004,0,0
"2026-06-26 17:00:00",247898,90.44758,6.68697,24.99,9.340112,186.5578,29.36793,29.83,0.478,0,0.004,0,0
"2026-06-26 17:15:00",247899,89.76672,6.422975,22.8,9.431684,176.7579,29.32891,29.83,0.349,0,0.004,0,0
"2026-06-26 17:30:00",247900,88.98574,7.629519,21.26,7.345875,205.4611,31.7627,29.83,0.32,0,0.004,0,0
"2026-06-26 17:45:00",247901,88.41029,7.737215,28.93,9.539582,219.334,31.86563,29.83,0.43,0,0.004,0,0
"2026-06-26 18:00:00",247902,88.10192,7.548313,23.24,9.250967,237.4243,27.9862,29.83,0.225,0,0.004,0,0
"2026-06-26 18:15:00",247903,87.17042,7.299864,20.6,8.704674,237.1242,26.66426,29.83,0.19,0,0.004,0,0
"2026-06-26 18:30:00",247904,86.06219,7.676537,20.39,8.551474,230.5827,27.12145,29.83,0.167,0,0.004,0,0
"2026-06-26 18:45:00",247905,85.07743,7.92023,16.66,6.995158,237.2915,24.56226,29.83,0.136,0,0.004,0,0
"2026-06-26 19:00:00",247906,83.94596,8.313431,17.32,6.762804,233.512,30.21694,29.84,0.097,0,0.004,0,0
"2026-06-26 19:15:00",247907,83.04816,8.675236,13.81,6.218705,227.0092,28.81535,29.84,0.096,0,0.004,0,0
"2026-06-26 19:30:00",247908,82.79412,7.607557,21.04,6.998084,237.0993,29.05719,29.84,0.096,0,0.004,0,0
"2026-06-26 19:45:00",247909,82.57501,7.499861,21.48,6.805911,232.1818,30.54758,29.85,0.073,0,0.004,0,0
"2026-06-26 20:00:00",247910,81.72176,7.670801,14.03,5.878459,231.6578,31.01019,29.85,0.048,0,0.004,0,0
"2026-06-26 20:15:00",247911,81.6056,7.754196,24.77,7.220936,232.9117,28.36265,29.85,0.035,0,0.004,0,0
"2026-06-26 20:30:00",247912,80.68361,8.858401,14.47,5.774209,230.9274,29.67332,29.85,0.026,0,0.004,0,0
"2026-06-26 20:45:00",247913,80.27295,9.423976,14.91,6.005104,232.5458,30.64273,29.84,0.012,0,0.004,0,0
"2026-06-26 21:00:00",247914,79.80088,9.955891,11.62,3.529361,199.4661,39.04095,29.84,0.004,0,0.004,0,0
"2026-06-26 21:15:00",247915,78.2381,10.96417,7.234,2.231696,162.4517,26.93081,29.84,0,0,0.004,0,0
"2026-06-26 21:30:00",247916,77.24751,11.19617,6.357,2.942392,154.7645,27.95848,29.84,0,0,0.004,0,0
"2026-06-26 21:45:00",247917,76.45186,11.8585,7.891,2.481098,145.7768,23.24237,29.84,0,0,0.004,0,0
"2026-06-26 22:00:00",247918,76.03236,12.51879,8.99,2.720026,163.1363,32.14692,29.84,0,0,0.004,0,0
"2026-06-26 22:15:00",247919,76.30242,12.76135,10.74,3.845986,177.1687,27.0498,29.85,0,0,0.004,0,0
"2026-06-26 22:30:00",247920,75.54195,14.13944,12.28,4.441477,186.3578,27.51575,29.85,0,0,0.004,0,0
"2026-06-26 22:45:00",247921,73.95817,15.8294,11.84,4.140445,198.0778,27.10161,29.85,0,0,0.004,0,0
"2026-06-26 23:00:00",247922,72.74281,16.15134,10.08,4.632184,191.237,27.70907,29.85,0,0,0.004,0,0
"2026-06-26 23:15:00",247923,72.71114,15.26267,11.84,5.403033,184.422,25.77313,29.85,0,0,0.004,0,0
"2026-06-26 23:30:00",247924,72.42558,15.11569,14.03,5.079596,190.1447,26.50192,29.85,0,0,0.004,0,0
"2026-06-26 23:45:00",247925,71.44395,15.53856,11.84,4.526728,208.4582,29.82348,29.85,0,0,0.004,0,0
"2026-06-27 00:00:00",247926,70.53016,15.63246,12.06,3.603159,197.8048,33.77521,29.86,0,0,0.004,0,0
"2026-06-27 00:15:00",247927,70.19085,15.69986,8.77,2.965531,146.4449,29.63017,29.86,0,0,0,0,0
"2026-06-27 00:30:00",247928,70.24873,15.37519,5.918,2.381973,142.811,23.77417,29.86,0,0,0,0,0
"2026-06-27 00:45:00",247929,70.65112,14.78386,6.795,1.861004,148.6689,24.08368,29.86,0,0,0,0,0
"2026-06-27 01:00:00",247930,70.50402,14.53807,7.453,2.138413,164.8683,28.71629,29.85,0,0,0,0,0
"2026-06-27 01:15:00",247931,70.52297,14.82039,7.014,2.096767,159.7416,26.3461,29.85,0,0,0,0,0
"2026-06-27 01:30:00",247932,69.69029,15.73892,7.672,2.185907,128.555,19.68225,29.85,0,0,0,0,0
"2026-06-27 01:45:00",247933,67.55583,17.58208,3.069,0.8198063,127.3495,16.77005,29.84,0,0,0,0,0
"2026-06-27 02:00:00",247934,66.20013,18.23868,4.603,1.58603,197.6702,27.01843,29.84,0,0,0,0,0
"2026-06-27 02:15:00",247935,66.48705,17.19814,4.603,1.855648,183.436,21.72191,29.84,0,0,0,0,0
"2026-06-27 02:30:00",247936,65.72963,18.95803,3.069,0.7413814,119.1837,20.05596,29.84,0,0,0,0,0
"2026-06-27 02:45:00",247937,64.65972,19.79576,3.507,1.914588,121.1636,11.62008,29.84,0,0,0,0,0
"2026-06-27 03:00:00",247938,65.0325,18.01783,3.726,2.11406,133.4494,16.9877,29.83,0,0,0,0,0
"2026-06-27 03:15:00",247939,65.03035,17.78019,3.726,0.7148335,155.3036,21.74751,29.83,0,0,0,0,0
"2026-06-27 03:30:00",247940,63.38086,20.27711,3.726,0.7284732,168.7346,22.8142,29.83,0,0,0,0,0
"2026-06-27 03:45:00",247941,63.28218,18.29099,5.042,1.725101,176.8694,21.22348,29.83,0,0,0,0,0
"2026-06-27 04:00:00",247942,63.95677,18.07086,5.699,1.753111,161.7664,32.18861,29.83,0,0,0,0,0
"2026-06-27 04:15:00",247943,64.05936,17.20936,4.603,1.387047,179.4914,28.64367,29.83,0,0,0,0,0
"2026-06-27 04:30:00",247944,63.69014,17.63108,4.822,1.278422,167.0662,26.46523,29.83,0,0,0,0,0
"2026-06-27 04:45:00",247945,62.58371,19.38063,5.699,1.633768,143.6147,27.95117,29.83,0,0,0,0,0
"2026-06-27 05:00:00",247946,61.84595,19.86312,5.042,1.000769,172.7373,28.93002,29.83,0,0,0,0,0
"2026-06-27 05:15:00",247947,62.28678,17.5266,5.261,2.195409,185.3218,22.47676,29.83,0,0,0,0,0
"2026-06-27 05:30:00",247948,62.31641,17.40898,4.384,1.837137,151.1957,28.58797,29.83,0,0,0,0,0
"2026-06-27 05:45:00",247949,61.92109,18.40612,4.603,1.412617,150.552,28.35443,29.83,0,0,0,0,0
"2026-06-27 06:00:00",247950,62.28325,16.79655,6.357,2.267743,164.242,25.02459,29.83,0.002,0,0,0,0
"2026-06-27 06:15:00",247951,63.06558,15.82787,5.918,1.958671,170.6316,25.43064,29.83,0.011,0,0,0,0
"2026-06-27 06:30:00",247952,64.02431,15.10597,7.672,2.760211,177.6143,24.73236,29.83,0.029,0,0,0,0
"2026-06-27 06:45:00",247953,64.56929,15.23655,7.014,2.898552,181.8254,23.67575,29.83,0.046,0,0,0,0
"2026-06-27 07:00:00",247954,65.39429,14.91662,7.453,3.104113,185.8479,25.71074,29.83,0.105,0,0,0,0
"2026-06-27 07:15:00",247955,66.03246,14.99995,7.453,2.85715,192.4187,28.82278,29.83,0.1,0,0,0,0
"2026-06-27 07:30:00",247956,66.47368,15.61924,7.453,2.718809,201.7106,32.70595,29.83,0.083,0,0,0,0
"2026-06-27 07:45:00",247957,66.70039,16.11551,8.33,3.40369,194.334,24.8153,29.83,0.147,0,0,0,0
"2026-06-27 08:00:00",247958,68.01464,15.26158,13.81,4.970235,193.6902,28.90619,29.83,0.151,0,0,0,0
"2026-06-27 08:15:00",247959,69.08595,15.49367,14.25,5.241309,200.1238,31.56094,29.83,0.097,0,0,0,0
"2026-06-27 08:30:00",247960,69.71793,15.10503,18.41,6.19021,200.689,28.84609,29.83,0.191,0,0,0,0
"2026-06-27 08:45:00",247961,70.65607,14.96598,20.82,6.850978,209.1378,32.6307,29.83,0.253,0,0,0,0
"2026-06-27 09:00:00",247962,71.76305,14.3884,22.14,8.161061,200.8893,31.34926,29.84,0.345,0,0,0,0
"2026-06-27 09:15:00",247963,72.37279,14.56462,23.02,7.667857,200.4738,30.73178,29.84,0.273,0,0,0,0
"2026-06-27 09:30:00",247964,72.33076,14.79823,18.19,8.166168,189.3223,27.38238,29.83,0.145,0,0,0,0
"2026-06-27 09:45:00",247965,72.4207,15.33038,25.21,8.248739,192.5688,25.31481,29.83,0.278,0,0,0,0
"2026-06-27 10:00:00",247966,72.76197,15.90059,20.39,7.323962,191.9694,31.96721,29.83,0.414,0,0,0,0
"2026-06-27 10:15:00",247967,73.45264,16.13306,19.95,8.043669,188.4821,28.28266,29.83,0.285,0,0,0,0
"2026-06-27 10:30:00",247968,75.24866,16.67727,19.07,7.739227,192.1899,30.62484,29.82,0.688,0,0,0,0
"2026-06-27 10:45:00",247969,75.96688,16.7412,21.26,8.960655,203.7478,26.96659,29.82,0.654,0,0,0,0
"2026-06-27 11:00:00",247970,76.02883,18.47098,19.73,7.675891,208.6116,31.15679,29.82,0.257,0,0,0,0
"2026-06-27 11:15:00",247971,75.25356,19.96861,17.76,6.762805,201.1702,32.12314,29.83,0.468,0,0,0,0
"2026-06-27 11:30:00",247972,75.67725,21.71484,15.12,5.484383,237.0631,28.95101,29.83,0.252,0,0,0,0
"2026-06-27 11:45:00",247973,74.58289,22.13815,14.03,5.411314,243.3585,28.07421,29.82,0.186,0,0,0,0
"2026-06-27 12:00:00",247974,74.67866,22.01559,11.62,4.126558,238.4944,25.95545,29.82,0.781,0,0,0,0
"2026-06-27 12:15:00",247975,75.90372,21.66903,8.99,3.802142,230.0513,30.0228,29.82,0.25,0,0,0,0
"2026-06-27 12:30:00",247976,75.51519,21.05848,24.33,6.923063,240.3819,28.49607,29.81,0.631,0,0,0,0
"2026-06-27 12:45:00",247977,77.19725,19.91246,24.99,9.140647,239.5641,25.742,29.81,0.823,0,0,0,0
"2026-06-27 13:00:00",247978,78.39188,19.71571,23.24,10.02012,251.2992,23.12477,29.8,0.839,0,0,0,0
"2026-06-27 13:15:00",247979,79.00468,20.10476,22.36,9.353751,238.3069,27.5893,29.79,0.216,0,0,0,0
"2026-06-27 13:30:00",247980,79.36346,19.86937,23.67,10.75858,240.7308,26.61688,29.79,0.873,0,0,0,0
"2026-06-27 13:45:00",247981,79.79056,20.27736,25.87,11.62809,245.4949,25.58781,29.79,0.803,0,0,0,0
"2026-06-27 14:00:00",247982,79.68881,20.34483,26.52,10.55447,244.7855,26.30699,29.78,0.228,0,0,0,0
"2026-06-27 14:15:00",247983,78.38496,21.00452,23.24,9.155007,242.6253,25.45351,29.78,0.195,0,0,0,0
"2026-06-27 14:30:00",247984,77.92267,21.74813,18.63,8.010056,241.3873,26.28353,29.78,0.236,0,0,0,0
"2026-06-27 14:45:00",247985,78.45682,20.11268,25.65,9.822839,235.7317,28.16843,29.77,0.762,0,0,0,0
"2026-06-27 15:00:00",247986,80.5422,17.65484,32,11.41984,221.6697,29.08654,29.77,0.774,0,0,0,0
"2026-06-27 15:15:00",247987,81.27658,17.29107,29.81,11.47974,228.3821,27.35735,29.77,0.78,0,0,0,0
"2026-06-27 15:30:00",247988,80.80628,17.44843,32.88,10.99653,226.1097,30.26364,29.77,0.586,0,0,0,0
"2026-06-27 15:45:00",247989,80.03168,17.71288,30.69,10.68063,225.1515,29.86788,29.77,0.345,0,0,0,0
"2026-06-27 16:00:00",247990,79.98142,18.11325,25.43,11.10321,217.4336,32.90594,29.77,0.241,0,0,0,0
"2026-06-27 16:15:00",247991,79.31048,18.17287,25.21,11.03355,230.8206,27.5564,29.77,0.228,0,0,0,0
"2026-06-27 16:30:00",247992,78.82618,18.38773,32.22,10.53306,237.5488,24.80691,29.77,0.214,0,0,0,0
"2026-06-27 16:45:00",247993,79.4485,18.08389,24.99,9.796778,247.8924,27.06428,29.77,0.324,0,0,0,0
"2026-06-27 17:00:00",247994,78.7732,19.06297,26.96,11.08665,260.1581,20.21273,29.77,0.183,0,0,0,0
"2026-06-27 17:15:00",247995,78.85023,19.45239,24.55,8.931911,232.6252,29.1382,29.76,0.165,0,0,0,0
"2026-06-27 17:30:00",247996,78.67743,19.13308,20.82,7.532687,225.7754,30.05819,29.76,0.115,0,0,0,0
"2026-06-27 17:45:00",247997,78.51876,18.25959,26.08,9.933412,224.7644,26.17117,29.76,0.07,0,0,0,0
"2026-06-27 18:00:00",247998,77.54189,19.18251,29.15,11.25469,233.2388,28.46072,29.76,0.148,0,0,0,0
"2026-06-27 18:15:00",247999,77.29819,20.09344,23.67,9.323794,248.0087,26.05276,29.75,0.089,0,0,0,0
"2026-06-27 18:30:00",248000,77.01331,20.79637,17.32,7.578964,227.4421,28.80716,29.75,0.051,0,0,0,0
"2026-06-27 18:45:00",248001,76.95789,20.05223,28.72,10.46071,226.0174,31.59461,29.75,0.063,0,0,0,0
"2026-06-27 19:00:00",248002,76.74828,19.84861,23.45,8.370514,238.1027,24.91447,29.75,0.032,0,0,0,0
"2026-06-27 19:15:00",248003,76.27797,21.05886,18.63,6.423296,246.4818,30.55149,29.75,0.03,0,0,0,0
"2026-06-27 19:30:00",248004,74.30357,24.83795,14.47,5.167027,277.7682,28.84532,29.76,0.029,0,0,0,0
"2026-06-27 19:45:00",248005,73.48375,26.09672,5.48,1.847123,345.1161,60.42599,29.76,0.023,0,0,0,0
"2026-06-27 20:00:00",248006,71.99596,28.81011,7.891,2.747793,64.73293,39.5785,29.76,0.022,0,0,0,0
"2026-06-27 20:15:00",248007,71.67564,28.40008,17.32,8.623084,65.86725,23.72516,29.76,0.015,0,0,0,0
"2026-06-27 20:30:00",248008,71.77385,27.91624,13.59,5.430567,90.2171,27.5626,29.77,0.031,0,0,0,0
"2026-06-27 20:45:00",248009,72.32077,26.47,14.69,5.470509,149.0448,22.66388,29.77,0.002,0,0,0,0
"2026-06-27 21:00:00",248010,72.09521,26.55753,12.28,3.356193,234.1051,76.30876,29.77,0.001,0,0,0,0
"2026-06-27 21:15:00",248011,71.26931,27.86819,11.62,4.423214,307.6127,31.48166,29.78,0,0,0,0,0
"2026-06-27 21:30:00",248012,69.64256,30.51608,4.603,0.5545754,235.1127,53.25904,29.79,0,0,0,0,0
"2026-06-27 21:45:00",248013,69.95528,30.00122,11.18,3.020331,97.85176,95.91134,29.78,0,0,0,0,0
"2026-06-27 22:00:00",248014,68.66178,31.81623,6.795,3.628732,39.85154,18.11448,29.78,0,0,0,0,0
"2026-06-27 22:15:00",248015,67.03156,35.49813,7.672,1.950634,5.248183,37.34558,29.79,0,0,0,0,0
"2026-06-27 22:30:00",248016,65.74131,39.00116,9.21,2.17446,26.56015,33.38179,29.8,0,0,0,0,0
"2026-06-27 22:45:00",248017,65.02579,39.86306,4.822,0.9082175,23.74898,29.61922,29.8,0,0,0,0,0
"2026-06-27 23:00:00",248018,63.37978,42.48484,7.891,2.439451,299.0883,37.41829,29.8,0,0,0,0,0
"2026-06-27 23:15:00",248019,62.37798,42.74263,13.81,5.309268,37.8906,27.37027,29.81,0,0,0,0,0
"2026-06-27 23:30:00",248020,62.25333,42.31413,13.15,6.62008,44.22898,16.27562,29.81,0,0,0,0,0
"2026-06-27 23:45:00",248021,61.58391,43.10686,11.18,4.485562,57.59272,20.20214,29.82,0,0,0,0,0
"2026-06-28 00:00:00",248022,61.26965,43.50786,9.21,4.16675,38.62857,30.06299,29.82,0,0,0,0,0
"2026-06-28 00:15:00",248023,60.11793,45.3869,5.48,1.841768,26.06701,29.43657,29.83,0,0,0,0,0
"2026-06-28 00:30:00",248024,59.98062,45.43983,10.08,4.562521,44.68476,18.42153,29.84,0,0,0,0,0
"2026-06-28 00:45:00",248025,59.39453,45.84457,7.453,3.510606,35.31857,20.77875,29.85,0,0,0,0,0
"2026-06-28 01:00:00",248026,59.39018,44.94293,7.891,2.047814,14.5712,29.66498,29.85,0,0,0,0,0
"2026-06-28 01:15:00",248027,58.08192,46.40773,5.261,2.095309,314.6341,17.25418,29.85,0,0,0,0,0
"2026-06-28 01:30:00",248028,57.31823,47.44915,3.069,1.129365,337.5837,33.18745,29.85,0,0,0,0,0
"2026-06-28 01:45:00",248029,56.74073,48.59286,3.946,0.5061072,20.76492,21.45141,29.85,0,0,0,0,0
"2026-06-28 02:00:00",248030,56.14024,49.09365,5.48,2.314021,295.9094,13.83124,29.86,0,0,0,0,0
"2026-06-28 02:15:00",248031,55.97878,48.38033,3.946,1.126201,332.753,54.74614,29.86,0,0,0,0,0
"2026-06-28 02:30:00",248032,56.41775,48.03476,7.891,2.125996,207.0578,33.2896,29.86,0,0,0,0,0
"2026-06-28 02:45:00",248033,55.89512,50.67628,6.576,2.663035,187.58,23.82188,29.86,0,0,0,0,0
"2026-06-28 03:00:00",248034,55.37367,51.09138,4.384,1.548037,132.9962,56.99166,29.86,0,0,0,0,0
"2026-06-28 03:15:00",248035,55.14574,51.15481,3.726,1.50639,130.5968,35.29543,29.86,0,0,0,0,0
"2026-06-28 03:30:00",248036,54.47663,51.77171,3.288,1.050453,138.4331,30.93844,29.87,0,0,0,0,0
"2026-06-28 03:45:00",248037,53.67799,52.98929,1.973,0.4498463,112.351,25.21344,29.87,0,0,0,0,0
"2026-06-28 04:00:00",248038,52.54227,55.75918,2.192,0.5022113,57.39429,18.65741,29.88,0,0,0,0,0
"2026-06-28 04:15:00",248039,52.63049,54.85995,3.726,2.112107,142.0102,21.92777,29.88,0,0,0,0,0
"2026-06-28 04:30:00",248040,52.54051,54.87082,4.165,2.191513,99.6823,36.41821,29.88,0,0,0,0,0
"2026-06-28 04:45:00",248041,52.73609,54.06212,5.042,2.747309,141.7846,17.065,29.88,0,0,0,0,0
"2026-06-28 05:00:00",248042,52.24788,54.17553,2.85,0.8256525,135.353,20.81753,29.88,0,0,0,0,0
"2026-06-28 05:15:00",248043,51.24509,57.16749,6.138,2.187373,276.7362,25.50143,29.88,0,0,0,0,0
"2026-06-28 05:30:00",248044,50.23103,60.88479,2.85,0.8668134,77.98374,48.87372,29.89,0,0,0,0,0
"2026-06-28 05:45:00",248045,50.05692,61.30084,3.288,1.01465,61.93516,56.66186,29.89,0,0,0,0,0
"2026-06-28 06:00:00",248046,49.71329,61.37188,2.85,1.048018,113.7889,19.86114,29.9,0.002,0,0,0,0
"2026-06-28 06:15:00",248047,49.45477,61.65045,4.165,1.796224,116.5745,26.73828,29.9,0.005,0,0,0,0
"2026-06-28 06:30:00",248048,49.24846,61.6193,4.603,1.529285,115.4617,34.2635,29.9,0.019,0,0,0,0
"2026-06-28 06:45:00",248049,49.31555,61.16188,2.192,0.6551636,124.5564,17.97754,29.9,0.082,0,0,0,0
"2026-06-28 07:00:00",248050,50.18435,60.06233,4.384,1.374139,124.34,43.81403,29.91,0.118,0,0,0,0
"2026-06-28 07:15:00",248051,52.1329,56.34146,2.411,0.3090711,149.955,13.93429,29.91,0.153,0,0,0,0
"2026-06-28 07:30:00",248052,53.91645,55.15077,3.507,1.163463,302.7995,11.58079,29.92,0.19,0,0,0,0
"2026-06-28 07:45:00",248053,53.7456,56.77044,2.85,0.3370802,21.78079,29.18983,29.92,0.231,0,0,0,0
"2026-06-28 08:00:00",248054,55.35197,54.1073,3.288,0.9842068,316.8125,19.71707,29.91,0.273,0,0,0,0
"2026-06-28 08:15:00",248055,56.70653,50.40477,7.891,3.14649,317.9886,20.74194,29.91,0.316,0,0,0,0
"2026-06-28 08:30:00",248056,57.69613,49.04252,7.014,3.012055,321.3711,28.08114,29.91,0.36,0,0,0,0
"2026-06-28 08:45:00",248057,58.31992,46.87535,9.43,3.41903,335.4727,38.02337,29.91,0.403,0,0,0,0
"2026-06-28 09:00:00",248058,59.98619,43.51721,9.86,2.236811,344.0212,40.00177,29.91,0.448,0,0,0,0
"2026-06-28 09:15:00",248059,60.63305,41.35466,10.52,2.781648,345.4825,42.89009,29.91,0.49,0,0,0,0
"2026-06-28 09:30:00",248060,61.32258,40.46586,9.86,2.78579,338.2117,44.10641,29.91,0.529,0,0,0,0
"2026-06-28 09:45:00",248061,61.61874,39.54477,9.86,3.472858,6.678331,41.52169,29.91,0.573,0,0,0,0
"2026-06-28 10:00:00",248062,62.32821,38.46811,9.64,3.201537,2.698299,45.35841,29.91,0.613,0,0,0,0
"2026-06-28 10:15:00",248063,62.78294,37.21788,8.77,3.37763,343.6888,47.41861,29.9,0.649,0,0,0,0
"2026-06-28 10:30:00",248064,63.48075,36.19135,9.21,4.209125,313.173,28.86312,29.9,0.682,0,0,0,0
"2026-06-28 10:45:00",248065,63.61205,35.89025,8.33,2.236568,338.2076,44.73737,29.9,0.716,0,0,0,0
"2026-06-28 11:00:00",248066,64.48475,34.70427,8.33,3.498431,25.51398,49.8517,29.9,0.748,0,0,0,0
"2026-06-28 11:15:00",248067,64.80058,34.34336,7.891,2.375637,48.43589,79.78116,29.89,0.786,0,0,0,0
"2026-06-28 11:30:00",248068,65.73547,33.62111,5.48,1.813026,295.048,78.99424,29.89,0.836,0,0,0,0
"2026-06-28 11:45:00",248069,66.59755,32.5437,7.453,2.623577,335.7282,61.70297,29.89,0.414,0,0,0,0
"2026-06-28 12:00:00",248070,65.27399,33.50512,5.48,1.948442,282.0344,79.19704,29.89,0.477,0,0,0,0
"2026-06-28 12:15:00",248071,65.11044,33.19395,8.99,3.532282,201.0904,39.53903,29.89,0.324,0,0,0,0
"2026-06-28 12:30:00",248072,65.60098,32.83026,6.576,2.692017,200.7296,42.00353,29.89,0.444,0,0,0,0
"2026-06-28 12:45:00",248073,66.64429,31.52304,7.672,2.376854,204.2679,48.33501,29.88,0.375,0,0,0,0
"2026-06-28 13:00:00",248074,66.84778,29.67183,8.33,4.153842,235.9324,46.4253,29.88,0.371,0,0,0,0
"2026-06-28 13:15:00",248075,67.53204,29.54504,7.014,3.350834,281.8506,32.44513,29.88,0.365,0,0,0,0
"2026-06-28 13:30:00",248076,67.85522,29.4147,10.08,4.410302,302.7799,27.33438,29.87,0.409,0,0,0,0
"2026-06-28 13:45:00",248077,68.41708,29.64632,9.21,3.934156,295.2104,34.61223,29.87,0.299,0,0,0,0
"2026-06-28 14:00:00",248078,68.3728,30.35853,11.4,3.831129,326.0269,33.01893,29.87,0.246,0,0,0,0
"2026-06-28 14:15:00",248079,67.83837,30.55302,8.11,2.788709,349.9304,42.25038,29.87,0.313,0,0,0,0
"2026-06-28 14:30:00",248080,67.80441,31.90031,12.28,3.112638,357.5978,45.71314,29.87,0.236,0,0,0,0
"2026-06-28 14:45:00",248081,67.5656,31.67473,10.08,3.124085,358.1011,40.68034,29.87,0.349,0,0,0,0
"2026-06-28 15:00:00",248082,68.69299,30.6346,12.93,3.775601,4.903808,47.4035,29.87,0.482,0,0,0,0
"2026-06-28 15:15:00",248083,68.22771,29.99997,11.4,4.207667,7.632796,42.18176,29.87,0.934,0,0,0,0
"2026-06-28 15:30:00",248084,68.64706,28.40491,14.25,4.659463,19.40557,32.95753,29.87,0.253,0,0,0,0
"2026-06-28 15:45:00",248085,67.54317,27.93601,14.03,4.392525,358.8914,44.11619,29.87,0.223,0,0,0,0
"2026-06-28 16:00:00",248086,67.20493,28.09986,9.64,3.199102,352.5996,42.6625,29.86,0.975,0,0,0,0
"2026-06-28 16:15:00",248087,68.01511,27.66877,11.62,3.581482,3.795956,44.40919,29.86,0.564,0,0,0,0
"2026-06-28 16:30:00",248088,69.3498,26.37996,12.71,4.143854,16.97827,41.53789,29.85,0.697,0,0,0,0
"2026-06-28 16:45:00",248089,69.95582,25.67854,12.71,3.95315,359.3268,41.94889,29.85,0.816,0,0,0,0
"2026-06-28 17:00:00",248090,69.69594,25.35349,10.52,3.720553,358.4024,38.65798,29.85,0.269,0,0,0,0
"2026-06-28 17:15:00",248091,68.83643,25.94873,11.4,3.470423,348.7049,44.25714,29.85,0.636,0,0,0,0
"2026-06-28 17:30:00",248092,69.69567,24.46566,18.63,7.204373,324.8836,31.97096,29.85,0.577,0,0,0,0
"2026-06-28 17:45:00",248093,66.90266,26.79943,21.26,8.769705,319.6989,23.2708,29.85,0.17,0,0,0,0
"2026-06-28 18:00:00",248094,65.19466,28.44604,14.25,5.023341,335.0375,36.24197,29.85,0.155,0,0,0,0
"2026-06-28 18:15:00",248095,65.15826,28.1914,14.25,4.473874,335.2213,29.2883,29.85,0.165,0,0,0,0
"2026-06-28 18:30:00",248096,64.94255,29.02814,11.84,2.730013,344.7064,37.98836,29.85,0.116,0,0,0,0
"2026-06-28 18:45:00",248097,64.95873,28.73885,8.11,2.505696,346.0635,42.67248,29.84,0.135,0,0,0,0
"2026-06-28 19:00:00",248098,64.8803,28.70363,8.55,3.465308,329.95,32.47428,29.85,0.084,0,0,0,0
"2026-06-28 19:15:00",248099,63.66398,29.92939,8.11,3.505491,312.5511,23.48452,29.86,0.067,0,0,0,0
"2026-06-28 19:30:00",248100,63.32729,30.56186,14.03,6.032873,306.6302,23.52619,29.86,0.056,0,0,0,0
"2026-06-28 19:45:00",248101,61.54176,34.35233,22.36,7.582131,301.4691,25.14137,29.87,0.024,0,0,0,0
"2026-06-28 20:00:00",248102,59.86782,37.82526,14.91,7.229702,295.1862,22.2761,29.88,0.025,0,0,0,0
"2026-06-28 20:15:00",248103,59.11878,39.83117,9.64,2.818422,293.484,36.54514,29.89,0.012,0,0,0,0
"2026-06-28 20:30:00",248104,58.61983,40.84101,14.91,4.260523,313.0016,62.68547,29.89,0.006,0,0,0,0
"2026-06-28 20:45:00",248105,58.11799,41.44524,5.261,1.172474,238.0085,56.95534,29.9,0.002,0,0,0,0
"2026-06-28 21:00:00",248106,58.10144,41.70757,10.3,2.264821,261.0595,69.15216,29.89,0.001,0,0,0,0
"2026-06-28 21:15:00",248107,57.56734,43.50723,11.18,4.317021,318.6081,69.23796,29.9,0,0,0,0,0
"2026-06-28 21:30:00",248108,57.02787,45.14679,6.357,1.427964,353.7688,41.16208,29.91,0,0,0,0,0
"2026-06-28 21:45:00",248109,56.82655,45.87144,6.357,1.501274,10.51046,44.22046,29.93,0,0,0,0,0
"2026-06-28 22:00:00",248110,56.00927,48.96829,8.55,3.380306,319.6254,56.33446,29.94,0,0,0,0,0
"2026-06-28 22:15:00",248111,54.30334,58.80246,11.62,5.9749,272.5447,17.47344,29.95,0,0,0,0,0
"2026-06-28 22:30:00",248112,51.95546,69.00793,7.891,2.490842,304.5361,29.79997,29.95,0,0.004,0.004,0.01,0.01
"2026-06-28 22:45:00",248113,50.96314,73.557,3.069,1.618912,10.72281,39.99834,29.94,0,0.004,0.008,0,0.01
"2026-06-28 23:00:00",248114,51.02051,75.24968,4.822,2.3754,61.30009,19.53887,29.94,0,0.004,0.012,0,0.01
"2026-06-28 23:15:00",248115,50.63837,73.61548,6.576,3.511095,68.69284,14.82942,29.93,0,0,0.012,0,0.01
"2026-06-28 23:30:00",248116,50.0349,72.45045,8.11,3.792397,92.54707,16.18968,29.94,0,0,0.012,0,0.01
"2026-06-28 23:45:00",248117,49.30028,72.26357,8.33,1.984242,113.9841,39.42574,29.94,0,0,0.012,0,0.01
"2026-06-29 00:00:00",248118,48.64104,76.23456,3.946,1.150554,261.6259,45.80956,29.94,0,0,0.012,0,0.01
"2026-06-29 00:15:00",248119,48.26256,78.67633,3.069,0.8543919,130.475,54.70073,29.94,0,0,0,0,0
"2026-06-29 00:30:00",248120,47.60862,80.9879,5.261,2.304035,298.6046,23.74374,29.95,0,0,0,0,0
"2026-06-29 00:45:00",248121,46.7398,81.57251,2.85,1.31057,38.03402,46.06154,29.95,0,0,0,0,0
"2026-06-29 01:00:00",248122,46.57683,81.56226,5.261,2.815016,97.04636,12.07304,29.95,0,0,0,0,0
"2026-06-29 01:15:00",248123,46.6062,80.84325,1.754,0.09912717,156.9735,4.102384,29.95,0,0,0,0,0
"2026-06-29 01:30:00",248124,46.87387,80.15662,3.069,0.7194614,161.3454,16.61828,29.95,0,0,0,0,0
"2026-06-29 01:45:00",248125,46.72298,78.78144,3.726,1.500786,167.1157,31.34436,29.95,0,0,0,0,0
"2026-06-29 02:00:00",248126,47.33824,75.5797,7.672,3.357656,221.1713,46.3414,29.96,0,0,0,0,0
"2026-06-29 02:15:00",248127,48.36104,63.55804,13.59,5.725256,259.4207,22.6273,29.97,0,0,0,0,0
"2026-06-29 02:30:00",248128,48.43975,58.98204,15.56,6.377011,268.8458,23.30352,29.98,0,0,0,0,0
"2026-06-29 02:45:00",248129,47.79616,61.62881,12.93,5.985135,260.0191,24.75622,29.99,0,0,0,0,0
"2026-06-29 03:00:00",248130,46.60534,64.63692,19.07,9.12505,259.9465,19.68958,29.99,0,0,0,0,0
"2026-06-29 03:15:00",248131,45.87151,65.73977,21.26,7.778435,289.7923,25.78086,30,0,0,0,0,0
"2026-06-29 03:30:00",248132,45.4818,65.58331,20.17,7.699033,274.3981,24.76671,30.01,0,0,0,0,0
"2026-06-29 03:45:00",248133,45.47636,64.87331,17.32,7.264533,284.0569,24.67669,30.02,0,0,0,0,0
"2026-06-29 04:00:00",248134,45.0199,66.82543,16,5.408404,263.8678,48.55008,30.02,0,0,0,0,0
"2026-06-29 04:15:00",248135,44.63005,69.05231,5.48,2.089946,356.594,61.41681,30.02,0,0,0,0,0
"2026-06-29 04:30:00",248136,44.82431,67.87103,10.52,4.485073,129.5473,17.27497,30.01,0,0,0,0,0
"2026-06-29 04:45:00",248137,44.98419,67.30081,8.55,4.087101,141.0776,16.0642,30.01,0,0,0,0,0
"2026-06-29 05:00:00",248138,45.07731,65.75368,4.822,1.198535,162.2804,39.22017,30.02,0,0,0,0,0
"2026-06-29 05:15:00",248139,44.83561,66.60805,5.042,1.328594,324.7415,27.40952,30.02,0,0,0,0,0
"2026-06-29 05:30:00",248140,43.0075,73.72369,4.822,1.161273,338.3549,42.48553,30.01,0,0,0,0,0
"2026-06-29 05:45:00",248141,42.22486,77.00719,2.85,0.5518948,57.89202,11.43588,30.02,0,0,0,0,0
"2026-06-29 06:00:00",248142,41.97192,77.66248,1.534,0.1346863,233.8264,3.991665,30.03,0.002,0,0,0,0
"2026-06-29 06:15:00",248143,41.59667,78.35583,1.315,0.2552458,81.62769,8.821432,30.04,0.006,0,0,0,0
"2026-06-29 06:30:00",248144,41.08742,78.70451,3.288,1.483738,87.08389,10.36994,30.04,0.01,0,0,0,0
"2026-06-29 06:45:00",248145,40.74195,78.27502,2.63,1.502734,95.14175,13.1742,30.04,0.092,0,0,0,0
"2026-06-29 07:00:00",248146,42.09898,73.82536,3.507,1.485198,114.5128,23.02913,30.04,0.126,0,0,0,0
"2026-06-29 07:15:00",248147,43.81496,70.13203,2.85,0.6217953,87.54268,27.85869,30.04,0.163,0,0,0,0
"2026-06-29 07:30:00",248148,45.32858,66.63297,3.946,1.406045,239.6766,35.40914,30.05,0.201,0,0,0,0
"2026-06-29 07:45:00",248149,46.14176,68.24257,6.357,2.679842,322.473,22.27659,30.05,0.242,0,0,0,0
"2026-06-29 08:00:00",248150,45.17698,73.70188,6.576,2.768981,335.2522,32.99254,30.05,0.285,0,0,0,0
"2026-06-29 08:15:00",248151,46.26075,72.14774,7.014,1.767479,345.3175,41.70526,30.05,0.328,0,0,0,0
"2026-06-29 08:30:00",248152,47.3868,67.85703,5.261,1.848583,344.5998,34.06308,30.05,0.373,0,0,0,0
"2026-06-29 08:45:00",248153,48.57034,63.60111,4.384,1.309108,27.91098,40.90289,30.05,0.418,0,0,0,0
"2026-06-29 09:00:00",248154,49.81403,61.27208,4.384,1.294741,4.042496,59.16218,30.05,0.463,0,0,0,0
"2026-06-29 09:15:00",248155,51.4061,59.07627,3.726,1.829341,290.7593,28.56125,30.05,0.503,0,0,0,0
"2026-06-29 09:30:00",248156,52.78184,53.75079,4.603,1.941136,253.2368,46.81876,30.06,0.544,0,0,0,0
"2026-06-29 09:45:00",248157,53.61509,52.20633,7.234,3.172555,237.7613,37.65403,30.05,0.589,0,0,0,0
"2026-06-29 10:00:00",248158,54.61781,49.2552,6.357,2.750469,207.0772,37.80284,30.06,0.626,0,0,0,0
"2026-06-29 10:15:00",248159,54.53276,46.49567,8.33,3.604131,205.3125,44.84319,30.06,0.664,0,0,0,0
"2026-06-29 10:30:00",248160,56.159,41.07533,8.55,2.94702,196.0411,38.02792,30.06,0.702,0,0,0,0
"2026-06-29 10:45:00",248161,57.59445,34.98412,7.672,3.381765,228.1954,45.21772,30.06,0.73,0,0,0,0
"2026-06-29 11:00:00",248162,57.83029,32.80923,7.672,2.635999,169.198,63.34449,30.06,0.763,0,0,0,0
"2026-06-29 11:15:00",248163,59.09499,32.46037,6.357,2.637947,99.44547,40.79523,30.06,0.802,0,0,0,0
"2026-06-29 11:30:00",248164,59.27332,32.69024,7.014,2.94653,176.4974,83.61443,30.06,0.826,0,0,0,0
"2026-06-29 11:45:00",248165,59.46822,32.00887,8.55,3.227596,277.9654,84.85927,30.06,0.849,0,0,0,0
"2026-06-29 12:00:00",248166,60.49336,30.46277,7.234,1.751893,83.3578,48.45823,30.06,0.876,0,0,0,0
"2026-06-29 12:15:00",248167,61.59596,30.24672,6.357,2.403405,347.6014,52.43555,30.05,0.883,0,0,0,0
"2026-06-29 12:30:00",248168,61.56275,28.5977,8.55,3.555175,221.6014,63.77374,30.05,0.903,0,0,0,0
"2026-06-29 12:45:00",248169,62.87749,24.78172,12.28,3.596829,258.1597,52.34235,30.05,0.938,0,0,0,0
"2026-06-29 13:00:00",248170,63.04041,23.70256,8.99,2.999377,153.2121,84.97176,30.04,0.931,0,0,0,0
"2026-06-29 13:15:00",248171,64.26749,20.7555,7.453,2.217326,342.417,56.1733,30.03,0.938,0,0,0,0
"2026-06-29 13:30:00",248172,65.13038,19.45021,8.99,3.431696,153.7023,31.26988,30.03,0.953,0,0,0,0
"2026-06-29 13:45:00",248173,65.4202,18.15169,8.77,2.451631,166.6474,53.21166,30.03,0.946,0,0,0,0
"2026-06-29 14:00:00",248174,66.03561,16.36151,10.96,3.295793,210.5414,53.65837,30.03,0.949,0,0,0,0
"2026-06-29 14:15:00",248175,67.76655,15.42024,8.11,2.495224,245.2556,58.57962,30.02,0.95,0,0,0,0
"2026-06-29 14:30:00",248176,68.60917,15.9385,8.99,3.490884,225.8938,40.31059,30.01,0.916,0,0,0,0
"2026-06-29 14:45:00",248177,69.5984,16.69463,8.33,2.514467,244.9177,47.47432,30.01,0.9,0,0,0,0
"2026-06-29 15:00:00",248178,70.00988,17.16602,8.55,2.985986,253.9855,69.50532,30,0.896,0,0,0,0
"2026-06-29 15:15:00",248179,71.15331,16.39985,14.47,4.650451,233.4861,36.6894,30,0.871,0,0,0,0
"2026-06-29 15:30:00",248180,71.33737,18.95248,11.62,4.814844,220.1931,40.72143,30,0.841,0,0,0,0
"2026-06-29 15:45:00",248181,71.5766,19.71481,10.08,4.054471,216.7104,42.49246,29.99,0.813,0,0,0,0
"2026-06-29 16:00:00",248182,72.36166,19.23994,10.08,3.088288,214.7486,37.01127,29.99,0.789,0,0,0,0
"2026-06-29 16:15:00",248183,71.95344,20.02649,9.86,2.630642,157.7294,90.0871,29.99,0.75,0,0,0,0
"2026-06-29 16:30:00",248184,72.54519,18.91044,10.96,3.017407,193.2204,55.95878,29.99,0.724,0,0,0,0
"2026-06-29 16:45:00",248185,74.0831,16.98157,12.49,4.026946,213.3493,46.93753,29.98,0.685,0,0,0,0
"2026-06-29 17:00:00",248186,74.38577,14.31868,16.22,7.016111,247.7202,26.19708,29.99,0.644,0,0,0,0
"2026-06-29 17:15:00",248187,74.72484,14.10955,12.06,5.350914,240.3141,33.35342,29.98,0.604,0,0,0,0
"2026-06-29 17:30:00",248188,74.34732,14.44169,14.91,5.277119,262.1402,34.5595,29.98,0.56,0,0,0,0
"2026-06-29 17:45:00",248189,74.59551,14.7066,11.18,5.819758,286.9694,29.26385,29.98,0.522,0,0,0,0
"2026-06-29 18:00:00",248190,74.09356,14.90003,10.52,3.643834,216.5684,51.73018,29.97,0.476,0,0,0,0
"2026-06-29 18:15:00",248191,74.32056,14.34532,8.11,2.314263,280.6672,44.04953,29.97,0.435,0,0,0,0
"2026-06-29 18:30:00",248192,74.33985,14.12895,10.74,2.459423,321.7631,67.45409,29.97,0.377,0,0,0,0
"2026-06-29 18:45:00",248193,74.86667,13.84729,12.49,4.036688,305.0079,32.1427,29.97,0.309,0,0,0,0
"2026-06-29 19:00:00",248194,74.53071,13.48307,10.96,5.018949,249.5904,35.37618,29.97,0.253,0,0,0,0
"2026-06-29 19:15:00",248195,73.59745,13.31666,8.99,4.096364,240.1008,25.34988,29.97,0.215,0,0,0,0
"2026-06-29 19:30:00",248196,73.48008,12.93576,7.672,4.173807,249.0029,22.10567,29.97,0.201,0,0,0,0
"2026-06-29 19:45:00",248197,73.5639,12.53199,7.672,3.328181,279.6429,27.99968,29.97,0.158,0,0,0,0
"2026-06-29 20:00:00",248198,72.41912,16.93863,5.042,1.020252,359.6882,28.60965,29.97,0.118,0,0,0,0
"2026-06-29 20:15:00",248199,71.72087,17.94284,5.699,1.268923,314.2948,25.23526,29.98,0.078,0,0,0,0
"2026-06-29 20:30:00",248200,69.34287,19.93752,5.699,1.132531,342.243,26.6455,29.98,0.05,0,0,0,0
"2026-06-29 20:45:00",248201,67.1515,22.13081,3.507,0.3533983,349.4491,22.90991,29.98,0.009,0,0,0,0
"2026-06-29 21:00:00",248202,65.43205,24.39738,4.165,1.422117,40.13391,22.64708,29.99,0.003,0,0,0,0
"2026-06-29 21:15:00",248203,65.40287,22.25504,4.603,2.490595,57.12623,15.46896,29.99,0,0,0,0,0
"2026-06-29 21:30:00",248204,64.39735,23.82701,4.603,2.509596,87.98775,12.95617,29.99,0,0,0,0,0
"2026-06-29 21:45:00",248205,63.3833,23.50255,2.411,0.5372828,98.17049,13.05179,30,0,0,0,0,0
"2026-06-29 22:00:00",248206,61.78475,24.98339,4.165,2.070466,115.1016,13.7779,30,0,0,0,0,0
"2026-06-29 22:15:00",248207,61.11662,24.9204,4.603,2.644526,112.6233,9.557939,30,0,0,0,0,0
"2026-06-29 22:30:00",248208,60.22835,26.45266,3.507,1.419437,111.9219,12.0836,30,0,0,0,0,0
"2026-06-29 22:45:00",248209,59.02729,27.77095,3.726,1.884871,110.4165,9.971554,30,0,0,0,0,0
"2026-06-29 23:00:00",248210,58.81867,27.45876,4.384,1.880246,122.2846,12.49039,30,0,0,0,0,0
"2026-06-29 23:15:00",248211,57.10112,30.88499,4.384,1.450369,321.8694,44.6249,30,0,0,0,0,0
"2026-06-29 23:30:00",248212,54.05943,37.35421,3.288,0.5092741,327.1314,6.868778,30,0,0,0,0,0
"2026-06-29 23:45:00",248213,52.02675,40.89077,0,0,0,0,30,0,0,0,0,0
"2026-06-30 00:00:00",248214,50.89803,43.56298,2.85,0.7991048,309.0122,7.816985,30,0,0,0,0,0
"2026-06-30 00:15:00",248215,49.87343,43.51182,1.754,0.3553464,6.957051,23.42016,30,0,0,0,0,0
"2026-06-30 00:30:00",248216,49.60359,44.32545,3.069,0.796182,81.27377,23.97898,30,0,0,0,0,0
"2026-06-30 00:45:00",248217,49.63078,41.87145,1.096,0.02435556,96.14599,17.55166,30,0,0,0,0,0
"2026-06-30 01:00:00",248218,49.24632,41.61142,3.726,1.540726,27.11891,40.71339,30,0,0,0,0,0
"2026-06-30 01:15:00",248219,49.65684,41.06295,3.507,2.038803,103.2288,16.0546,29.99,0,0,0,0,0
"2026-06-30 01:30:00",248220,50.30574,37.19102,4.603,1.804743,90.84696,12.00763,29.99,0,0,0,0,0
"2026-06-30 01:45:00",248221,51.06932,33.67806,3.507,1.643265,113.1349,17.03268,29.99,0,0,0,0,0
"2026-06-30 02:00:00",248222,49.95769,37.71412,5.042,1.228734,273.3333,15.64129,29.99,0,0,0,0,0
"2026-06-30 02:15:00",248223,46.71477,45.26714,1.754,0.2484263,335.852,27.59288,29.99,0,0,0,0,0
"2026-06-30 02:30:00",248224,47.55928,42.28097,2.192,0.6770823,135.734,20.82898,29.99,0,0,0,0,0
"2026-06-30 02:45:00",248225,48.0651,41.56654,2.85,0.618143,254.1313,9.049013,29.99,0,0,0,0,0
"2026-06-30 03:00:00",248226,46.61274,47.38071,3.726,1.487148,305.0878,30.66675,29.99,0,0,0,0,0
"2026-06-30 03:15:00",248227,45.81736,48.41234,2.192,0.4746892,80.20471,22.61356,29.99,0,0,0,0,0
"2026-06-30 03:30:00",248228,46.66009,44.88118,3.288,0.6149771,120.6986,6.681322,29.98,0,0,0,0,0
"2026-06-30 03:45:00",248229,46.88371,42.29823,3.069,1.113535,124.3147,10.42039,29.98,0,0,0,0,0
"2026-06-30 04:00:00",248230,46.48752,41.91757,1.315,0.1568498,149.3901,17.32672,29.98,0,0,0,0,0
"2026-06-30 04:15:00",248231,46.94321,41.14267,3.069,0.4851623,165.4205,28.1438,29.98,0,0,0,0,0
"2026-06-30 04:30:00",248232,47.41362,40.09551,2.192,0.3246588,113.152,44.6007,29.98,0,0,0,0,0
"2026-06-30 04:45:00",248233,46.92039,42.54937,3.069,0.594762,310.2859,16.45586,29.98,0,0,0,0,0
"2026-06-30 05:00:00",248234,46.17099,47.79951,2.85,0.6990025,90.06766,47.11083,29.98,0,0,0,0,0
"2026-06-30 05:15:00",248235,45.68653,44.70515,2.63,0.7947208,117.5498,14.7418,29.97,0,0,0,0,0
"2026-06-30 05:30:00",248236,45.7797,42.08046,5.042,1.564597,134.6654,10.9929,29.97,0,0,0,0,0
"2026-06-30 05:45:00",248237,45.48026,41.96865,2.85,1.176128,151.589,55.58516,29.98,0.001,0,0,0,0
"2026-06-30 06:00:00",248238,45.2988,42.72774,2.63,0.6773259,102.1696,33.2369,29.98,0.003,0,0,0,0
"2026-06-30 06:15:00",248239,44.82901,43.96552,2.85,0.8573137,193.6206,37.63098,29.98,0.017,0,0,0,0
"2026-06-30 06:30:00",248240,44.84044,48.04631,5.48,1.984734,192.7498,40.37441,29.99,0.03,0,0,0,0
"2026-06-30 06:45:00",248241,45.49628,47.16825,6.138,2.804297,149.1248,18.49099,29.99,0.04,0,0,0,0
"2026-06-30 07:00:00",248242,46.98071,44.11211,3.507,1.693928,146.524,16.78721,29.99,0.171,0,0,0,0
"2026-06-30 07:15:00",248243,49.9891,39.33881,3.069,1.061901,138.0785,17.36261,29.99,0.169,0,0,0,0
"2026-06-30 07:30:00",248244,53.27108,34.67184,4.603,0.824191,166.4987,28.23446,29.99,0.222,0,0,0,0
"2026-06-30 07:45:00",248245,54.34729,34.85077,5.48,2.447978,233.0212,29.56579,29.99,0.185,0,0,0,0
"2026-06-30 08:00:00",248246,53.49552,40.10618,3.069,0.8502496,228.5391,24.22544,29.99,0.116,0,0,0,0
"2026-06-30 08:15:00",248247,53.43599,39.39934,1.315,0.05772269,237.3406,3.946854,29.99,0.138,0,0,0,0
"2026-06-30 08:30:00",248248,53.76218,38.12339,3.288,0.4683565,142.5411,23.89305,30,0.116,0,0,0,0
"2026-06-30 08:45:00",248249,54.49133,37.75895,2.63,1.065311,157.2105,24.14003,30,0.133,0,0,0,0
"2026-06-30 09:00:00",248250,54.99216,36.10827,3.069,0.5781997,195.6478,9.714779,29.99,0.257,0,0,0,0
"2026-06-30 09:15:00",248251,56.57706,34.89539,4.384,1.199266,267.3044,31.67989,29.99,0.334,0,0,0,0
"2026-06-30 09:30:00",248252,58.88486,30.03724,4.165,1.366102,226.1138,50.24869,29.99,0.424,0,0,0,0
"2026-06-30 09:45:00",248253,59.48611,27.17751,4.165,0.6661229,155.1164,48.62841,29.99,0.329,0,0,0,0
"2026-06-30 10:00:00",248254,60.61802,26.85702,3.507,1.067258,155.5775,47.6375,29.99,0.361,0,0,0,0
"2026-06-30 10:15:00",248255,62.348,25.53474,4.384,0.6571125,195.2245,23.91111,29.99,0.622,0,0,0,0
"2026-06-30 10:30:00",248256,63.636,25.34509,7.672,2.824753,191.3718,34.10405,29.98,0.753,0,0,0,0
"2026-06-30 10:45:00",248257,65.97144,23.80888,5.918,2.19492,130.2048,26.70687,29.98,0.757,0,0,0,0
"2026-06-30 11:00:00",248258,67.14694,22.3858,7.014,2.387573,136.2003,53.18741,29.97,0.813,0,0,0,0
"2026-06-30 11:15:00",248259,68.94847,20.11233,6.138,2.091411,176.4927,50.66604,29.98,0.717,0,0,0,0
"2026-06-30 11:30:00",248260,69.91696,19.12553,5.261,1.907282,135.9006,39.9933,29.97,0.654,0,0,0,0
"2026-06-30 11:45:00",248261,70.97466,18.05099,8.99,3.197151,146.7728,40.76249,29.97,0.224,0,0,0,0
"2026-06-30 12:00:00",248262,70.82292,17.62073,11.84,1.751649,174.604,41.08022,29.97,0.888,0,0,0,0
"2026-06-30 12:15:00",248263,73.20213,17.8534,14.25,4.58761,178.7183,31.96073,29.97,0.89,0,0,0,0
"2026-06-30 12:30:00",248264,74.82985,16.14717,17.54,6.808113,190.5162,31.21218,29.97,0.968,0,0,0,0
"2026-06-30 12:45:00",248265,76.27036,15.40137,14.69,6.288363,206.1859,31.5863,29.97,0.958,0,0,0,0
"2026-06-30 13:00:00",248266,76.54328,15.06425,14.47,5.455645,212.3055,36.09404,29.96,0.941,0,0,0,0
"2026-06-30 13:15:00",248267,77.12552,14.75324,14.03,5.551856,253.03,50.18409,29.97,0.956,0,0,0,0
"2026-06-30 13:30:00",248268,78.18567,14.47762,15.78,5.88016,261.9844,43.38542,29.97,0.808,0,0,0,0
"2026-06-30 13:45:00",248269,77.11682,15.20817,20.17,9.818944,259.463,21.2988,29.97,0.943,0,0,0,0
"2026-06-30 14:00:00",248270,76.72844,16.43471,22.8,8.810371,278.4096,29.13898,29.97,0.451,0,0,0,0
"2026-06-30 14:15:00",248271,77.39164,17.50616,21.48,8.695908,286.1378,23.98098,29.97,1.043,0,0,0,0
"2026-06-30 14:30:00",248272,77.21531,16.17479,16,6.202385,248.3328,42.74964,29.97,0.996,0,0,0,0
"2026-06-30 14:45:00",248273,78.58274,15.99216,11.84,4.706712,264.756,37.7086,29.97,1.113,0,0,0,0
"2026-06-30 15:00:00",248274,77.65369,15.66054,10.74,4.347225,257.7924,39.55506,29.97,0.415,0,0,0,0
"2026-06-30 15:15:00",248275,76.85098,15.98001,13.81,4.742271,270.1902,51.438,29.97,0.268,0,0,0,0
"2026-06-30 15:30:00",248276,76.93166,16.02959,17.32,8.057305,266.0571,28.91503,29.97,0.926,0,0,0,0
"2026-06-30 15:45:00",248277,77.7227,15.14704,8.55,3.320877,167.3622,74.42085,29.96,0.897,0,0,0,0
"2026-06-30 16:00:00",248278,77.25498,15.43639,11.62,3.590497,168.6057,62.33129,29.96,0.93,0,0,0,0
"2026-06-30 16:15:00",248279,77.45875,14.7598,11.62,4.030595,286.1106,47.87064,29.96,0.818,0,0,0,0
"2026-06-30 16:30:00",248280,77.99113,14.37943,8.11,2.55733,3.854925,51.47219,29.96,0.126,0,0,0,0
"2026-06-30 16:45:00",248281,76.69366,14.5546,5.918,2.046109,167.2962,85.73788,29.96,0.799,0,0,0,0
"2026-06-30 17:00:00",248282,77.98652,13.82631,9.86,3.722742,272.3434,93.95186,29.95,0.691,0,0,0,0
"2026-06-30 17:15:00",248283,79.15248,12.7581,14.69,5.49266,255.0422,57.85778,29.95,0.624,0,0,0,0
"2026-06-30 17:30:00",248284,78.60054,12.86708,7.014,2.066567,167.2515,63.77388,29.95,0.136,0,0,0,0
"2026-06-30 17:45:00",248285,78.63124,13.29666,11.84,4.569587,257.6739,52.0535,29.95,0.527,0,0,0,0
"2026-06-30 18:00:00",248286,79.08646,13.50594,14.03,5.631247,303.7073,20.82417,29.95,0.489,0,0,0,0
"2026-06-30 18:15:00",248287,78.98662,12.95614,10.96,4.022561,252.8059,35.90284,29.95,0.442,0,0,0,0
"2026-06-30 18:30:00",248288,78.06708,13.17726,10.74,3.82528,207.9345,27.15898,29.95,0.387,0,0,0,0
"2026-06-30 18:45:00",248289,77.93653,13.2104,14.47,6.042375,265.4734,26.55468,29.95,0.329,0,0,0,0
"2026-06-30 19:00:00",248290,77.60615,12.93025,12.93,4.274885,275.3113,32.5241,29.94,0.284,0,0,0,0
"2026-06-30 19:15:00",248291,77.32508,13.50881,11.4,5.311698,266.2501,22.89086,29.95,0.237,0,0,0,0
"2026-06-30 19:30:00",248292,77.32481,12.88361,9.86,3.478454,252.9734,36.56883,29.95,0.199,0,0,0,0
"2026-06-30 19:45:00",248293,76.97881,13.24466,10.08,4.491649,268.7786,22.68237,29.95,0.159,0,0,0,0
"2026-06-30 20:00:00",248294,76.63837,13.71303,7.891,3.469197,267.1274,18.88788,29.95,0.121,0,0,0,0
"2026-06-30 20:15:00",248295,76.25964,13.66609,7.453,2.197355,252.4252,23.93731,29.94,0.085,0,0,0,0
"2026-06-30 20:30:00",248296,74.33849,15.64265,5.042,2.541988,299.6154,35.58105,29.94,0.049,0,0,0,0
"2026-06-30 20:45:00",248297,72.19049,17.55243,4.165,1.064579,18.62013,36.44815,29.94,0.007,0,0,0,0
"2026-06-30 21:00:00",248298,71.12124,18.98719,3.069,1.67517,62.19909,19.56039,29.95,0.002,0,0,0,0
"2026-06-30 21:15:00",248299,69.60558,20.72489,3.288,1.896081,102.2706,12.03743,29.95,0,0,0,0,0
"2026-06-30 21:30:00",248300,67.00762,22.24217,3.946,2.125266,108.9244,11.18775,29.95,0,0,0,0,0
"2026-06-30 21:45:00",248301,64.70751,22.25986,4.165,2.158389,109.9505,14.9932,29.95,0,0,0,0,0
"2026-06-30 22:00:00",248302,65.07261,21.43254,5.261,2.513979,97.854,19.621,29.96,0,0,0,0,0
"2026-06-30 22:15:00",248303,65.53837,20.66356,7.234,3.950228,102.4744,12.17764,29.96,0,0,0,0,0
"2026-06-30 22:30:00",248304,66.37698,19.81325,7.234,4.104151,101.8862,14.03419,29.96,0,0,0,0,0
"2026-06-30 22:45:00",248305,66.44328,19.62748,7.014,3.731519,99.02961,19.24137,29.96,0,0,0,0,0
"2026-06-30 23:00:00",248306,62.90753,23.68788,6.795,2.595814,306.3195,41.29676,29.96,0,0,0,0,0
"2026-06-30 23:15:00",248307,58.85204,28.68916,2.85,1.544381,47.67163,16.05529,29.97,0,0,0,0,0
"2026-06-30 23:30:00",248308,57.88895,29.2168,2.411,1.136672,85.10944,24.36956,29.96,0,0,0,0,0
"2026-06-30 23:45:00",248309,58.75849,28.4706,3.946,1.722667,89.0024,17.81016,29.97,0,0,0,0,0
"2026-07-01 00:00:00",248310,58.40637,28.58712,3.726,1.10842,113.276,7.649414,29.96,0,0,0,0,0
"2026-07-01 00:15:00",248311,57.78676,29.31026,4.822,2.13257,119.5218,10.81244,29.96,0,0,0,0,0
"2026-07-01 00:30:00",248312,56.78263,30.29617,2.63,0.5202342,128.2789,15.54763,29.96,0,0,0,0,0
"2026-07-01 00:45:00",248313,55.32,33.36267,2.192,0.4101465,320.7397,11.0963,29.96,0,0,0,0,0
"2026-07-01 01:00:00",248314,53.97048,35.90915,2.411,0.6149769,95.50509,17.37693,29.96,0,0,0,0,0
"2026-07-01 01:15:00",248315,53.6118,35.97023,1.096,0.08305249,119.405,5.979607,29.96,0,0,0,0,0
"2026-07-01 01:30:00",248316,53.24509,35.0223,5.261,1.424068,116.9174,7.56027,29.97,0,0,0,0,0
"2026-07-01 01:45:00",248317,52.89906,34.09407,2.63,1.265269,101.8243,23.62215,29.97,0,0,0,0,0
"2026-07-01 02:00:00",248318,52.34343,35.86007,2.85,0.729448,217.4458,63.23142,29.97,0,0,0,0,0
"2026-07-01 02:15:00",248319,51.14683,39.95075,3.507,1.423822,264.9207,18.23146,29.97,0,0,0,0,0
"2026-07-01 02:30:00",248320,49.93873,42.21748,3.946,0.7063105,122.1585,4.982806,29.97,0,0,0,0,0
"2026-07-01 02:45:00",248321,50.12072,38.59585,3.069,1.198777,128.1059,8.525589,29.97,0,0,0,0,0
"2026-07-01 03:00:00",248322,50.27076,38.4892,3.069,1.265269,141.6721,19.31766,29.97,0,0,0,0,0
"2026-07-01 03:15:00",248323,50.26285,37.99583,1.973,0.5662651,117.4857,8.852574,29.97,0,0,0,0,0
"2026-07-01 03:30:00",248324,49.56255,40.0069,0.877,0.03288001,24.00068,14.53999,29.97,0,0,0,0,0
"2026-07-01 03:45:00",248325,49.44179,40.17987,3.069,0.6400642,105.2878,5.02096,29.97,0,0,0,0,0
"2026-07-01 04:00:00",248326,49.23853,39.9735,1.534,0.1064338,79.8555,8.047001,29.97,0,0,0,0,0
"2026-07-01 04:15:00",248327,49.08511,40.34109,1.096,0.1249441,105.4276,3.893384,29.97,0,0,0,0,0
"2026-07-01 04:30:00",248328,48.53341,41.43143,1.973,0.4578838,122.6668,7.682003,29.98,0,0,0,0,0
"2026-07-01 04:45:00",248329,47.98803,42.44432,3.069,0.1807182,281.5682,0.3691522,29.97,0,0,0,0,0
"2026-07-01 05:00:00",248330,46.70409,46.61817,2.411,0.1799875,268.995,3.352261,29.98,0,0,0,0,0
"2026-07-01 05:15:00",248331,46.42895,45.74522,2.192,0.6897475,124.8256,12.26041,29.98,0,0,0,0,0
"2026-07-01 05:30:00",248332,46.20886,44.70007,2.411,0.7516117,132.087,19.08117,29.98,0,0,0,0,0
"2026-07-01 05:45:00",248333,46.66417,44.08649,2.411,0.6366526,135.332,15.77807,29.98,0,0,0,0,0
"2026-07-01 06:00:00",248334,46.33094,43.8227,3.946,2.345928,129.51,8.260765,29.99,0.002,0,0,0,0
"2026-07-01 06:15:00",248335,46.39403,43.87811,3.069,1.993499,126.8668,11.26083,29.99,0.009,0,0,0,0
"2026-07-01 06:30:00",248336,47.44175,41.72269,3.069,0.9252645,112.3834,13.47637,29.99,0.018,0,0,0,0
"2026-07-01 06:45:00",248337,47.53622,43.1921,2.192,0.5589582,53.6605,71.4855,29.99,0.069,0,0,0,0
"2026-07-01 07:00:00",248338,47.62243,47.4972,3.946,1.502002,307.4883,12.06845,30,0.101,0,0,0,0
"2026-07-01 07:15:00",248339,48.03052,49.87811,1.973,0.6317816,47.08433,17.19517,30,0.143,0,0,0,0
"2026-07-01 07:30:00",248340,49.51538,44.02779,2.85,0.5645605,71.30977,13.02229,30,0.185,0,0,0,0
"2026-07-01 07:45:00",248341,51.36174,38.65959,3.069,0.7615968,90.08221,16.70631,30,0.228,0,0,0,0
"2026-07-01 08:00:00",248342,55.13546,33.40797,3.069,0.5402057,28.07922,40.40654,30,0.272,0,0,0,0
"2026-07-01 08:15:00",248343,57.47773,31.33491,2.63,0.3024954,98.90762,35.3092,30,0.313,0,0,0,0
"2026-07-01 08:30:00",248344,59.10758,30.35526,2.63,0.5433711,275.828,12.71167,30,0.358,0,0,0,0
"2026-07-01 08:45:00",248345,61.30038,29.93152,4.165,1.40994,281.2124,23.04775,30,0.401,0,0,0,0
"2026-07-01 09:00:00",248346,61.69147,30.84287,3.069,1.589684,299.6854,26.77586,30,0.445,0,0,0,0
"2026-07-01 09:15:00",248347,62.92688,29.31397,4.165,1.167115,316.173,23.33765,30,0.491,0,0,0,0
"2026-07-01 09:30:00",248348,64.78141,27.81175,3.946,1.48252,296.3457,31.59316,30,0.534,0,0,0,0
"2026-07-01 09:45:00",248349,66.79337,27.04243,4.822,1.568738,283.2272,42.6201,29.99,0.577,0,0,0,0
"2026-07-01 10:00:00",248350,68.71287,24.85666,4.822,1.477405,288.5085,38.97417,29.99,0.618,0,0,0,0
"2026-07-01 10:15:00",248351,70.4585,23.26376,3.946,0.7764538,247.8592,61.42124,29.98,0.654,0,0,0,0
"2026-07-01 10:30:00",248352,71.3011,21.94005,5.042,1.56216,327.6699,33.48424,29.98,0.691,0,0,0,0
"2026-07-01 10:45:00",248353,72.51095,20.99282,4.822,0.921613,269.1475,61.91183,29.97,0.726,0,0,0,0
"2026-07-01 11:00:00",248354,74.23593,19.70756,6.357,2.06413,258.1245,30.65886,29.97,0.754,0,0,0,0
"2026-07-01 11:15:00",248355,75.87098,18.67226,6.357,2.071924,297.3176,48.80331,29.97,0.799,0,0,0,0
"2026-07-01 11:30:00",248356,76.76022,17.37726,4.822,2.13671,275.9074,32.54173,29.96,0.871,0,0,0,0
"2026-07-01 11:45:00",248357,77.80638,16.20619,7.234,2.724898,269.0981,38.93176,29.96,0.912,0,0,0,0
"2026-07-01 12:00:00",248358,78.58492,15.43986,8.55,2.636243,279.7133,34.11463,29.95,0.25,0,0,0,0
"2026-07-01 12:15:00",248359,78.9498,15.77458,7.672,3.107282,290.2287,42.02943,29.95,0.244,0,0,0,0
"2026-07-01 12:30:00",248360,78.34786,17.7162,8.11,2.840584,235.0096,29.27905,29.95,0.21,0,0,0,0
"2026-07-01 12:45:00",248361,79.81094,15.51737,10.52,3.454106,262.4373,32.42096,29.95,1.143,0,0,0,0
"2026-07-01 13:00:00",248362,80.96767,13.6685,12.28,4.122173,242.2295,48.07909,29.95,1.096,0,0,0,0
"2026-07-01 13:15:00",248363,81.75653,13.10942,10.96,2.684712,145.59,70.42574,29.94,1.011,0,0,0,0
"2026-07-01 13:30:00",248364,82.94682,12.51373,9.21,3.567114,252.7697,79.60928,29.94,1.09,0,0,0,0
"2026-07-01 13:45:00",248365,82.91924,12.01555,11.84,3.40856,216.6401,33.97603,29.93,1.104,0,0,0,0
"2026-07-01 14:00:00",248366,81.7731,12.64693,10.52,3.9417,213.4233,56.93493,29.93,1.135,0,0,0,0
"2026-07-01 14:15:00",248367,82.60461,12.6969,16,5.288082,185.3001,39.97396,29.93,0.671,0,0,0,0
"2026-07-01 14:30:00",248368,82.47501,12.70059,11.18,5.121244,197.4462,28.11903,29.93,0.305,0,0,0,0
"2026-07-01 14:45:00",248369,81.65328,12.90965,12.28,5.338002,222.5477,36.76292,29.93,0.799,0,0,0,0
"2026-07-01 15:00:00",248370,84.09322,11.94325,14.47,4.40957,178.5737,68.02473,29.93,0.894,0,0,0,0
"2026-07-01 15:15:00",248371,83.70824,11.87918,10.96,3.932934,192.5212,51.02225,29.93,1.067,0,0,0,0
"2026-07-01 15:30:00",248372,85.08083,11.23255,11.4,4.401537,227.633,54.46959,29.93,0.32,0,0,0,0
"2026-07-01 15:45:00",248373,83.75347,11.952,16.66,6.875086,172.8241,39.48352,29.93,0.251,0,0,0,0
"2026-07-01 16:00:00",248374,82.56345,12.13849,12.28,4.920063,154.4262,37.70884,29.93,0.579,0,0,0,0
"2026-07-01 16:15:00",248375,82.05892,12.65901,20.17,4.451949,163.3386,38.26976,29.92,0.203,0,0,0,0
"2026-07-01 16:30:00",248376,81.86466,13.0864,15.12,4.96512,192.2874,52.70401,29.92,0.576,0,0,0,0
"2026-07-01 16:45:00",248377,83.72223,12.94512,15.56,6.292501,183.0998,37.25401,29.92,0.218,0,0,0,0
"2026-07-01 17:00:00",248378,82.84004,12.73539,17.76,5.964915,203.6701,33.88332,29.92,0.183,0,0,0,0
"2026-07-01 17:15:00",248379,82.85172,12.77705,11.4,4.363294,219.4586,41.3158,29.92,0.613,0,0,0,0
"2026-07-01 17:30:00",248380,84.22431,12.11238,8.99,3.699607,230.9421,59.81988,29.91,0.11,0,0,0,0
"2026-07-01 17:45:00",248381,82.98743,12.61471,8.11,2.795527,181.0786,31.50495,29.91,0.135,0,0,0,0
"2026-07-01 18:00:00",248382,81.85665,13.07681,7.014,3.396865,240.7224,31.39899,29.91,0.538,0,0,0,0
"2026-07-01 18:15:00",248383,82.4761,13.03712,7.891,3.756108,262.4639,21.70675,29.91,0.096,0,0,0,0
"2026-07-01 18:30:00",248384,80.91795,13.74918,8.33,4.203764,216.8245,49.98324,29.91,0.087,0,0,0,0
"2026-07-01 18:45:00",248385,80.38136,13.78322,14.25,3.984564,173.581,29.92789,29.91,0.062,0,0,0,0
"2026-07-01 19:00:00",248386,79.77194,13.49816,25.43,5.927647,244.3691,33.51997,29.92,0.064,0,0,0,0
"2026-07-01 19:15:00",248387,79.49088,13.86261,10.74,2.584607,251.7028,45.37949,29.92,0.102,0,0,0,0
"2026-07-01 19:30:00",248388,79.0525,14.92267,16,6.676826,107.6345,36.44887,29.92,0.076,0,0,0,0
"2026-07-01 19:45:00",248389,79.36631,13.68329,25.43,6.191425,271.9326,68.32173,29.93,0.112,0,0,0,0
"2026-07-01 20:00:00",248390,78.39229,14.33822,27.84,7.627183,249.1239,60.53586,29.93,0.076,0,0,0,0
"2026-07-01 20:15:00",248391,78.20957,14.93104,6.795,3.715435,95.05383,20.84129,29.92,0.077,0,0,0,0
"2026-07-01 20:30:00",248392,77.6795,15.11972,5.48,3.109714,60.96423,21.73733,29.93,0.047,0,0,0,0
"2026-07-01 20:45:00",248393,76.78034,15.73337,5.261,2.861041,65.641,13.40573,29.93,0.009,0,0,0,0
"2026-07-01 21:00:00",248394,75.37187,16.86965,12.49,3.57661,99.62669,23.32836,29.93,0.002,0,0,0,0
"2026-07-01 21:15:00",248395,75.13944,16.87576,10.74,5.119292,96.32982,19.21723,29.93,0,0,0,0,0
"2026-07-01 21:30:00",248396,74.69511,16.75581,11.4,4.203524,105.1822,29.80298,29.93,0,0,0,0,0
"2026-07-01 21:45:00",248397,73.07372,17.79206,8.11,3.821628,51.86517,102.0977,29.94,0,0,0,0,0
"2026-07-01 22:00:00",248398,71.28528,19.55807,3.726,1.521248,60.92258,17.55226,29.95,0,0,0,0,0
"2026-07-01 22:15:00",248399,68.02486,22.00288,3.946,0.7883881,70.25532,29.63081,29.96,0,0,0,0,0
"2026-07-01 22:30:00",248400,67.09158,22.13609,4.384,1.838842,90.50037,25.23606,29.96,0,0,0,0,0
"2026-07-01 22:45:00",248401,67.1124,21.47211,6.576,3.124569,100.3836,17.28322,29.96,0,0,0,0,0
"2026-07-01 23:00:00",248402,67.6407,20.49464,5.918,2.594105,93.31716,28.49379,29.96,0,0,0,0,0
"2026-07-01 23:15:00",248403,66.14757,23.21078,5.48,2.061941,303.6874,58.0368,29.97,0,0,0,0,0
"2026-07-01 23:30:00",248404,62.03526,28.56977,2.63,0.7177573,341.7354,45.72341,29.97,0,0,0,0,0
"2026-07-01 23:45:00",248405,60.62393,30.49882,1.973,0.3670374,90.39188,18.29017,29.97,0,0,0,0,0
"2026-07-02 00:00:00",248406,61.21889,30.83553,1.754,0.1970362,131.1638,11.13559,29.97,0,0,0,0,0
"2026-07-02 00:15:00",248407,61.29856,31.223,2.411,0.2019075,86.96301,5.681205,29.97,0,0,0,0,0
"2026-07-02 00:30:00",248408,60.23779,33.20441,2.63,0.8509812,48.28249,31.85692,29.98,0,0,0,0,0
"2026-07-02 00:45:00",248409,58.73443,32.96925,2.411,0.5567667,51.30397,33.25742,29.98,0,0,0,0,0
"2026-07-02 01:00:00",248410,57.51151,32.82131,8.11,2.431657,28.47064,66.8767,29.99,0,0,0,0,0
"2026-07-02 01:15:00",248411,58.71049,30.42016,12.06,4.689173,100.8474,13.66955,29.99,0,0,0,0,0
"2026-07-02 01:30:00",248412,62.56257,24.22914,7.234,4.234454,122.5267,14.64759,29.99,0,0,0,0,0
"2026-07-02 01:45:00",248413,64.64579,21.01607,9.86,4.054956,126.6627,17.81353,29.99,0,0,0,0,0
"2026-07-02 02:00:00",248414,61.4095,28.31376,8.99,3.059791,226.5894,53.76756,30,0,0,0,0,0
"2026-07-02 02:15:00",248415,53.55752,42.02118,5.48,1.491285,323.6692,55.78489,30,0,0,0,0,0
"2026-07-02 02:30:00",248416,52.25076,44.84089,4.603,2.220006,93.68415,20.85126,30,0,0,0,0,0
"2026-07-02 02:45:00",248417,52.14716,44.68063,3.726,1.310325,184.4434,59.01162,30,0,0,0,0,0
"2026-07-02 03:00:00",248418,54.22748,39.41524,2.411,0.484431,139.1192,11.39344,30,0,0,0,0,0
"2026-07-02 03:15:00",248419,53.86473,39.68866,5.042,1.024638,2.078364,52.27716,30,0,0,0,0,0
"2026-07-02 03:30:00",248420,51.33616,41.37039,2.85,1.322259,41.79884,33.24629,30.01,0,0,0,0,0
"2026-07-02 03:45:00",248421,51.62553,39.49891,3.069,0.9301373,54.54108,22.38075,30.01,0,0,0,0,0
"2026-07-02 04:00:00",248422,51.06188,40.89658,3.288,0.8483021,83.32006,23.3632,30,0,0,0,0,0
"2026-07-02 04:15:00",248423,52.13815,39.19636,3.288,1.715355,90.5285,10.17827,30,0,0,0,0,0
"2026-07-02 04:30:00",248424,52.333,38.22266,3.288,0.3974821,7.478257,34.66996,30.01,0,0,0,0,0
"2026-07-02 04:45:00",248425,49.98364,42.71047,3.288,0.3753187,342.2575,12.30639,30.01,0,0,0,0,0
"2026-07-02 05:00:00",248426,49.9267,40.77891,3.288,0.5886729,49.07163,58.37874,30.02,0,0,0,0,0
"2026-07-02 05:15:00",248427,50.35365,40.01442,1.973,0.4245163,109.0229,13.68946,30.02,0,0,0,0,0
"2026-07-02 05:30:00",248428,49.65382,39.97975,1.973,0.5177974,109.4148,8.490707,30.02,0,0,0,0,0
"2026-07-02 05:45:00",248429,48.68825,42.04156,3.069,1.589926,114.3742,10.00607,30.03,0,0,0,0,0
"2026-07-02 06:00:00",248430,48.99723,39.86594,3.069,1.689786,122.69,11.31274,30.03,0.002,0,0,0,0
"2026-07-02 06:15:00",248431,50.12022,36.2286,2.411,0.7874134,127.7405,9.057904,30.03,0.008,0,0,0,0
"2026-07-02 06:30:00",248432,48.98907,41.23477,1.754,0.187294,35.10849,16.61545,30.03,0.016,0,0,0,0
"2026-07-02 06:45:00",248433,47.38935,47.34552,1.096,0.04140446,350.0082,10.31047,30.03,0.074,0,0,0,0
"2026-07-02 07:00:00",248434,47.93025,46.63796,1.973,0.6451769,63.83239,28.14374,30.04,0.107,0,0,0,0
"2026-07-02 07:15:00",248435,50.28466,43.50103,1.096,0.0796427,90.72523,5.565084,30.04,0.144,0,0,0,0
"2026-07-02 07:30:00",248436,53.22748,41.10518,0,0,0,0,30.05,0.185,0,0,0,0
"2026-07-02 07:45:00",248437,56.15225,37.10559,1.754,0.2106753,85.30824,10.00394,30.05,0.226,0,0,0,0
"2026-07-02 08:00:00",248438,58.37571,34.48916,1.534,0.08378314,296.0945,3.915974,30.05,0.27,0,0,0,0
"2026-07-02 08:15:00",248439,59.89812,33.927,2.411,0.5336294,284.2696,9.169868,30.04,0.313,0,0,0,0
"2026-07-02 08:30:00",248440,61.40357,34.50647,5.261,2.360782,284.692,15.93655,30.05,0.358,0,0,0,0
"2026-07-02 08:45:00",248441,62.21842,34.38794,3.726,1.964754,282.7342,17.39223,30.05,0.405,0,0,0,0
"2026-07-02 09:00:00",248442,63.25227,32.2277,4.384,1.441602,219.5247,32.86959,30.06,0.461,0,0,0,0
"2026-07-02 09:15:00",248443,64.57402,28.57288,1.754,0.1809616,191.6002,36.77264,30.05,0.4,0,0,0,0
"2026-07-02 09:30:00",248444,66.30811,27.15924,2.85,0.7513676,291.015,21.31985,30.05,0.492,0,0,0,0
"2026-07-02 09:45:00",248445,68.26684,26.18919,3.726,0.6688026,286.2129,18.64555,30.05,0.592,0,0,0,0
"2026-07-02 10:00:00",248446,70.81327,22.75459,4.165,1.324208,221.833,34.98999,30.05,0.62,0,0,0,0
"2026-07-02 10:15:00",248447,72.05017,18.50253,8.77,3.013757,174.0142,32.19355,30.04,0.669,0,0,0,0
"2026-07-02 10:30:00",248448,73.46296,17.88895,10.52,3.814807,173.2912,30.62614,30.04,0.722,0,0,0,0
"2026-07-02 10:45:00",248449,75.12124,18.56094,12.06,4.460231,200.1819,29.95278,30.04,0.683,0,0,0,0
"2026-07-02 11:00:00",248450,76.51421,17.21757,11.62,4.934432,198.817,33.97978,30.04,0.788,0,0,0,0
"2026-07-02 11:15:00",248451,76.86008,15.30349,12.06,5.959319,186.1734,25.16666,30.03,0.823,0,0,0,0
"2026-07-02 11:30:00",248452,77.76781,15.2613,11.18,4.502854,197.9259,34.57499,30.03,0.838,0,0,0,0
"2026-07-02 11:45:00",248453,79.0726,13.17915,12.28,4.568612,196.4441,32.99528,30.03,0.854,0,0,0,0
"2026-07-02 12:00:00",248454,79.79368,13.63054,13.15,4.798285,228.1854,38.85011,30.03,0.889,0,0,0,0
"2026-07-02 12:15:00",248455,80.13207,13.05402,14.91,6.515596,203.2117,32.13612,30.03,0.895,0,0,0,0
"2026-07-02 12:30:00",248456,80.35161,13.6405,18.63,6.992475,216.007,30.91208,30.03,0.904,0,0,0,0
"2026-07-02 12:45:00",248457,80.9947,13.54813,16.66,7.410665,215.0701,28.80587,30.03,0.939,0,0,0,0
"2026-07-02 13:00:00",248458,81.88654,12.78927,16.44,7.054832,207.6592,35.17725,30.02,0.949,0,0,0,0
"2026-07-02 13:15:00",248459,82.34583,11.71578,21.48,7.735811,218.9928,29.64803,30.03,0.941,0,0,0,0
"2026-07-02 13:30:00",248460,82.36091,11.27873,22.58,8.914626,217.3168,29.50548,30.02,0.947,0,0,0,0
"2026-07-02 13:45:00",248461,83.22475,12.02204,18.85,7.782088,229.5856,32.02991,30.02,0.941,0,0,0,0
"2026-07-02 14:00:00",248462,83.24717,12.86761,15.34,6.716046,203.7613,31.31613,30.01,0.959,0,0,0,0
"2026-07-02 14:15:00",248463,83.88647,12.35041,15.78,6.83563,225.1579,32.63977,30.01,0.969,0,0,0,0
"2026-07-02 14:30:00",248464,84.283,11.28779,16.44,7.119129,209.0394,35.91062,30.01,0.931,0,0,0,0
"2026-07-02 14:45:00",248465,84.79568,11.07421,14.69,5.170443,210.6854,42.29123,30.01,0.926,0,0,0,0
"2026-07-02 15:00:00",248466,85.02377,10.84787,18.63,6.721891,219.408,36.66073,30,0.929,0,0,0,0
"2026-07-02 15:15:00",248467,85.65356,10.87135,23.02,7.210213,240.9315,37.05937,30,0.966,0,0,0,0
"2026-07-02 15:30:00",248468,85.86358,10.51641,17.97,5.864817,241.64,27.22635,29.99,0.332,0,0,0,0
"2026-07-02 15:45:00",248469,85.36855,10.90901,15.12,6.044807,239.1836,32.54266,29.99,0.866,0,0,0,0
"2026-07-02 16:00:00",248470,85.7318,10.68305,17.32,5.956151,220.3864,37.07072,29.99,0.763,0,0,0,0
"2026-07-02 16:15:00",248471,85.97308,11.60054,16,5.110526,224.0372,34.89885,29.99,0.762,0,0,0,0
"2026-07-02 16:30:00",248472,86.38101,11.31345,16.66,5.038192,209.7983,32.65299,29.99,0.67,0,0,0,0
"2026-07-02 16:45:00",248473,86.05621,11.65827,16.88,6.498792,237.769,40.29787,29.99,0.687,0,0,0,0
"2026-07-02 17:00:00",248474,85.133,11.76144,16.66,6.871923,227.2289,35.22829,29.99,0.638,0,0,0,0
"2026-07-02 17:15:00",248475,85.19915,12.35532,16,5.635879,183.0831,32.50889,29.99,0.584,0,0,0,0
"2026-07-02 17:30:00",248476,85.04102,12.63388,16.88,7.00149,211.1426,29.05206,29.99,0.542,0,0,0,0
"2026-07-02 17:45:00",248477,84.61134,12.63811,13.59,5.195763,226.4946,44.1751,29.99,0.501,0,0,0,0
"2026-07-02 18:00:00",248478,85.12485,12.52679,14.69,5.964433,250.4482,47.03098,29.99,0.46,0,0,0,0
"2026-07-02 18:15:00",248479,84.7533,12.88633,13.37,5.556238,247.0692,30.39245,29.99,0.223,0,0,0,0
"2026-07-02 18:30:00",248480,83.64344,12.88595,10.3,3.500623,256.6859,31.43256,29.99,0.267,0,0,0,0
"2026-07-02 18:45:00",248481,83.9442,12.81433,10.52,3.465792,276.0405,28.95482,29.98,0.286,0,0,0,0
"2026-07-02 19:00:00",248482,83.76828,12.75463,7.672,2.689337,256.9526,32.99337,29.99,0.089,0,0,0,0
"2026-07-02 19:15:00",248483,82.17059,13.3359,11.4,5.188952,252.6043,19.22468,29.99,0.101,0,0,0,0
"2026-07-02 19:30:00",248484,81.25756,13.20828,10.74,6.081341,255.4962,20.82931,29.99,0.084,0,0,0,0
"2026-07-02 19:45:00",248485,80.30908,14.72697,7.014,2.568775,230.6922,27.1077,29.99,0.069,0,0,0,0
"2026-07-02 20:00:00",248486,79.61871,15.62605,5.261,2.13184,196.4554,28.46483,30,0.054,0,0,0,0
"2026-07-02 20:15:00",248487,78.91068,15.88499,3.726,1.060195,206.3251,28.37783,30,0.038,0,0,0,0
"2026-07-02 20:30:00",248488,78.49553,15.28349,7.891,3.256824,240.4431,26.51857,30.01,0.05,0,0,0,0
"2026-07-02 20:45:00",248489,77.43878,17.11281,4.165,1.894614,168.7806,25.42671,30.01,0.013,0,0,0,0
"2026-07-02 21:00:00",248490,76.80533,17.31907,3.726,1.672493,130.3609,12.58185,30.01,0.002,0,0,0,0
"2026-07-02 21:15:00",248491,75.98345,17.16195,3.946,2.454062,113.3413,12.53763,30.01,0,0,0,0,0
"2026-07-02 21:30:00",248492,74.88052,17.19651,7.453,3.397112,127.6948,17.98517,30.02,0,0,0,0,0
"2026-07-02 21:45:00",248493,74.76926,17.25749,8.33,4.772223,127.832,14.1536,30.02,0,0,0,0,0
"2026-07-02 22:00:00",248494,74.20654,17.4147,9.64,4.918357,128.0576,16.24226,30.03,0,0,0,0,0
"2026-07-02 22:15:00",248495,73.62704,17.8934,9.21,4.328466,129.6261,16.09055,30.03,0,0,0,0,0
"2026-07-02 22:30:00",248496,73.28551,18.14066,9.21,4.589314,130.3456,16.19388,30.04,0,0,0,0,0
"2026-07-02 22:45:00",248497,72.87094,18.3967,8.33,3.270219,113.2894,29.26207,30.05,0,0,0,0,0
"2026-07-02 23:00:00",248498,71.55885,19.76114,7.014,2.151081,109.8034,29.09573,30.05,0,0,0,0,0
"2026-07-02 23:15:00",248499,69.93862,21.43121,5.918,2.256051,9.798876,58.52942,30.06,0,0,0,0,0
"2026-07-02 23:30:00",248500,65.99625,25.17755,3.946,1.357819,85.12552,24.00564,30.06,0,0,0,0,0
"2026-07-02 23:45:00",248501,66.47504,23.71559,6.138,2.945074,92.76006,26.80818,30.06,0,0,0,0,0
"2026-07-03 00:00:00",248502,66.42941,24.02099,5.699,2.725879,115.075,29.4572,30.06,0,0,0,0,0
"2026-07-03 00:15:00",248503,64.6332,25.35224,3.069,1.16736,70.95587,32.94294,30.06,0,0,0,0,0
"2026-07-03 00:30:00",248504,63.67981,26.21694,3.726,1.626703,111.2798,8.889283,30.06,0,0,0,0,0
"2026-07-03 00:45:00",248505,63.37541,27.07589,1.973,0.3950466,114.6128,19.09976,30.06,0,0,0,0,0
"2026-07-03 01:00:00",248506,62.647,28.2946,3.069,0.6690458,139.9322,30.55013,30.06,0,0,0,0,0
"2026-07-03 01:15:00",248507,61.58636,29.66611,3.507,0.7455209,122.9325,18.08665,30.06,0,0,0,0,0
"2026-07-03 01:30:00",248508,61.04126,29.48853,2.85,0.2852032,117.0669,30.86663,30.07,0,0,0,0,0
"2026-07-03 01:45:00",248509,60.52142,32.46547,3.726,0.7355362,212.4563,41.1365,30.06,0,0,0,0,0
"2026-07-03 02:00:00",248510,59.5223,34.85751,3.946,1.442332,282.9422,33.55392,30.07,0,0,0,0,0
"2026-07-03 02:15:00",248511,58.75684,34.95671,4.384,1.411889,227.8498,42.1531,30.07,0,0,0,0,0
"2026-07-03 02:30:00",248512,57.71549,37.87546,3.946,0.7562397,301.2152,21.22199,30.07,0,0,0,0,0
"2026-07-03 02:45:00",248513,57.0798,37.94151,3.726,0.4851619,86.87518,9.850345,30.07,0,0,0,0,0
"2026-07-03 03:00:00",248514,57.38816,36.71305,3.946,0.9885905,94.71896,16.12149,30.07,0,0,0,0,0
"2026-07-03 03:15:00",248515,56.77465,35.72112,1.754,0.4946603,118.4444,12.16907,30.07,0,0,0,0,0
"2026-07-03 03:30:00",248516,56.03163,37.14802,2.192,0.4006479,62.18401,13.80131,30.08,0,0,0,0,0
"2026-07-03 03:45:00",248517,54.5734,39.39954,2.192,0.3122375,14.14515,20.86089,30.08,0,0,0,0,0
"2026-07-03 04:00:00",248518,52.60411,41.80177,2.63,0.7153218,15.89974,34.72323,30.08,0,0,0,0,0
"2026-07-03 04:15:00",248519,52.20181,42.47833,1.534,0.1422365,241.4752,11.07442,30.08,0,0,0,0,0
"2026-07-03 04:30:00",248520,52.61866,42.79517,4.822,0.8473286,203.7525,53.02508,30.09,0,0,0,0,0
"2026-07-03 04:45:00",248521,52.48003,41.16999,3.507,1.410914,114.7218,32.20674,30.09,0,0,0,0,0
"2026-07-03 05:00:00",248522,52.4383,40.30141,2.192,0.7138588,113.4829,13.31029,30.09,0,0,0,0,0
"2026-07-03 05:15:00",248523,52.26023,41.05264,2.85,0.6821986,139.0065,9.354393,30.09,0,0,0,0,0
"2026-07-03 05:30:00",248524,52.3005,40.34921,4.384,1.663724,113.2957,8.870033,30.1,0,0,0,0,0
"2026-07-03 05:45:00",248525,51.56074,41.92658,1.315,0.1529529,285.0553,2.75126,30.1,0,0,0,0,0
"2026-07-03 06:00:00",248526,49.96131,47.97408,1.534,0.1327378,272.8468,0.6895828,30.11,0.002,0,0,0,0
"2026-07-03 06:15:00",248527,50.06666,48.12364,1.315,0.1573369,93.65816,4.704477,30.11,0.005,0,0,0,0
"2026-07-03 06:30:00",248528,50.19254,46.47871,1.315,0.2545153,78.81174,1.233085,30.11,0.013,0,0,0,0
"2026-07-03 06:45:00",248529,50.58074,44.39289,1.315,0.3926102,117.9775,14.69635,30.12,0.075,0,0,0,0
"2026-07-03 07:00:00",248530,52.30432,41.77744,2.192,0.6631996,110.2946,8.904223,30.11,0.114,0,0,0,0
"2026-07-03 07:15:00",248531,54.26312,42.17937,1.973,0.5046464,310.9443,5.163043,30.12,0.164,0,0,0,0
"2026-07-03 07:30:00",248532,54.75486,42.70199,4.165,1.852483,34.76419,50.50539,30.12,0.235,0,0,0,0
"2026-07-03 07:45:00",248533,56.91078,37.7692,2.63,0.2131109,42.71542,15.42348,30.12,0.292,0,0,0,0
"2026-07-03 08:00:00",248534,61.18496,33.74342,3.069,1.012215,295.9902,12.43657,30.12,0.242,0,0,0,0
"2026-07-03 08:15:00",248535,62.58041,31.93382,3.507,1.592366,291.4903,13.38156,30.12,0.277,0,0,0,0
"2026-07-03 08:30:00",248536,61.55112,32.35433,5.042,2.363463,299.9263,19.7549,30.13,0.191,0,0,0,0
"2026-07-03 08:45:00",248537,60.92225,34.74641,2.411,0.1485689,14.76805,20.65771,30.13,0.493,0,0,0,0
"2026-07-03 09:00:00",248538,62.89162,31.97138,2.411,0.813961,97.45724,19.24006,30.13,0.213,0,0,0,0
"2026-07-03 09:15:00",248539,64.61243,30.13754,2.63,0.5053774,87.5609,38.8004,30.13,0.383,0,0,0,0
"2026-07-03 09:30:00",248540,66.95043,27.41967,2.192,0.6210651,284.1168,22.63242,30.14,0.496,0,0,0,0
"2026-07-03 09:45:00",248541,69.33717,25.12446,3.288,0.8232167,277.6363,15.78613,30.14,0.659,0,0,0,0
"2026-07-03 10:00:00",248542,69.96867,29.15848,3.946,1.958426,276.2541,22.216,30.13,0.42,0,0,0,0
"2026-07-03 10:15:00",248543,70.11379,29.72802,3.946,1.096729,288.2114,35.66297,30.13,0.668,0,0,0,0
"2026-07-03 10:30:00",248544,72.2326,26.2183,4.603,0.8322281,95.3005,25.26464,30.13,0.718,0,0,0,0
"2026-07-03 10:45:00",248545,75.54333,20.50105,4.384,1.09332,150.8269,47.03703,30.13,0.737,0,0,0,0
"2026-07-03 11:00:00",248546,77.28283,17.163,5.48,2.399508,147.1929,38.53935,30.13,0.759,0,0,0,0
"2026-07-03 11:15:00",248547,77.99263,15.73292,7.453,2.675206,169.8586,50.44386,30.13,0.796,0,0,0,0
"2026-07-03 11:30:00",248548,79.08688,15.95253,7.014,3.018384,153.0593,35.37735,30.12,0.822,0,0,0,0
"2026-07-03 11:45:00",248549,79.67033,15.83737,10.52,3.993336,210.9557,28.2382,30.12,0.841,0,0,0,0
"2026-07-03 12:00:00",248550,80.56557,15.19044,10.08,3.798002,217.1315,32.40419,30.11,0.874,0,0,0,0
"2026-07-03 12:15:00",248551,81.93815,14.30396,10.08,3.133828,203.8071,64.22475,30.11,0.883,0,0,0,0
"2026-07-03 12:30:00",248552,81.67122,14.25513,9.21,3.04225,166.8369,68.64822,30.11,0.892,0,0,0,0
"2026-07-03 12:45:00",248553,83.28168,13.04783,8.77,3.480163,233.6982,38.33231,30.11,0.926,0,0,0,0
"2026-07-03 13:00:00",248554,83.75714,13.08081,12.71,4.037907,214.5444,46.45554,30.1,0.938,0,0,0,0
"2026-07-03 13:15:00",248555,84.24686,11.67835,10.74,3.947546,220.3398,39.22069,30.1,0.932,0,0,0,0
"2026-07-03 13:30:00",248556,84.71268,11.76529,13.15,5.401083,227.5421,35.05888,30.09,0.937,0,0,0,0
"2026-07-03 13:45:00",248557,85.14304,12.1517,16.44,6.041889,220.3704,34.79926,30.09,0.94,0,0,0,0
"2026-07-03 14:00:00",248558,85.93055,11.7865,15.56,7.180019,237.778,35.49495,30.09,0.963,0,0,0,0
"2026-07-03 14:15:00",248559,85.69119,11.10213,20.17,8.645725,209.051,26.80844,30.08,0.859,0,0,0,0
"2026-07-03 14:30:00",248560,85.77025,10.05717,13.59,6.127858,220.9975,34.24123,30.08,0.507,0,0,0,0
"2026-07-03 14:45:00",248561,85.10311,10.66705,12.71,5.66754,206.315,34.45478,30.08,0.807,0,0,0,0
"2026-07-03 15:00:00",248562,86.15388,10.22841,14.47,6.251339,227.5228,35.95491,30.07,0.909,0,0,0,0
"2026-07-03 15:15:00",248563,87.1802,9.855515,15.12,5.088124,225.4319,41.34799,30.07,0.891,0,0,0,0
"2026-07-03 15:30:00",248564,87.45013,9.730159,16.88,7.839565,234.4374,37.93759,30.07,0.85,0,0,0,0
"2026-07-03 15:45:00",248565,87.81922,9.237791,15.56,6.113001,230.7834,34.9784,30.07,0.825,0,0,0,0
"2026-07-03 16:00:00",248566,88.07883,9.355751,16,5.651952,222.8269,42.09441,30.06,0.79,0,0,0,0
"2026-07-03 16:15:00",248567,88.44968,9.023908,14.69,5.405962,242.0511,42.10413,30.06,0.741,0,0,0,0
"2026-07-03 16:30:00",248568,88.35378,9.580351,11.62,4.166262,177.2934,38.25715,30.06,0.676,0,0,0,0
"2026-07-03 16:45:00",248569,88.02557,10.02495,12.71,3.334029,183.7521,98.48157,30.06,0.623,0,0,0,0
"2026-07-03 17:00:00",248570,87.98142,9.906081,13.59,5.061082,282.3014,43.03418,30.06,0.609,0,0,0,0
"2026-07-03 17:15:00",248571,88.43882,9.87295,9.86,2.885887,218.4253,57.51824,30.06,0.553,0,0,0,0
"2026-07-03 17:30:00",248572,87.84299,9.882608,10.52,4.299243,282.0171,46.08715,30.06,0.503,0,0,0,0
"2026-07-03 17:45:00",248573,87.68283,9.781252,10.52,4.441231,230.9675,39.9243,30.05,0.473,0,0,0,0
"2026-07-03 18:00:00",248574,87.95059,9.783441,12.49,4.234209,239.6825,47.53147,30.05,0.432,0,0,0,0
"2026-07-03 18:15:00",248575,87.64955,9.301488,8.55,2.364923,247.1599,35.77517,30.05,0.382,0,0,0,0
"2026-07-03 18:30:00",248576,87.31618,9.781025,12.71,5.31779,248.4354,28.59873,30.05,0.322,0,0,0,0
"2026-07-03 18:45:00",248577,87.09286,9.874911,8.77,3.155016,211.7612,36.12371,30.05,0.285,0,0,0,0
"2026-07-03 19:00:00",248578,86.96121,9.846383,6.357,2.376857,229.1692,46.70041,30.06,0.254,0,0,0,0
"2026-07-03 19:15:00",248579,86.75663,10.79293,8.33,3.749776,269.7341,28.63639,30.06,0.215,0,0,0,0
"2026-07-03 19:30:00",248580,86.30399,10.42373,9.43,4.424428,289.4591,23.04056,30.06,0.151,0,0,0,0
"2026-07-03 19:45:00",248581,85.44151,10.0731,5.918,2.614565,244.8838,21.7916,30.06,0.106,0,0,0,0
"2026-07-03 20:00:00",248582,84.49601,10.80403,5.699,2.6757,246.1523,15.4457,30.07,0.074,0,0,0,0
"2026-07-03 20:15:00",248583,83.15575,11.79789,6.576,2.812576,242.5958,23.87999,30.07,0.069,0,0,0,0
"2026-07-03 20:30:00",248584,81.36447,12.85297,6.576,2.717838,240.006,20.14503,30.07,0.018,0,0,0,0
"2026-07-03 20:45:00",248585,79.40991,14.25219,3.726,1.353434,196.9538,32.97984,30.07,0.007,0,0,0,0
"2026-07-03 21:00:00",248586,77.88938,15.21406,3.946,1.60308,136.9363,9.873455,30.08,0.002,0,0,0,0
"2026-07-03 21:15:00",248587,75.89638,16.63086,3.507,1.252849,107.4615,35.11504,30.09,0,0,0,0,0
"2026-07-03 21:30:00",248588,74.0452,16.97342,6.138,3.664291,111.7517,10.85938,30.09,0,0,0,0,0
"2026-07-03 21:45:00",248589,73.03098,16.52468,5.48,2.678868,98.87108,15.95863,30.09,0,0,0,0,0
"2026-07-03 22:00:00",248590,73.51001,15.23294,7.672,4.493112,100.4065,12.77047,30.1,0,0,0,0,0
"2026-07-03 22:15:00",248591,74.03111,14.57836,9.21,5.032101,104.6448,14.99706,30.11,0,0,0,0,0
"2026-07-03 22:30:00",248592,73.86422,14.23354,8.77,4.52575,101.1095,13.48975,30.11,0,0,0,0,0
"2026-07-03 22:45:00",248593,73.28688,14.77152,6.576,2.955544,104.6154,16.54023,30.11,0,0,0,0,0
"2026-07-03 23:00:00",248594,71.26494,16.47645,4.165,1.142518,32.12226,61.5559,30.12,0,0,0,0,0
"2026-07-03 23:15:00",248595,67.83141,20.02605,1.534,0.07233603,49.4797,7.156025,30.12,0,0,0,0,0
"2026-07-03 23:30:00",248596,65.74872,21.64936,4.165,0.8300356,24.89657,29.09455,30.12,0,0,0,0,0
"2026-07-03 23:45:00",248597,65.14653,21.00353,4.165,2.79943,98.26302,15.61829,30.12,0,0,0,0,0
"2026-07-04 00:00:00",248598,65.27953,21.1798,3.946,2.734154,108.328,11.0535,30.12,0,0,0,0,0
"2026-07-04 00:15:00",248599,64.68365,21.88256,4.165,2.43629,111.1227,8.421399,30.13,0,0,0,0,0
"2026-07-04 00:30:00",248600,62.93996,24.66994,3.069,0.8860523,60.41732,26.51936,30.13,0,0,0,0,0
"2026-07-04 00:45:00",248601,61.71667,24.08312,5.042,2.069734,339.0838,61.02581,30.12,0,0,0,0,0
"2026-07-04 01:00:00",248602,60.42739,25.83186,3.507,0.9688635,308.8242,24.90456,30.13,0,0,0,0,0
"2026-07-04 01:15:00",248603,59.91627,27.5143,0.877,0.02362489,324.3901,1.8044,30.12,0,0,0,0,0
"2026-07-04 01:30:00",248604,59.23504,28.28514,1.973,0.2472086,155.8225,12.80305,30.13,0,0,0,0,0
"2026-07-04 01:45:00",248605,59.27567,27.5295,3.288,1.301559,4.698216,86.22225,30.12,0,0,0,0,0
"2026-07-04 02:00:00",248606,56.46676,32.93594,1.754,0.2900743,6.159842,10.52866,30.13,0,0,0,0,0
"2026-07-04 02:15:00",248607,55.7935,33.84858,1.973,0.7094748,111.9989,15.24048,30.14,0,0,0,0,0
"2026-07-04 02:30:00",248608,56.37244,32.43865,3.726,1.25358,156.3834,12.02075,30.14,0,0,0,0,0
"2026-07-04 02:45:00",248609,57.13691,29.53584,4.165,1.664701,159.5524,22.29968,30.15,0,0,0,0,0
"2026-07-04 03:00:00",248610,57.82355,27.87864,5.042,1.778191,146.7461,15.20541,30.15,0,0,0,0,0
"2026-07-04 03:15:00",248611,57.8998,27.86611,3.288,0.8860549,151.6008,32.14605,30.15,0,0,0,0,0
"2026-07-04 03:30:00",248612,56.86426,28.53799,2.411,0.7087467,80.3177,10.86847,30.15,0,0,0,0,0
"2026-07-04 03:45:00",248613,56.24598,29.81416,2.85,1.252358,95.10628,22.90481,30.15,0,0,0,0,0
"2026-07-04 04:00:00",248614,55.20405,32.45591,6.795,2.73488,303.257,38.16473,30.15,0,0,0,0,0
"2026-07-04 04:15:00",248615,53.38848,35.12756,2.85,1.050698,62.93502,30.71711,30.15,0,0,0,0,0
"2026-07-04 04:30:00",248616,53.55838,34.78701,3.946,1.829586,87.14721,9.742677,30.15,0,0,0,0,0
"2026-07-04 04:45:00",248617,53.8911,33.5085,2.63,1.348319,87.69068,12.24046,30.16,0,0,0,0,0
"2026-07-04 05:00:00",248618,54.3365,32.44337,1.754,0.1541706,93.25166,3.918221,30.16,0,0,0,0,0
"2026-07-04 05:15:00",248619,53.99046,32.91266,2.85,0.3801895,345.1696,21.07911,30.16,0,0,0,0,0
"2026-07-04 05:30:00",248620,53.35355,33.49325,1.534,0.1427236,103.9059,3.03051,30.17,0,0,0,0,0
"2026-07-04 05:45:00",248621,51.77224,35.472,3.288,0.8161539,343.3549,16.91326,30.17,0,0,0,0,0
"2026-07-04 06:00:00",248622,49.99395,37.05991,1.096,0.08305248,68.46171,7.067945,30.18,0.002,0,0,0,0
"2026-07-04 06:15:00",248623,50.11329,38.1805,2.411,0.6178988,110.4744,8.311185,30.19,0.008,0,0,0,0
"2026-07-04 06:30:00",248624,50.63309,38.054,3.069,1.561675,112.7995,10.47372,30.19,0.016,0,0,0,0
"2026-07-04 06:45:00",248625,51.38606,37.88091,3.288,0.9842063,159.9611,25.66758,30.19,0.075,0,0,0,0
"2026-07-04 07:00:00",248626,52.79556,36.19453,1.315,0.03945601,140.9499,5.026096,30.19,0.109,0,0,0,0
"2026-07-04 07:15:00",248627,53.63076,39.17318,1.754,0.3229541,62.70118,21.46679,30.19,0.145,0,0,0,0
"2026-07-04 07:30:00",248628,56.0952,38.11661,0,0,0,0,30.19,0.182,0,0,0,0
"2026-07-04 07:45:00",248629,58.48865,36.17489,1.754,0.1529529,308.5913,3.279121,30.19,0.222,0,0,0,0
"2026-07-04 08:00:00",248630,59.23368,37.86151,1.315,0.1125227,311.1289,4.04458,30.2,0.266,0,0,0,0
"2026-07-04 08:15:00",248631,62.15032,34.76303,1.754,0.2352744,279.0675,9.243725,30.19,0.312,0,0,0,0
"2026-07-04 08:30:00",248632,63.62502,31.80103,1.754,0.1831536,311.4933,17.19502,30.19,0.355,0,0,0,0
"2026-07-04 08:45:00",248633,66.00381,28.34137,2.411,0.6390879,281.0451,11.29854,30.19,0.399,0,0,0,0
"2026-07-04 09:00:00",248634,68.25228,26.24071,2.85,0.9369561,279.2383,26.14128,30.19,0.441,0,0,0,0
"2026-07-04 09:15:00",248635,68.97061,25.09133,3.069,1.103791,306.1799,28.06333,30.19,0.483,0,0,0,0
"2026-07-04 09:30:00",248636,70.19678,24.23105,3.069,1.001986,296.0453,33.9175,30.19,0.528,0,0,0,0
"2026-07-04 09:45:00",248637,71.74103,23.27101,2.63,0.7752357,286.9203,43.47212,30.19,0.572,0,0,0,0
"2026-07-04 10:00:00",248638,73.50494,21.7128,4.384,0.954493,285.6722,36.56194,30.19,0.61,0,0,0,0
"2026-07-04 10:15:00",248639,75.84802,19.09821,3.507,0.9637485,270.0452,18.60318,30.19,0.653,0,0,0,0
"2026-07-04 10:30:00",248640,77.28269,18.36939,3.069,0.5214511,233.6601,23.70335,30.19,0.689,0,0,0,0
"2026-07-04 10:45:00",248641,78.02238,17.71537,4.603,0.8212683,50.42078,17.49365,30.18,0.721,0,0,0,0
"2026-07-04 11:00:00",248642,79.76583,15.65835,5.042,1.638884,215.8749,38.13989,30.18,0.753,0,0,0,0
"2026-07-04 11:15:00",248643,80.69706,14.48366,5.042,1.377791,153.6452,35.85617,30.17,0.787,0,0,0,0
"2026-07-04 11:30:00",248644,81.95894,13.53575,6.357,2.226584,213.2761,30.83009,30.17,0.818,0,0,0,0
"2026-07-04 11:45:00",248645,83.28819,12.86693,6.357,2.739267,178.3288,33.02709,30.17,0.844,0,0,0,0
"2026-07-04 12:00:00",248646,84.73347,12.08808,6.357,2.342029,229.8083,54.25251,30.16,0.868,0,0,0,0
"2026-07-04 12:15:00",248647,85.39464,11.62114,4.603,1.730947,114.5541,68.62247,30.16,0.877,0,0,0,0
"2026-07-04 12:30:00",248648,86.86436,11.10047,6.138,2.128428,254.612,34.94823,30.15,0.892,0,0,0,0
"2026-07-04 12:45:00",248649,87.75809,10.79731,9.43,3.162085,313.6897,52.24933,30.15,0.917,0,0,0,0
"2026-07-04 13:00:00",248650,88.40989,9.980871,7.234,3.106548,348.5211,58.9578,30.15,0.933,0,0,0,0
"2026-07-04 13:15:00",248651,89.04469,10.56977,6.795,2.19468,321.3491,43.72286,30.15,0.927,0,0,0,0
"2026-07-04 13:30:00",248652,89.55629,10.54313,7.672,2.627477,0.02236605,52.63742,30.14,0.938,0,0,0,0
"2026-07-04 13:45:00",248653,90.7076,10.17053,7.891,3.251462,260.7053,37.278,30.13,0.942,0,0,0,0
"2026-07-04 14:00:00",248654,91.05332,10.02842,11.62,4.716941,263.3554,25.90644,30.13,0.954,0,0,0,0
"2026-07-04 14:15:00",248655,90.95116,10.00925,9.64,4.666765,264.6433,37.66747,30.13,0.942,0,0,0,0
"2026-07-04 14:30:00",248656,91.3886,10.12358,10.96,5.501678,240.305,34.83294,30.12,0.915,0,0,0,0
"2026-07-04 14:45:00",248657,91.71082,10.06555,7.014,2.770194,251.5316,37.06863,30.12,0.908,0,0,0,0
"2026-07-04 15:00:00",248658,91.7907,9.956721,8.55,3.591227,274.0456,55.61732,30.11,0.898,0,0,0,0
"2026-07-04 15:15:00",248659,91.80959,10.21128,8.99,3.480402,302.8238,32.88482,30.11,0.881,0,0,0,0
"2026-07-04 15:30:00",248660,92.80055,9.859352,10.08,3.078055,268.4842,58.72117,30.1,0.86,0,0,0,0
"2026-07-04 15:45:00",248661,93.05964,9.843445,13.37,4.451464,273.0125,43.46759,30.1,0.848,0,0,0,0
"2026-07-04 16:00:00",248662,93.26447,9.532507,11.18,5.979539,267.1954,27.68066,30.09,0.823,0,0,0,0
"2026-07-04 16:15:00",248663,93.51277,8.877935,10.08,4.307276,269.7304,34.32747,30.09,0.785,0,0,0,0
"2026-07-04 16:30:00",248664,92.67025,8.415915,8.33,2.14548,236.4173,62.77796,30.09,0.747,0,0,0,0
"2026-07-04 16:45:00",248665,93.48725,8.512826,12.06,4.008195,258.4499,31.71367,30.09,0.707,0,0,0,0
"2026-07-04 17:00:00",248666,93.75159,8.357275,15.34,6.116415,253.6714,35.08296,30.08,0.67,0,0,0,0
"2026-07-04 17:15:00",248667,93.6652,8.173807,12.49,4.411767,255.8415,33.27198,30.08,0.639,0,0,0,0
"2026-07-04 17:30:00",248668,93.56358,8.813493,10.96,3.806774,242.4746,46.88956,30.08,0.606,0,0,0,0
"2026-07-04 17:45:00",248669,93.53873,8.203919,11.4,3.886904,235.9769,42.39594,30.07,0.568,0,0,0,0
"2026-07-04 18:00:00",248670,92.86275,7.999697,7.672,2.357617,62.90023,61.33741,30.07,0.514,0,0,0,0
"2026-07-04 18:15:00",248671,92.99588,7.936528,8.33,3.377871,254.8923,38.18849,30.07,0.468,0,0,0,0
"2026-07-04 18:30:00",248672,92.92361,8.189053,11.62,4.39301,241.2416,36.83684,30.06,0.416,0,0,0,0
"2026-07-04 18:45:00",248673,93.05755,8.251994,9.21,2.820127,254.7986,41.4497,30.06,0.349,0,0,0,0
"2026-07-04 19:00:00",248674,93.13648,8.245277,11.4,3.469446,299.3009,29.43035,30.06,0.07,0,0,0,0
"2026-07-04 19:15:00",248675,90.43477,9.739438,7.672,2.484997,316.2636,24.08829,30.06,0.24,0,0,0,0
"2026-07-04 19:30:00",248676,89.3772,10.70131,7.453,3.457025,328.0547,19.14235,30.06,0.197,0,0,0,0
"2026-07-04 19:45:00",248677,89.71871,11.51593,7.014,2.036363,335.6376,22.85213,30.06,0.157,0,0,0,0
"2026-07-04 20:00:00",248678,89.23768,13.10609,5.48,1.182704,327.0823,19.18809,30.06,0.118,0,0,0,0
"2026-07-04 20:15:00",248679,87.5339,14.29626,6.357,2.946774,332.3061,23.55941,30.06,0.087,0,0,0,0
"2026-07-04 20:30:00",248680,84.89848,15.85177,5.042,0.9929737,331.6498,22.66785,30.07,0.056,0,0,0,0
"2026-07-04 20:45:00",248681,83.04553,16.2683,4.384,0.6712381,341.9493,16.90299,30.07,0.017,0,0,0,0
"2026-07-04 21:00:00",248682,81.19625,17.28571,3.726,1.218263,29.61584,20.19458,30.07,0.003,0,0,0,0
"2026-07-04 21:15:00",248683,80.32099,15.94468,3.069,0.8553658,24.57549,15.16489,30.08,0,0,0,0,0
"2026-07-04 21:30:00",248684,79.04309,16.45403,3.726,1.498594,48.41615,18.35626,30.09,0,0,0,0,0
"2026-07-04 21:45:00",248685,78.47648,17.14352,3.288,1.899247,98.29694,20.65645,30.09,0,0,0,0,0
"2026-07-04 22:00:00",248686,77.09477,17.37341,3.946,2.099935,108.9623,12.60045,30.1,0,0,0,0,0
"2026-07-04 22:15:00",248687,76.05215,17.78336,3.726,1.476921,119.5895,14.66475,30.1,0,0,0,0,0
"2026-07-04 22:30:00",248688,74.88782,18.93184,2.192,0.3624099,161.7287,24.66683,30.1,0,0,0,0,0
"2026-07-04 22:45:00",248689,74.25021,19.45758,4.822,0.3110202,168.3967,11.38624,30.11,0,0,0,0,0
"2026-07-04 23:00:00",248690,75.02267,17.32148,4.165,2.246801,149.2697,22.29795,30.11,0,0,0,0,0
"2026-07-04 23:15:00",248691,74.70967,17.74764,3.288,1.144952,184.5878,58.24072,30.11,0,0,0,0,0
"2026-07-04 23:30:00",248692,73.15468,21.49813,4.822,2.90586,194.9789,14.53635,30.12,0,0,0,0,0
"2026-07-04 23:45:00",248693,70.99992,24.79946,4.384,1.011972,218.6235,49.49876,30.12,0,0,0,0,0
"2026-07-05 00:00:00",248694,69.26637,26.55881,2.85,0.8551219,129.4125,27.97021,30.11,0,0,0,0,0
"2026-07-05 00:15:00",248695,69.237,25.40648,4.822,1.916535,153.4415,15.84318,30.12,0,0,0,0,0
"2026-07-05 00:30:00",248696,70.72141,20.80307,4.603,2.25508,135.0876,20.77423,30.11,0,0,0,0,0
"2026-07-05 00:45:00",248697,69.09753,23.43107,2.411,0.5243748,281.6034,20.63314,30.12,0,0,0,0,0
"2026-07-05 01:00:00",248698,66.9566,26.28868,2.63,0.8181028,60.05869,35.28783,30.11,0,0,0,0,0
"2026-07-05 01:15:00",248699,66.3119,24.98461,1.754,0.2101881,87.99216,8.802406,30.11,0,0,0,0,0
"2026-07-05 01:30:00",248700,65.82439,25.14456,1.096,0.02922667,15.62579,2.975762,30.11,0,0,0,0,0
"2026-07-05 01:45:00",248701,65.55175,25.60588,2.192,0.6558934,48.65163,17.85114,30.11,0,0,0,0,0
"2026-07-05 02:00:00",248702,64.88714,26.3403,1.754,0.05772268,97.82176,4.808436,30.12,0,0,0,0,0
"2026-07-05 02:15:00",248703,64.45458,27.40083,1.973,0.4666517,106.7423,6.725876,30.12,0,0,0,0,0
"2026-07-05 02:30:00",248704,63.89138,28.20685,2.63,0.5441024,169.0903,18.18373,30.12,0,0,0,0,0
"2026-07-05 02:45:00",248705,63.31358,29.78472,13.59,1.870018,164.3743,33.3844,30.14,0,0,0,0,0
"2026-07-05 03:00:00",248706,58.6927,38.37524,10.96,4.233966,161.3235,27.41561,30.14,0,0,0,0,0
"2026-07-05 03:15:00",248707,61.35089,31.18917,5.48,2.399996,132.0904,22.52067,30.13,0,0,0,0,0
"2026-07-05 03:30:00",248708,63.78228,27.27878,5.48,2.779212,111.1981,17.61107,30.13,0,0,0,0,0
"2026-07-05 03:45:00",248709,64.9818,25.46892,5.042,1.334196,97.38223,22.24496,30.12,0,0,0,0,0
"2026-07-05 04:00:00",248710,61.85954,31.39829,7.234,1.935048,346.9564,50.59789,30.13,0,0,0,0,0
"2026-07-05 04:15:00",248711,58.29806,37.82646,2.192,0.6700206,66.03531,26.5634,30.13,0,0,0,0,0
"2026-07-05 04:30:00",248712,58.24792,37.84911,3.069,0.961799,97.08788,19.4777,30.14,0,0,0,0,0
"2026-07-05 04:45:00",248713,58.32508,37.1241,3.726,1.715843,76.7212,15.16467,30.14,0,0,0,0,0
"2026-07-05 05:00:00",248714,58.20983,36.09326,2.63,0.752342,71.333,14.29346,30.14,0,0,0,0,0
"2026-07-05 05:15:00",248715,56.8628,37.35135,3.726,1.220698,322.3099,13.18099,30.15,0,0,0,0,0
"2026-07-05 05:30:00",248716,55.80245,36.51104,2.411,0.5380136,40.06599,28.49054,30.15,0,0,0,0,0
"2026-07-05 05:45:00",248717,55.17904,37.72392,1.534,0.1561191,103.6832,14.14786,30.15,0,0,0,0,0
"2026-07-05 06:00:00",248718,55.09912,38.11514,1.754,0.4573957,171.6458,47.94395,30.15,0.002,0,0,0,0
"2026-07-05 06:15:00",248719,54.33283,42.32512,1.534,0.1203165,261.4218,4.848963,30.15,0.008,0,0,0,0
"2026-07-05 06:30:00",248720,54.71271,43.6281,4.165,1.529529,163.2132,20.57,30.15,0.015,0,0,0,0
"2026-07-05 06:45:00",248721,54.47445,43.8766,2.63,0.3263637,138.9315,13.19537,30.16,0.072,0,0,0,0
"2026-07-05 07:00:00",248722,56.42335,41.26875,1.096,0.05869691,193.1397,8.346046,30.16,0.108,0,0,0,0
"2026-07-05 07:15:00",248723,57.75777,39.03083,3.946,1.136915,222.5476,14.84262,30.17,0.143,0,0,0,0
"2026-07-05 07:30:00",248724,58.52326,37.16806,2.63,0.4790721,150.6411,17.7096,30.17,0.185,0,0,0,0
"2026-07-05 07:45:00",248725,61.53219,34.49486,1.315,0.05114668,87.12805,5.185238,30.16,0.226,0,0,0,0
"2026-07-05 08:00:00",248726,63.92982,33.22117,1.754,0.3012777,82.94438,7.927115,30.16,0.272,0,0,0,0
"2026-07-05 08:15:00",248727,68.27601,29.37678,0.438,0.001461333,101.5901,0.003362352,30.16,0.313,0,0,0,0
"2026-07-05 08:30:00",248728,69.90836,29.14853,3.726,1.182948,316.2482,14.78234,30.16,0.362,0,0,0,0
"2026-07-05 08:45:00",248729,69.2478,29.53959,4.165,2.087024,313.0089,23.12283,30.16,0.412,0,0,0,0
"2026-07-05 09:00:00",248730,69.50475,29.85392,4.165,1.585058,317.5829,21.68726,30.15,0.451,0,0,0,0
"2026-07-05 09:15:00",248731,70.29707,29.61599,4.822,1.442334,328.3329,26.52777,30.15,0.489,0,0,0,0
"2026-07-05 09:30:00",248732,72.74304,27.23506,3.726,0.960338,330.0163,41.87655,30.15,0.535,0,0,0,0
"2026-07-05 09:45:00",248733,75.14433,23.1598,3.726,1.206328,330.7289,41.97493,30.14,0.579,0,0,0,0
"2026-07-05 10:00:00",248734,77.57287,21.95914,4.384,1.558267,321.7083,32.95445,30.14,0.619,0,0,0,0
"2026-07-05 10:15:00",248735,79.29078,20.19766,4.384,0.9876164,303.8879,40.13168,30.14,0.656,0,0,0,0
"2026-07-05 10:30:00",248736,80.77299,17.92427,3.507,1.013677,321.9156,41.38394,30.13,0.699,0,0,0,0
"2026-07-05 10:45:00",248737,82.37762,16.21306,4.165,1.823741,298.2648,48.65828,30.13,0.728,0,0,0,0
"2026-07-05 11:00:00",248738,83.58095,13.42715,4.165,0.9793349,198.9726,69.80612,30.13,0.766,0,0,0,0
"2026-07-05 11:15:00",248739,84.90015,12.24634,5.918,2.195164,229.3219,39.71923,30.13,0.75,0,0,0,0
"2026-07-05 11:30:00",248740,85.7553,10.75263,5.918,1.899487,228.7844,60.81771,30.12,0.849,0,0,0,0
"2026-07-05 11:45:00",248741,86.12101,11.09776,8.11,3.107037,205.3251,55.81803,30.12,0.8,0,0,0,0
"2026-07-05 12:00:00",248742,87.08226,9.503069,4.384,0.9128444,204.0481,39.46515,30.11,0.85,0,0,0,0
"2026-07-05 12:15:00",248743,88.46056,9.442919,7.234,1.759686,272.0107,36.36869,30.11,0.97,0,0,0,0
"2026-07-05 12:30:00",248744,89.74607,8.972589,5.261,1.587005,200.1769,57.14249,30.1,0.996,0,0,0,0
"2026-07-05 12:45:00",248745,89.68739,8.837571,5.48,2.163988,313.2933,58.2317,30.1,0.619,0,0,0,0
"2026-07-05 13:00:00",248746,90.2347,9.156132,5.042,1.0865,257.4565,64.71804,30.09,0.657,0,0,0,0
"2026-07-05 13:15:00",248747,90.39936,9.469107,6.576,2.77507,200.537,41.53712,30.09,0.488,0,0,0,0
"2026-07-05 13:30:00",248748,91.02969,9.16783,10.08,2.795041,196.8043,52.6166,30.09,0.626,0,0,0,0
"2026-07-05 13:45:00",248749,91.76828,8.594934,11.84,4.847242,231.0565,33.64612,30.08,1.004,0,0,0,0
"2026-07-05 14:00:00",248750,93.67136,8.147396,10.3,3.702775,245.0787,46.13477,30.07,0.42,0,0,0,0
"2026-07-05 14:15:00",248751,92.57046,8.385807,10.52,2.711745,209.5371,43.11593,30.07,0.39,0,0,0,0
"2026-07-05 14:30:00",248752,92.15476,8.59901,11.62,3.665996,240.0108,62.8732,30.07,0.952,0,0,0,0
"2026-07-05 14:45:00",248753,93.24643,8.08385,10.08,3.92879,226.5751,38.18833,30.07,0.466,0,0,0,0
"2026-07-05 15:00:00",248754,93.63468,8.163924,12.71,5.278824,193.2646,35.83813,30.06,0.646,0,0,0,0
"2026-07-05 15:15:00",248755,94.09886,7.856382,8.55,2.933382,251.3908,49.3387,30.06,0.868,0,0,0,0
"2026-07-05 15:30:00",248756,95.03376,7.685367,8.33,3.705943,247.4606,40.49072,30.05,0.379,0,0,0,0
"2026-07-05 15:45:00",248757,92.74366,8.064907,13.81,3.071721,168.5302,32.52881,30.05,0.303,0,0,0,0
"2026-07-05 16:00:00",248758,92.32172,8.358637,8.99,2.135737,209.6812,43.08018,30.05,0.361,0,0,0,0
"2026-07-05 16:15:00",248759,92.74909,8.389203,12.06,4.204495,205.8486,31.966,30.04,0.4,0,0,0,0
"2026-07-05 16:30:00",248760,93.53823,8.135924,9.64,4.614159,253.202,28.62827,30.03,0.659,0,0,0,0
"2026-07-05 16:45:00",248761,95.41115,7.645896,7.234,3.013269,268.4066,35.44824,30.03,0.341,0,0,0,0
"2026-07-05 17:00:00",248762,94.27438,7.779252,8.99,2.031982,234.2825,30.9967,30.03,0.661,0,0,0,0
"2026-07-05 17:15:00",248763,94.78123,7.737442,9.86,4.270745,235.9485,32.04272,30.02,0.656,0,0,0,0
"2026-07-05 17:30:00",248764,95.33262,7.583633,8.77,3.438519,272.9482,56.42236,30.02,0.447,0,0,0,0
"2026-07-05 17:45:00",248765,93.9819,8.313053,6.576,2.569997,312.7105,45.90982,30.01,0.322,0,0,0,0
"2026-07-05 18:00:00",248766,93.85719,8.741121,9.43,2.338378,346.7409,35.36038,30.01,0.57,0,0,0,0
"2026-07-05 18:15:00",248767,94.46755,8.360902,10.08,3.616555,300.4106,37.60806,30.01,0.335,0,0,0,0
"2026-07-05 18:30:00",248768,93.18992,8.758932,9.43,3.02252,318.1703,29.27954,30.01,0.152,0,0,0,0
"2026-07-05 18:45:00",248769,91.07805,9.865704,9.64,4.884264,308.7599,22.38834,30.01,0.183,0,0,0,0
"2026-07-05 19:00:00",248770,90.2521,10.72946,8.55,2.799666,311.7407,26.91328,30.02,0.22,0,0,0,0
"2026-07-05 19:15:00",248771,90.38142,8.975154,14.03,6.456165,301.867,22.47178,30.02,0.163,0,0,0,0
"2026-07-05 19:30:00",248772,89.96003,8.464069,12.28,5.791258,285.6532,18.42673,30.02,0.086,0,0,0,0
"2026-07-05 19:45:00",248773,88.75005,9.242697,5.699,2.106023,283.4383,29.56304,30.03,0.066,0,0,0,0
"2026-07-05 20:00:00",248774,87.45176,9.420428,6.795,1.853455,317.978,29.18633,30.03,0.049,0,0,0,0
"2026-07-05 20:15:00",248775,86.7008,10.50282,3.946,1.864904,88.91135,20.54609,30.03,0.032,0,0,0,0
"2026-07-05 20:30:00",248776,85.12783,12.73923,4.822,2.41169,115.4945,55.9118,30.04,0.031,0,0,0,0
"2026-07-05 20:45:00",248777,84.28287,11.61058,4.603,2.086296,149.9341,27.19617,30.04,0.017,0,0,0,0
"2026-07-05 21:00:00",248778,83.08048,12.03563,4.165,1.870013,119.8779,23.21304,30.05,0.002,0,0,0,0
"2026-07-05 21:15:00",248779,81.21098,13.57658,6.357,2.038314,112.6053,23.66624,30.05,0,0,0,0,0
"2026-07-05 21:30:00",248780,80.68687,12.73018,5.918,1.707805,124.1402,19.72392,30.05,0,0,0,0,0
"2026-07-05 21:45:00",248781,80.12257,13.41583,4.165,1.608439,132.1985,22.49489,30.06,0,0,0,0,0
"2026-07-05 22:00:00",248782,79.15791,13.44956,8.55,3.96362,118.0816,18.72401,30.06,0,0,0,0,0
"2026-07-05 22:15:00",248783,79.32258,13.0884,9.64,3.881053,109.0473,20.28761,30.07,0,0,0,0,0
"2026-07-05 22:30:00",248784,78.15025,14.11998,7.672,3.972635,119.5468,21.37822,30.07,0,0,0,0,0
"2026-07-05 22:45:00",248785,78.85867,14.13072,8.33,4.369385,127.3067,14.85564,30.08,0,0,0,0,0
"2026-07-05 23:00:00",248786,78.31053,14.83509,7.014,3.0386,102.3841,22.57923,30.08,0,0,0,0,0
"2026-07-05 23:15:00",248787,76.99687,15.83216,8.11,2.122584,106.782,18.5053,30.08,0,0,0,0,0
"2026-07-05 23:30:00",248788,76.81952,16.40656,4.822,2.268474,108.0317,17.81007,30.08,0,0,0,0,0
"2026-07-05 23:45:00",248789,75.29299,18.1134,3.288,0.6390875,134.847,30.46439,30.07,0,0,0,0,0
"2026-07-06 00:00:00",248790,74.07271,18.9398,1.754,0.4327973,179.1853,40.36511,30.07,0,0,0,0,0
"2026-07-06 00:15:00",248791,72.94186,20.9985,1.534,0.08914137,100.4774,6.390029,30.08,0,0,0,0,0
"2026-07-06 00:30:00",248792,71.89928,22.06439,2.411,0.4057626,82.05904,20.5669,30.08,0,0,0,0,0
"2026-07-06 00:45:00",248793,71.26002,22.08627,0,0,0,0,30.08,0,0,0,0,0
"2026-07-06 01:00:00",248794,70.33144,23.49773,5.042,1.787451,333.6123,31.65573,30.08,0,0,0,0,0
"2026-07-06 01:15:00",248795,67.60045,24.61835,3.288,0.7384592,42.86082,18.54307,30.08,0,0,0,0,0
"2026-07-06 01:30:00",248796,67.29948,25.39086,2.192,0.4795598,39.7812,9.596709,30.07,0,0,0,0,0
"2026-07-06 01:45:00",248797,67.60477,25.63906,0,0,0,0,30.08,0,0,0,0,0
"2026-07-06 02:00:00",248798,66.73804,25.89685,1.973,0.1687839,342.9258,7.32383,30.08,0,0,0,0,0
"2026-07-06 02:15:00",248799,66.18807,25.09304,3.288,0.459589,224.7788,29.62457,30.08,0,0,0,0,0
"2026-07-06 02:30:00",248800,65.60292,26.07556,4.822,1.621344,305.9232,39.78005,30.08,0,0,0,0,0
"2026-07-06 02:45:00",248801,65.64061,27.35335,3.946,1.37974,96.27464,23.35106,30.08,0,0,0,0,0
"2026-07-06 03:00:00",248802,66.08531,28.20294,3.288,1.355382,114.4425,10.33529,30.08,0,0,0,0,0
"2026-07-06 03:15:00",248803,66.37583,26.59541,4.165,1.41627,121.7646,13.67945,30.08,0,0,0,0,0
"2026-07-06 03:30:00",248804,66.38387,26.72161,2.63,1.173205,214.098,53.48426,30.08,0,0,0,0,0
"2026-07-06 03:45:00",248805,65.58141,27.92425,3.507,0.775237,217.4991,12.756,30.08,0,0,0,0,0
"2026-07-06 04:00:00",248806,64.1464,30.4606,3.507,1.628897,170.2193,58.37318,30.08,0,0,0,0,0
"2026-07-06 04:15:00",248807,63.00274,31.27193,3.507,1.447932,120.5193,19.94564,30.08,0,0,0,0,0
"2026-07-06 04:30:00",248808,63.44557,29.52001,2.411,0.7686599,124.8272,8.64502,30.08,0,0,0,0,0
"2026-07-06 04:45:00",248809,63.57713,30.01649,1.973,0.5937872,208.9225,19.50912,30.08,0,0,0,0,0
"2026-07-06 05:00:00",248810,63.24671,31.52172,3.288,2.160582,93.49339,19.18003,30.09,0,0,0,0,0
"2026-07-06 05:15:00",248811,62.89199,32.13924,2.85,0.4008914,91.73817,28.97309,30.09,0,0,0,0,0
"2026-07-06 05:30:00",248812,63.31385,31.98409,4.165,1.621099,234.829,65.57316,30.1,0,0,0,0,0
"2026-07-06 05:45:00",248813,62.94958,32.46335,4.603,1.991794,151.0582,37.65256,30.1,0,0,0,0,0
"2026-07-06 06:00:00",248814,63.17449,32.8681,5.48,1.445746,7.188956,68.1117,30.1,0.001,0,0,0,0
"2026-07-06 06:15:00",248815,61.53498,35.7007,4.384,0.8066549,46.2594,44.41354,30.1,0.006,0,0,0,0
"2026-07-06 06:30:00",248816,61.59931,35.29444,2.63,0.2715642,295.5597,19.81535,30.11,0.018,0,0,0,0
"2026-07-06 06:45:00",248817,62.04835,33.19272,2.63,0.3380546,306.1496,4.149021,30.11,0.04,0,0,0,0
"2026-07-06 07:00:00",248818,62.45992,32.49269,2.63,0.8539051,67.9696,16.31899,30.12,0.041,0,0,0,0
"2026-07-06 07:15:00",248819,63.30273,31.9033,2.192,0.925509,96.7743,13.66951,30.12,0.044,0,0,0,0
"2026-07-06 07:30:00",248820,64.10965,33.33609,0.877,0.01607467,74.6258,1.390015,30.12,0.034,0,0,0,0
"2026-07-06 07:45:00",248821,62.74715,38.66629,1.973,0.4396171,97.90853,4.765786,30.12,0.073,0,0,0,0
"2026-07-06 08:00:00",248822,64.21485,37.97158,2.192,0.1814489,238.5388,41.22708,30.13,0.312,0,0,0,0
"2026-07-06 08:15:00",248823,68.09324,32.17659,2.85,1.434781,280.1917,10.84939,30.12,0.122,0,0,0,0
"2026-07-06 08:30:00",248824,69.16679,32.1214,2.85,0.9318425,291.4504,14.80233,30.13,0.388,0,0,0,0
"2026-07-06 08:45:00",248825,71.47613,28.76477,2.85,0.5516519,329.4625,25.73017,30.13,0.429,0,0,0,0
"2026-07-06 09:00:00",248826,73.00681,29.38539,1.973,0.694132,333.2016,22.6697,30.13,0.507,0,0,0,0
"2026-07-06 09:15:00",248827,74.81792,26.38524,1.754,0.2576813,302.4419,20.08508,30.13,0.532,0,0,0,0
"2026-07-06 09:30:00",248828,77.4222,23.27292,3.288,0.6330002,263.2818,22.76589,30.12,0.459,0,0,0,0
"2026-07-06 09:45:00",248829,79.12369,22.23181,3.946,1.143978,270.0683,19.74836,30.12,0.691,0,0,0,0
"2026-07-06 10:00:00",248830,81.44286,19.32568,3.288,0.7779156,280.4399,28.07077,30.11,0.683,0,0,0,0
"2026-07-06 10:15:00",248831,83.32773,17.98231,3.507,0.6558945,41.70246,51.38599,30.11,0.507,0,0,0,0
"2026-07-06 10:30:00",248832,84.4433,18.43468,3.946,0.9915131,175.4346,69.20555,30.1,0.849,0,0,0,0
"2026-07-06 10:45:00",248833,86.96489,18.17234,5.261,1.081385,209.1917,38.32703,30.1,0.486,0,0,0,0
"2026-07-06 11:00:00",248834,86.51687,19.27398,7.672,2.796743,241.1774,41.28079,30.1,0.334,0,0,0,0
"2026-07-06 11:15:00",248835,85.9455,20.70158,8.33,4.059337,227.7697,23.36886,30.1,0.351,0,0,0,0
"2026-07-06 11:30:00",248836,86.48249,20.25034,8.55,3.436079,206.5424,35.65946,30.1,0.662,0,0,0,0
"2026-07-06 11:45:00",248837,88.11292,18.50637,9.86,3.703748,198.8899,39.30598,30.09,1.107,0,0,0,0
"2026-07-06 12:00:00",248838,88.19946,18.7029,6.576,2.569021,249.0663,39.69345,30.09,1.052,0,0,0,0
"2026-07-06 12:15:00",248839,89.95731,17.41643,8.77,3.028367,222.3318,52.14908,30.09,1.022,0,0,0,0
"2026-07-06 12:30:00",248840,89.79172,18.04178,9.21,2.539552,203.5906,60.53205,30.08,0.408,0,0,0,0
"2026-07-06 12:45:00",248841,88.99566,18.84169,15.78,5.758386,219.2731,32.19034,30.08,0.306,0,0,0,0
"2026-07-06 13:00:00",248842,90.86178,18.37694,11.18,4.345275,230.8676,37.28288,30.08,0.264,0,0,0,0
"2026-07-06 13:15:00",248843,91.79844,17.42179,14.03,5.271762,209.5874,34.42314,30.07,0.923,0,0,0,0
"2026-07-06 13:30:00",248844,91.99854,17.25651,12.28,5.443467,215.4371,43.98721,30.07,0.96,0,0,0,0
"2026-07-06 13:45:00",248845,92.57277,16.61743,12.71,4.718399,229.9609,37.18639,30.07,0.98,0,0,0,0
"2026-07-06 14:00:00",248846,93.27251,16.31147,12.71,4.554969,197.8595,54.44737,30.07,0.328,0,0,0,0
"2026-07-06 14:15:00",248847,89.51527,18.91776,31.35,11.42665,112.9523,39.16879,30.07,0.204,0,0,0,0
"2026-07-06 14:30:00",248848,86.54893,21.24972,33.76,17.00967,99.57114,18.21579,30.06,0.971,0,0,0,0
"2026-07-06 14:45:00",248849,88.83929,20.31509,24.11,13.5127,91.09242,19.73585,30.05,0.196,0,0,0,0
"2026-07-06 15:00:00",248850,89.7962,19.68839,26.52,13.06748,86.58655,19.0959,30.04,0.901,0,0,0,0
"2026-07-06 15:15:00",248851,91.58652,18.38456,19.73,10.96731,118.3296,24.35066,30.05,0.196,0,0,0,0
"2026-07-06 15:30:00",248852,89.90148,18.85233,21.92,9.873495,133.6115,18.97584,30.05,0.148,0,0,0,0
"2026-07-06 15:45:00",248853,88.73959,19.65179,19.95,9.427063,137.1446,19.58772,30.05,0.07,0,0,0,0
"2026-07-06 16:00:00",248854,88.13357,19.17036,16.44,5.796383,146.0139,33.61255,30.07,0.064,0,0,0,0
"2026-07-06 16:15:00",248855,85.18951,23.07338,24.55,8.237539,258.6816,32.27539,30.07,0.16,0,0,0,0
"2026-07-06 16:30:00",248856,82.96584,28.81562,13.81,6.374823,283.9384,24.09441,30.09,0.081,0,0,0,0
"2026-07-06 16:45:00",248857,80.09744,34.89339,24.33,5.679472,256.366,73.25031,30.07,0.139,0,0,0,0
"2026-07-06 17:00:00",248858,82.84697,25.1375,10.52,5.104921,62.29694,42.18,30.07,0.545,0,0,0,0
"2026-07-06 17:15:00",248859,84.87258,23.07361,10.74,5.78785,64.52365,19.92794,30.06,0.188,0,0,0,0
"2026-07-06 17:30:00",248860,85.37113,22.03808,12.93,6.467126,68.05119,20.00575,30.05,0.72,0,0,0,0
"2026-07-06 17:45:00",248861,87.97123,20.00069,11.18,4.292181,31.56553,32.80254,30.05,0.517,0,0,0,0
"2026-07-06 18:00:00",248862,88.52358,24.5083,14.69,6.925261,315.8936,24.40229,30.04,0.45,0,0,0,0
"2026-07-06 18:15:00",248863,86.11055,27.62907,17.32,7.358053,324.2132,23.17905,30.03,0.411,0,0,0,0
"2026-07-06 18:30:00",248864,85.5965,27.70454,17.32,7.939666,323.9893,24.78249,30.03,0.375,0,0,0,0
"2026-07-06 18:45:00",248865,85.20961,28.15518,17.1,7.570431,323.7591,25.0345,30.03,0.091,0,0,0,0
"2026-07-06 19:00:00",248866,84.38367,27.61821,13.37,5.232792,323.8239,27.84867,30.04,0.166,0,0,0,0
"2026-07-06 19:15:00",248867,84.25597,27.37104,11.4,4.353065,325.3597,34.46264,30.03,0.098,0,0,0,0
"2026-07-06 19:30:00",248868,82.59837,30.93528,8.11,2.049759,344.1039,32.80807,30.04,0.058,0,0,0,0
"2026-07-06 19:45:00",248869,81.74946,31.765,5.699,2.415095,43.04111,21.43712,30.04,0.024,0,0,0,0
"2026-07-06 20:00:00",248870,81.42044,31.07059,3.069,1.074808,44.1722,17.8761,30.05,0.012,0,0,0,0
"2026-07-06 20:15:00",248871,81.38771,30.52132,4.822,2.948971,53.70158,13.3804,30.05,0.011,0,0,0,0
"2026-07-06 20:30:00",248872,81.34885,30.41619,5.042,2.149862,52.67929,33.44387,30.05,0.056,0,0,0,0
"2026-07-06 20:45:00",248873,81.50943,29.97446,8.11,3.404905,288.8208,94.59575,30.07,0.003,0,0,0,0
"2026-07-06 21:00:00",248874,81.75694,28.78067,19.51,8.967957,120.9258,23.90933,30.06,0.001,0,0,0,0
"2026-07-06 21:15:00",248875,82.39107,26.0285,13.37,7.898019,83.06763,14.13927,30.06,0,0,0,0,0
"2026-07-06 21:30:00",248876,81.15703,26.97422,15.12,7.481543,69.14714,18.17451,30.06,0,0,0,0,0
"2026-07-06 21:45:00",248877,81.22157,25.55734,12.93,6.248161,73.89318,21.25303,30.06,0,0,0,0,0
"2026-07-06 22:00:00",248878,82.68259,23.52719,16.22,7.493469,98.25288,24.1683,30.06,0,0,0,0,0
"2026-07-06 22:15:00",248879,80.94621,26.49921,10.08,3.650414,257.0994,65.87766,30.07,0,0,0,0,0
"2026-07-06 22:30:00",248880,78.22424,29.68383,7.014,2.088488,153.4393,27.12199,30.07,0,0,0,0,0
"2026-07-06 22:45:00",248881,76.604,31.8662,5.699,2.305008,173.4395,24.63079,30.07,0,0,0,0,0
"2026-07-06 23:00:00",248882,74.38509,34.93314,5.042,2.346899,179.7478,28.70934,30.08,0,0,0,0,0
"2026-07-06 23:15:00",248883,74.0637,34.36841,3.946,2.07825,126.7497,21.94393,30.08,0,0,0,0,0
"2026-07-06 23:30:00",248884,73.34068,35.74968,5.261,1.536834,180.6316,40.07141,30.08,0,0,0,0,0
"2026-07-06 23:45:00",248885,72.32057,37.88615,4.165,2.131595,169.5821,10.72805,30.08,0,0,0,0,0
"2026-07-07 00:15:00",248886,70.21201,39.22712,3.726,0.7819505,263.8682,15.77783,30.09,0,0,0,0,0
"2026-07-07 00:30:00",248887,69.02674,41.78058,3.507,1.010998,138.5235,70.87643,30.09,0,0,0,0,0
"2026-07-07 00:45:00",248888,68.21914,40.78087,3.507,1.092346,111.572,11.37377,30.1,0,0,0,0,0
"2026-07-07 01:00:00",248889,67.41248,41.52803,2.192,0.8794779,110.2697,12.7308,30.1,0,0,0,0,0
"2026-07-07 01:15:00",248890,66.44386,43.0549,6.357,3.053457,110.0801,11.64258,30.1,0,0,0,0,0
"2026-07-07 01:30:00",248891,68.35874,38.6307,8.11,4.073947,104.4691,12.39278,30.1,0,0,0,0,0
"2026-07-07 01:45:00",248892,68.5116,37.27127,6.357,2.981611,108.3681,17.92165,30.1,0,0,0,0,0
"2026-07-07 02:00:00",248893,66.56339,40.94938,5.699,2.256542,325.4331,63.45119,30.1,0,0,0,0,0
"2026-07-07 02:15:00",248894,63.18235,47.70014,3.069,1.414569,34.44023,42.79869,30.1,0,0,0,0,0
"2026-07-07 02:30:00",248895,61.97295,50.88031,3.946,1.661044,95.93423,20.16063,30.1,0,0,0,0,0
"2026-07-07 02:45:00",248896,62.36309,49.19881,2.411,1.19269,102.3265,8.959661,30.11,0,0,0,0,0
"2026-07-07 03:00:00",248897,62.61987,46.86021,3.507,1.642047,108.956,11.63816,30.11,0,0,0,0,0
"2026-07-07 03:15:00",248898,62.60057,44.49079,2.63,0.7028983,114.1373,10.88496,30.11,0,0,0,0,0
"2026-07-07 03:30:00",248899,63.02156,41.6103,1.534,0.304931,127.1339,10.795,30.11,0,0,0,0,0
"2026-07-07 03:45:00",248900,62.19098,44.18888,2.192,0.2335696,303.6678,6.734906,30.12,0,0,0,0,0
"2026-07-07 04:00:00",248901,59.18585,53.14647,1.315,0.1232392,322.5985,0.2718688,30.12,0,0,0,0,0
"2026-07-07 04:15:00",248902,57.58707,54.58316,2.411,0.4686006,114.1115,6.265573,30.12,0,0,0,0,0
"2026-07-07 04:30:00",248903,56.79006,54.39774,0,0,0,0,30.12,0,0,0,0,0
"2026-07-07 04:45:00",248904,57.89879,51.40503,2.192,0.3831125,98.78523,8.127688,30.12,0,0,0,0,0
"2026-07-07 05:00:00",248905,58.16886,49.74541,1.534,0.1802311,92.68016,2.439081,30.13,0,0,0,0,0
"2026-07-07 05:15:00",248906,58.55944,48.77406,2.63,0.5699186,91.1211,25.69649,30.13,0,0,0,0,0
"2026-07-07 05:30:00",248907,58.63108,49.06018,1.754,0.1675663,94.32136,2.503497,30.13,0,0,0,0,0
"2026-07-07 05:45:00",248908,59.00699,49.66204,4.165,0.3465793,109.177,23.90126,30.14,0,0,0,0,0
"2026-07-07 06:00:00",248909,57.48907,53.70153,5.042,0.6580856,319.8146,27.7704,30.14,0.002,0,0,0,0
"2026-07-07 06:15:00",248910,56.55466,55.84053,1.973,0.435233,108.0575,7.226278,30.14,0.01,0,0,0,0
"2026-07-07 06:30:00",248911,57.90234,54.30382,2.411,0.359974,125.9649,27.65682,30.15,0.02,0,0,0,0
"2026-07-07 06:45:00",248912,59.32027,50.37404,3.288,1.065068,143.2604,13.61322,30.15,0.091,0,0,0,0
"2026-07-07 07:00:00",248913,62.17071,46.13056,8.33,3.280205,283.7675,69.95695,30.15,0.044,0,0,0,0
"2026-07-07 07:15:00",248914,61.63586,50.08527,7.672,3.596823,271.7262,60.61979,30.16,0.049,0,0,0,0
"2026-07-07 07:30:00",248915,61.05322,49.92329,8.11,3.484546,136.065,28.01708,30.16,0.22,0,0,0,0
"2026-07-07 07:45:00",248916,64.27934,48.04133,7.234,1.851506,342.0716,52.95356,30.16,0.046,0,0,0,0
"2026-07-07 08:00:00",248917,62.4085,58.08847,7.014,3.108016,49.93771,21.36569,30.16,0.096,0,0,0,0
"2026-07-07 08:15:00",248918,63.72663,59.0892,9.21,2.8043,287.1377,17.81261,30.16,0.395,0,0,0,0
"2026-07-07 08:30:00",248919,65.53013,50.51653,4.603,1.56874,25.16333,39.48035,30.16,0.441,0,0,0,0
"2026-07-07 08:45:00",248920,67.83793,47.03559,4.165,1.591147,312.4625,68.51259,30.16,0.106,0,0,0,0
"2026-07-07 09:00:00",248921,68.17201,47.97501,4.165,1.293279,303.5962,23.41837,30.17,0.411,0,0,0,0
"2026-07-07 09:15:00",248922,68.45856,49.58975,3.288,0.938904,335.83,31.0003,30.17,0.289,0,0,0,0
"2026-07-07 09:30:00",248923,69.18773,47.45978,2.411,0.342925,72.09033,32.6437,30.17,0.171,0,0,0,0
"2026-07-07 09:45:00",248924,70.65925,43.90294,2.411,0.3141862,108.179,30.80993,30.17,0.165,0,0,0,0
"2026-07-07 10:00:00",248925,71.76279,42.90788,3.507,1.407749,202.7935,20.81144,30.16,0.601,0,0,0,0
"2026-07-07 10:15:00",248926,76.03773,36.35084,3.507,0.8877582,270.0761,31.42188,30.16,0.635,0,0,0,0
"2026-07-07 10:30:00",248927,78.49974,29.26466,3.726,1.304967,270.4301,24.73501,30.15,0.674,0,0,0,0
"2026-07-07 10:45:00",248928,81.16981,25.90714,2.85,0.7065538,344.0904,33.02299,30.15,0.706,0,0,0,0
"2026-07-07 11:00:00",248929,83.87451,23.30598,4.384,1.472293,293.2441,26.7911,30.15,0.75,0,0,0,0
"2026-07-07 11:15:00",248930,84.05138,21.50504,4.165,0.6181423,299.9211,62.5837,30.14,0.897,0,0,0,0
"2026-07-07 11:30:00",248931,84.94172,21.06203,5.699,0.9301378,155.9282,49.41069,30.14,0.888,0,0,0,0
"2026-07-07 11:45:00",248932,86.24082,20.91055,6.795,3.401978,229.853,40.22711,30.14,0.21,0,0,0,0
"2026-07-07 12:00:00",248933,86.23512,20.84195,6.795,2.335941,194.3353,25.18942,30.13,0.87,0,0,0,0
"2026-07-07 12:15:00",248934,88.58974,19.7739,7.014,2.425085,218.0889,41.84236,30.13,0.875,0,0,0,0
"2026-07-07 12:30:00",248935,90.18798,19.29896,11.18,4.347952,240.5058,32.59439,30.12,0.877,0,0,0,0
"2026-07-07 12:45:00",248936,90.33727,19.34696,16.66,5.431045,211.8193,31.6713,30.12,0.898,0,0,0,0
"2026-07-07 13:00:00",248937,91.38194,18.52486,18.19,4.351119,208.5796,37.14125,30.11,0.914,0,0,0,0
"2026-07-07 13:15:00",248938,91.67835,18.23347,17.76,7.416753,227.694,28.57337,30.11,0.925,0,0,0,0
"2026-07-07 13:30:00",248939,91.67577,17.9331,15.56,6.202627,206.4238,34.87327,30.11,0.93,0,0,0,0
"2026-07-07 13:45:00",248940,91.74139,17.76375,17.54,6.338037,200.0651,36.46774,30.11,0.941,0,0,0,0
"2026-07-07 14:00:00",248941,92.17949,17.4913,15.12,4.721079,195.9199,37.49775,30.09,0.983,0,0,0,0
"2026-07-07 14:15:00",248942,92.97977,16.88565,19.29,6.350711,179.5863,37.63005,30.09,1.049,0,0,0,0
"2026-07-07 14:30:00",248943,93.28922,16.5252,15.56,6.172908,219.2317,42.28436,30.09,1.017,0,0,0,0
"2026-07-07 14:45:00",248944,93.30225,16.73584,16.44,6.139797,222.8226,33.1958,30.09,0.286,0,0,0,0
"2026-07-07 15:00:00",248945,93.42928,16.56022,17.97,6.943771,219.0182,36.68417,30.09,0.986,0,0,0,0
"2026-07-07 15:15:00",248946,92.12978,16.13698,16.88,4.85869,159.1898,28.74924,30.09,0.246,0,0,0,0
"2026-07-07 15:30:00",248947,92.62452,16.8741,12.28,3.580265,220.9131,34.99788,30.08,0.265,0,0,0,0
"2026-07-07 15:45:00",248948,92.98465,16.98897,11.62,3.697171,194.5123,47.11341,30.08,0.23,0,0,0,0
"2026-07-07 16:00:00",248949,92.6434,16.93848,10.96,3.440467,184.9154,35.41145,30.07,0.894,0,0,0,0
"2026-07-07 16:15:00",248950,92.33205,16.9741,9.43,4.118767,203.0843,49.46231,30.07,0.154,0,0,0,0
"2026-07-07 16:30:00",248951,90.58791,17.63009,7.672,2.456017,266.9353,63.85443,30.06,0.066,0,0,0,0
"2026-07-07 16:45:00",248952,86.06532,28.75222,26.74,8.690795,151.667,25.66347,30.08,0.238,0.008,0.008,0.07,0.07
"2026-07-07 17:00:00",248953,80.86402,41.93824,17.1,8.409735,94.05556,16.20057,30.07,0.672,0.012,0.02,0,0.07
"2026-07-07 17:15:00",248954,85.30009,33.29546,12.06,6.169021,83.35909,19.73224,30.06,0.127,0.012,0.032,0,0.07
"2026-07-07 17:30:00",248955,86.88039,29.77824,9.21,4.426621,80.79927,22.12877,30.05,0.61,0.008,0.039,0,0.07
"2026-07-07 17:45:00",248956,89.17986,24.51834,7.672,4.097088,73.91769,26.19854,30.05,0.591,0.008,0.047,0,0.07
"2026-07-07 18:00:00",248957,91.67007,19.87329,8.55,3.17353,173.0063,58.0377,30.05,0.58,0.008,0.055,0,0.07
"2026-07-07 18:15:00",248958,92.61243,18.95429,11.84,4.754934,216.6809,45.08581,30.04,0.55,0.004,0.059,0,0.07
"2026-07-07 18:30:00",248959,93.62028,16.7938,15.12,6.52436,261.4836,25.63799,30.04,0.475,0.004,0.063,0,0.07
"2026-07-07 18:45:00",248960,93.24535,14.146,17.76,8.296473,245.5177,22.67539,30.04,0.363,0.004,0.067,0,0.07
"2026-07-07 19:00:00",248961,92.66216,13.91167,23.02,7.106465,261.1516,19.45083,30.04,0.306,0,0.067,0,0.07
"2026-07-07 19:15:00",248962,91.96593,14.72931,16.88,7.768448,274.9543,21.08347,30.04,0.253,0,0.067,0,0.07
"2026-07-07 19:30:00",248963,91.50121,14.30426,15.56,7.511981,262.7473,21.14328,30.04,0.146,0,0.067,0,0.07
"2026-07-07 19:45:00",248964,90.90131,14.58916,16.88,6.041397,248.0023,23.64267,30.04,0.021,0,0.067,0,0.07
"2026-07-07 20:00:00",248965,88.83441,15.54515,14.69,5.550139,251.9892,23.66533,30.04,0.053,0,0.067,0,0.07
"2026-07-07 20:15:00",248966,88.35242,16.25494,12.06,4.288522,259.5046,24.96465,30.05,0.075,0,0.067,0,0.07
"2026-07-07 20:30:00",248967,86.81179,18.23075,7.891,3.814806,273.4997,21.21569,30.05,0.017,0,0.067,0,0.07
"2026-07-07 20:45:00",248968,84.89051,20.51313,4.384,0.81859,288.1875,15.11932,30.05,0.004,0,0.067,0,0.07
"2026-07-07 21:00:00",248969,83.66911,22.8678,4.384,1.587736,108.8137,15.77782,30.06,0.002,0,0.067,0,0.07
"2026-07-07 21:15:00",248970,81.4252,27.48107,3.946,0.8483024,88.33455,11.38328,30.06,0,0,0.067,0,0.07
"2026-07-07 21:30:00",248971,79.70937,28.94966,4.603,2.476472,94.1022,19.78865,30.07,0,0,0.067,0,0.07
"2026-07-07 21:45:00",248972,79.11414,28.90044,7.014,3.910041,109.7601,11.4743,30.07,0,0,0.067,0,0.07
"2026-07-07 22:00:00",248973,78.07306,28.54121,6.795,3.556151,108.9193,11.87844,30.07,0,0,0.067,0,0.07
"2026-07-07 22:15:00",248974,78.48399,25.52753,5.261,2.68252,119.8418,16.09386,30.08,0,0,0.067,0,0.07
"2026-07-07 22:30:00",248975,77.94397,25.98647,7.891,2.489138,14.92478,65.76797,30.09,0,0,0.067,0,0.07
"2026-07-07 22:45:00",248976,75.20982,28.94851,4.603,2.476472,75.33276,25.28348,30.09,0,0,0.067,0,0.07
"2026-07-07 23:00:00",248977,75.34894,28.55221,5.261,2.38465,117.3686,19.43194,30.09,0,0,0.067,0,0.07
"2026-07-07 23:15:00",248978,73.76128,31.42222,6.138,1.200726,67.72299,69.29731,30.1,0,0,0.067,0,0.07
"2026-07-07 23:30:00",248979,72.03985,34.46767,4.603,2.028815,23.08564,74.60814,30.11,0,0,0.067,0,0.07
"2026-07-07 23:45:00",248980,69.88995,36.9935,3.507,1.212661,63.75528,42.80146,30.11,0,0,0.067,0,0.07
"2026-07-08 00:00:00",248981,69.41988,37.72281,3.069,0.9776306,73.41839,41.78315,30.11,0,0,0.067,0,0.07
"2026-07-08 00:15:00",248982,69.29792,35.81517,3.946,1.422607,118.1302,14.08854,30.12,0,0,0,0,0
"2026-07-08 00:30:00",248983,69.62236,35.56346,4.384,1.134723,287.4794,60.332,30.12,0,0,0,0,0
"2026-07-08 00:45:00",248984,67.86855,39.37134,3.069,0.7318817,75.29193,28.79989,30.12,0,0,0,0,0
"2026-07-08 01:00:00",248985,66.02587,42.11926,5.042,1.082116,314.7835,43.97285,30.13,0,0,0,0,0
"2026-07-08 01:15:00",248986,65.82498,42.48153,3.288,1.238723,81.48654,24.54957,30.13,0,0,0,0,0
"2026-07-08 01:30:00",248987,65.5798,42.64205,2.63,0.3358628,98.68254,35.90576,30.13,0,0,0,0,0
"2026-07-08 01:45:00",248988,64.91846,44.29351,3.069,0.9542502,55.28095,62.03349,30.13,0,0,0,0,0
"2026-07-08 02:00:00",248989,65.53705,44.21592,3.288,0.8709528,123.0769,17.0982,30.13,0,0,0,0,0
"2026-07-08 02:15:00",248990,66.02959,44.31181,4.165,1.61063,126.5734,47.76444,30.13,0,0,0,0,0
"2026-07-08 02:30:00",248991,65.32276,45.56649,3.288,0.4125829,128.0878,35.71281,30.13,0,0,0,0,0
"2026-07-08 02:45:00",248992,63.71234,47.95438,2.411,0.1278667,257.8221,22.11215,30.14,0,0,0,0,0
"2026-07-08 03:00:00",248993,62.63285,50.76225,1.534,0.1212907,90.48322,27.96216,30.14,0,0,0,0,0
"2026-07-08 03:15:00",248994,62.49736,52.12986,2.192,0.4829701,100.0787,3.745857,30.14,0,0,0,0,0
"2026-07-08 03:30:00",248995,62.03537,53.98084,2.411,0.9520577,112.304,9.267116,30.14,0,0,0,0,0
"2026-07-08 03:45:00",248996,62.33312,52.77389,3.946,2.410227,115.2147,12.80711,30.14,0,0,0,0,0
"2026-07-08 04:00:00",248997,62.66905,50.35667,1.315,0.157824,157.3368,19.64245,30.14,0,0,0,0,0
"2026-07-08 04:15:00",248998,62.12507,51.8909,2.85,0.751125,98.64828,16.8556,30.14,0,0,0,0,0
"2026-07-08 04:30:00",248999,60.57277,55.62553,2.85,1.091613,88.0635,20.43795,30.14,0,0,0,0,0
"2026-07-08 04:45:00",249000,60.01371,55.54663,0,0,0,0,30.14,0,0,0,0,0
"2026-07-08 05:00:00",249001,59.78799,56.05714,2.411,0.7516112,116.5013,13.53018,30.15,0,0,0,0,0
"2026-07-08 05:15:00",249002,59.04697,57.44581,1.754,0.2401454,110.6942,41.20692,30.15,0,0,0,0,0
"2026-07-08 05:30:00",249003,59.17406,57.2353,1.754,0.6870685,113.353,6.892293,30.15,0,0,0,0,0
"2026-07-08 05:45:00",249004,58.71345,58.04655,1.973,0.467139,79.61753,66.90987,30.15,0,0,0,0,0
"2026-07-08 06:00:00",249005,57.82885,61.61832,2.63,0.8806951,70.92838,66.94258,30.16,0.002,0,0,0,0
"2026-07-08 06:15:00",249006,57.67408,61.43272,2.85,0.8548772,111.0405,11.01667,30.16,0.005,0,0,0,0
"2026-07-08 06:30:00",249007,57.48312,61.74571,1.973,0.4366938,129.1914,7.660885,30.16,0.01,0,0,0,0
"2026-07-08 06:45:00",249008,57.35775,62.7358,2.85,1.13107,123.3379,9.286819,30.17,0.075,0,0,0,0
"2026-07-08 07:00:00",249009,58.59214,60.66271,2.192,0.3151602,112.4749,7.481684,30.17,0.109,0,0,0,0
"2026-07-08 07:15:00",249010,61.72209,54.47374,0.877,0.03848179,134.3026,4.081657,30.16,0.145,0,0,0,0
"2026-07-08 07:30:00",249011,63.65264,53.24106,1.973,0.3621663,308.6899,5.374454,30.17,0.183,0,0,0,0
"2026-07-08 07:45:00",249012,63.63621,53.22832,1.754,0.3575388,45.86343,27.49701,30.17,0.222,0,0,0,0
"2026-07-08 08:00:00",249013,64.62587,52.13528,1.315,0.1285974,22.0813,21.00224,30.17,0.263,0,0,0,0
"2026-07-08 08:15:00",249014,67.98098,47.17065,0.877,0.01802311,40.46535,1.947641,30.17,0.307,0,0,0,0
"2026-07-08 08:30:00",249015,70.4432,42.68179,2.411,0.5497037,2.830408,39.41306,30.18,0.351,0,0,0,0
"2026-07-08 08:45:00",249016,70.82925,42.15417,3.069,0.7891178,315.9907,21.54619,30.17,0.397,0,0,0,0
"2026-07-08 09:00:00",249017,71.67625,40.12061,2.85,0.7421117,316.6146,20.58544,30.17,0.442,0,0,0,0
"2026-07-08 09:15:00",249018,73.5415,35.585,4.384,1.854184,308.1161,21.61794,30.17,0.482,0,0,0,0
"2026-07-08 09:30:00",249019,75.08402,33.10558,3.946,0.6938881,327.2638,35.39997,30.17,0.525,0,0,0,0
"2026-07-08 09:45:00",249020,77.77052,30.86569,2.411,0.4552041,304.1786,26.87311,30.17,0.569,0,0,0,0
"2026-07-08 10:00:00",249021,78.08826,30.41302,3.288,0.5728416,0.1549746,44.48622,30.17,0.608,0,0,0,0
"2026-07-08 10:15:00",249022,79.63854,28.14302,3.069,0.8283315,174.6653,62.10179,30.17,0.645,0,0,0,0
"2026-07-08 10:30:00",249023,81.43159,24.54702,3.946,0.9834753,85.7981,77.08639,30.17,0.685,0,0,0,0
"2026-07-08 10:45:00",249024,83.78661,21.97257,5.042,1.827639,155.6452,32.13918,30.16,0.715,0,0,0,0
"2026-07-08 11:00:00",249025,84.97514,20.05978,10.74,3.464578,201.5473,42.88438,30.16,0.747,0,0,0,0
"2026-07-08 11:15:00",249026,86.19707,19.58522,12.49,4.655081,177.7447,32.01689,30.15,0.787,0,0,0,0
"2026-07-08 11:30:00",249027,87.36631,18.48471,13.59,5.041602,189.2999,34.8614,30.15,0.816,0,0,0,0
"2026-07-08 11:45:00",249028,88.99403,17.07093,12.06,4.766134,187.2654,31.23701,30.15,0.837,0,0,0,0
"2026-07-08 12:00:00",249029,89.28283,16.20234,13.59,5.542109,183.8111,29.07362,30.14,0.862,0,0,0,0
"2026-07-08 12:15:00",249030,89.60452,15.8745,13.15,5.281992,207.2512,31.22257,30.14,0.879,0,0,0,0
"2026-07-08 12:30:00",249031,90.41131,14.46237,13.37,5.762522,188.5304,33.70904,30.13,0.892,0,0,0,0
"2026-07-08 12:45:00",249032,90.79807,14.03016,12.49,5.448825,187.9492,33.77604,30.13,0.911,0,0,0,0
"2026-07-08 13:00:00",249033,91.19787,13.5996,10.96,4.248337,186.5083,38.70184,30.13,0.931,0,0,0,0
"2026-07-08 13:15:00",249034,91.7399,13.02459,13.59,5.136587,180.6433,34.45773,30.12,0.934,0,0,0,0
"2026-07-08 13:30:00",249035,92.16482,11.99291,12.93,4.914461,181.6137,50.72709,30.11,0.942,0,0,0,0
"2026-07-08 13:45:00",249036,92.19701,12.15721,12.06,4.430275,145.3022,45.6645,30.11,0.951,0,0,0,0
"2026-07-08 14:00:00",249037,92.81553,12.64958,14.25,5.839489,177.9285,40.96055,30.11,0.956,0,0,0,0
"2026-07-08 14:15:00",249038,92.54397,13.10625,13.15,5.836326,156.2504,32.89461,30.1,0.952,0,0,0,0
"2026-07-08 14:30:00",249039,92.73959,13.14783,10.74,5.171662,150.8897,54.14491,30.09,0.936,0,0,0,0
"2026-07-08 14:45:00",249040,93.79103,12.92904,15.12,6.368731,172.2058,41.97793,30.09,0.923,0,0,0,0
"2026-07-08 15:00:00",249041,93.63699,12.58195,11.62,4.642416,168.9195,62.4911,30.09,0.948,0,0,0,0
"2026-07-08 15:15:00",249042,93.2808,12.71637,7.891,2.503505,91.74735,72.77902,30.07,0.904,0,0,0,0
"2026-07-08 15:30:00",249043,95.23264,12.47826,10.52,2.742191,260.0274,63.62597,30.07,0.861,0,0,0,0
"2026-07-08 15:45:00",249044,94.99532,12.77531,11.62,4.145315,219.5296,36.81402,30.06,0.847,0,0,0,0
"2026-07-08 16:00:00",249045,93.78194,13.20527,10.3,4.360376,212.6771,36.44093,30.06,0.093,0,0,0,0
"2026-07-08 16:15:00",249046,93.05502,13.52043,7.672,2.689824,182.3464,31.0513,30.05,0.8,0,0,0,0
"2026-07-08 16:30:00",249047,92.45159,13.21077,6.576,2.165692,166.705,59.99933,30.04,0.728,0,0,0,0
"2026-07-08 16:45:00",249048,94.47407,12.60309,12.06,3.888361,247.8596,67.19224,30.04,0.08,0,0,0,0
"2026-07-08 17:00:00",249049,94.4018,12.48347,11.18,3.539349,207.274,39.78748,30.03,0.654,0,0,0,0
"2026-07-08 17:15:00",249050,94.76614,12.23962,20.6,9.464083,237.8175,31.58112,30.03,0.607,0,0,0,0
"2026-07-08 17:30:00",249051,93.43919,12.39298,16.22,5.758875,262.8356,25.42886,30.03,0.561,0,0,0,0
"2026-07-08 17:45:00",249052,94.2377,12.22241,11.4,2.809165,207.91,54.5566,30.03,0.521,0,0,0,0
"2026-07-08 18:00:00",249053,94.7171,12.19072,10.74,4.606851,231.3297,30.79911,30.03,0.486,0,0,0,0
"2026-07-08 18:15:00",249054,94.64972,11.83148,14.91,5.568894,232.6637,32.51094,30.02,0.428,0,0,0,0
"2026-07-08 18:30:00",249055,94.4916,11.35639,14.91,4.158221,224.8648,39.5872,30.01,0.383,0,0,0,0
"2026-07-08 18:45:00",249056,93.73697,10.93248,14.03,5.99853,263.4596,22.60001,30.01,0.329,0,0,0,0
"2026-07-08 19:00:00",249057,93.31449,11.09828,15.12,7.248207,252.0428,28.65349,30.01,0.275,0,0,0,0
"2026-07-08 19:15:00",249058,92.86021,11.68016,16,6.01923,241.847,25.85696,30.01,0.231,0,0,0,0
"2026-07-08 19:30:00",249059,92.33015,11.36945,15.56,6.804216,250.9025,24.27086,30.01,0.192,0,0,0,0
"2026-07-08 19:45:00",249060,91.99012,10.81701,13.59,6.658083,260.7349,21.54221,30.01,0.156,0,0,0,0
"2026-07-08 20:00:00",249061,91.22952,11.98657,13.15,5.738662,266.6926,21.31458,30.01,0.117,0,0,0,0
"2026-07-08 20:15:00",249062,90.07265,13.13651,7.453,4.035957,265.1344,20.28481,30.01,0.082,0,0,0,0
"2026-07-08 20:30:00",249063,88.14498,13.93408,6.357,2.165938,276.0009,19.72683,30.01,0.048,0,0,0,0
"2026-07-08 20:45:00",249064,86.53493,15.14953,5.48,1.534398,243.9785,17.54257,30.01,0.006,0,0,0,0
"2026-07-08 21:00:00",249065,85.20336,15.32394,3.726,0.9812837,204.3923,48.74491,30.01,0.002,0,0,0,0
"2026-07-08 21:15:00",249066,83.2272,19.12719,4.384,1.727781,111.3262,18.84166,30.01,0,0,0,0,0
"2026-07-08 21:30:00",249067,80.5335,20.31819,5.042,2.777261,113.3779,17.03282,30.01,0,0,0,0,0
"2026-07-08 21:45:00",249068,79.70932,18.84448,5.699,3.599019,111.7818,11.64627,30.02,0,0,0,0,0
"2026-07-08 22:00:00",249069,80.35935,17.59266,7.672,3.574423,117.7533,15.50391,30.02,0,0,0,0,0
"2026-07-08 22:15:00",249070,80.74529,16.70565,7.891,3.699361,130.1277,18.57995,30.03,0,0,0,0,0
"2026-07-08 22:30:00",249071,80.87285,16.43713,9.64,5.14073,130.0408,18.22465,30.03,0,0,0,0,0
"2026-07-08 22:45:00",249072,81.45862,16.21562,12.28,4.732282,128.8557,21.36124,30.03,0,0,0,0,0
"2026-07-08 23:00:00",249073,82.70881,15.70394,8.33,3.130175,115.4268,24.34769,30.03,0,0,0,0,0
"2026-07-08 23:15:00",249074,80.68361,16.69494,12.93,3.318203,347.976,51.05577,30.04,0,0,0,0,0
"2026-07-08 23:30:00",249075,79.30708,19.101,13.59,3.239047,15.00357,33.19938,30.04,0,0,0,0,0
"2026-07-08 23:45:00",249076,77.18945,23.69538,8.77,2.649397,337.1431,36.06651,30.04,0,0,0,0,0
"2026-07-09 00:00:00",249077,73.945,26.91041,8.77,1.925549,338.8033,29.70483,30.04,0,0,0,0,0
"2026-07-09 00:15:00",249078,71.94511,28.4172,4.822,1.19074,0.3034787,47.22969,30.05,0,0,0,0,0
"2026-07-09 00:30:00",249079,70.96414,30.63809,5.918,1.224596,91.83997,20.10998,30.05,0,0,0,0,0
"2026-07-09 00:45:00",249080,71.1209,31.66045,4.603,1.205354,44.91576,47.83529,30.06,0,0,0,0,0
"2026-07-09 01:00:00",249081,70.55288,33.43766,3.726,1.219969,96.4779,15.83791,30.05,0,0,0,0,0
"2026-07-09 01:15:00",249082,72.32504,26.73993,8.33,3.297009,75.12844,23.84808,30.06,0,0,0,0,0
"2026-07-09 01:30:00",249083,70.40216,29.55535,7.453,2.305257,186.2376,41.43106,30.06,0,0,0,0,0
"2026-07-09 01:45:00",249084,68.73583,33.65145,5.699,0.9976004,277.6287,17.42115,30.07,0,0,0,0,0
"2026-07-09 02:00:00",249085,67.33911,35.78636,3.946,1.912158,279.8265,37.54544,30.08,0,0,0,0,0
"2026-07-09 02:15:00",249086,66.36944,38.43754,3.946,1.585791,99.78609,23.67483,30.08,0,0,0,0,0
"2026-07-09 02:30:00",249087,65.79565,37.88078,5.918,3.47505,108.8715,15.66018,30.08,0,0,0,0,0
"2026-07-09 02:45:00",249088,66.11523,36.13272,4.603,1.835918,128.9799,13.55098,30.08,0,0,0,0,0
"2026-07-09 03:00:00",249089,65.56889,35.91207,3.946,1.44477,259.6075,22.20727,30.09,0,0,0,0,0
"2026-07-09 03:15:00",249090,65.18846,35.51204,3.288,0.6495618,206.6788,26.70401,30.09,0,0,0,0,0
"2026-07-09 03:30:00",249091,63.92762,38.93082,3.507,1.537566,79.67181,20.11755,30.1,0,0,0,0,0
"2026-07-09 03:45:00",249092,63.57109,40.14886,4.384,1.481057,107.4622,19.48472,30.1,0,0,0,0,0
"2026-07-09 04:00:00",249093,63.59606,40.38923,3.507,1.25504,126.8322,9.135308,30.1,0,0,0,0,0
"2026-07-09 04:15:00",249094,63.67193,40.73616,3.946,1.916781,128.0006,15.61747,30.1,0,0,0,0,0
"2026-07-09 04:30:00",249095,63.15079,41.74833,2.192,0.6308076,120.3578,7.955987,30.1,0,0,0,0,0
"2026-07-09 04:45:00",249096,63.05634,41.95424,4.165,1.564844,220.3351,22.07853,30.1,0,0,0,0,0
"2026-07-09 05:00:00",249097,62.57513,40.45937,3.726,1.206817,172.7014,27.05752,30.1,0,0,0,0,0
"2026-07-09 05:15:00",249098,62.63317,40.36275,4.384,2.092386,132.5732,26.07976,30.1,0,0,0,0,0
"2026-07-09 05:30:00",249099,62.49497,41.32766,1.973,0.4145303,345.6771,60.09826,30.1,0,0,0,0,0
"2026-07-09 05:45:00",249100,61.79634,45.24159,3.069,0.7949638,73.89654,18.89066,30.1,0,0,0,0,0
"2026-07-09 06:00:00",249101,61.45158,45.2647,5.48,2.865673,119.2117,11.16992,30.1,0.001,0,0,0,0
"2026-07-09 06:15:00",249102,62.67367,42.4342,4.384,0.9308676,118.6201,10.76171,30.1,0.004,0,0,0,0
"2026-07-09 06:30:00",249103,61.58055,44.98083,3.507,0.9907833,115.5847,7.338145,30.1,0.006,0,0,0,0
"2026-07-09 06:45:00",249104,61.68872,46.24199,3.507,1.059953,111.4901,10.5862,30.11,0.01,0,0,0,0
"2026-07-09 07:00:00",249105,61.55446,46.42446,3.726,1.716334,112.2152,54.92508,30.12,0.016,0,0,0,0
"2026-07-09 07:15:00",249106,60.52684,48.78492,3.507,1.051427,25.01834,37.44528,30.12,0.131,0,0,0,0
"2026-07-09 07:30:00",249107,62.0964,46.19639,3.726,1.831775,106.6832,15.78466,30.11,0.173,0,0,0,0
"2026-07-09 07:45:00",249108,66.16821,40.82339,3.507,0.7518541,162.4067,26.065,30.11,0.216,0,0,0,0
"2026-07-09 08:00:00",249109,69.63232,37.75462,7.014,2.638438,233.0344,42.25241,30.12,0.256,0,0,0,0
"2026-07-09 08:15:00",249110,69.92563,37.02606,8.33,3.037865,330.2703,45.22674,30.12,0.3,0,0,0,0
"2026-07-09 08:30:00",249111,68.24337,40.11469,3.726,1.558997,26.28349,23.5014,30.13,0.343,0,0,0,0
"2026-07-09 08:45:00",249112,70.16604,34.76638,4.822,2.637953,58.75063,38.03825,30.12,0.388,0,0,0,0
"2026-07-09 09:00:00",249113,72.47535,32.64335,4.822,2.500338,99.0543,18.56748,30.11,0.441,0,0,0,0
"2026-07-09 09:15:00",249114,76.29322,28.9324,4.165,1.175154,48.78144,57.22294,30.11,0.504,0,0,0,0
"2026-07-09 09:30:00",249115,78.54322,27.74658,12.28,3.225647,289.1541,36.20185,30.11,0.51,0,0,0,0
"2026-07-09 09:45:00",249116,78.05647,29.55017,13.15,4.623905,314.3962,29.56604,30.12,0.586,0,0,0,0
"2026-07-09 10:00:00",249117,78.27682,29.68466,8.77,3.032023,350.4753,42.7079,30.12,0.279,0,0,0,0
"2026-07-09 10:15:00",249118,77.60845,29.05063,7.672,3.031536,24.45131,31.89059,30.12,0.222,0,0,0,0
"2026-07-09 10:30:00",249119,77.90352,28.73652,3.288,1.205112,330.6353,27.22832,30.11,0.293,0,0,0,0
"2026-07-09 10:45:00",249120,79.63651,27.26802,5.261,2.19273,319.1935,30.74461,30.11,0.755,0,0,0,0
"2026-07-09 11:00:00",249121,82.61087,24.39872,9.43,3.408075,314.6511,28.61306,30.11,0.766,0,0,0,0
"2026-07-09 11:15:00",249122,84.02272,23.61662,7.234,2.495466,339.32,49.3969,30.1,0.91,0,0,0,0
"2026-07-09 11:30:00",249123,85.07661,22.12208,7.453,2.856175,305.8872,40.68818,30.1,0.918,0,0,0,0
"2026-07-09 11:45:00",249124,85.45495,21.33334,4.603,1.249925,326.6843,70.34908,30.1,0.85,0,0,0,0
"2026-07-09 12:00:00",249125,86.813,20.90029,3.946,1.390213,242.0047,61.84269,30.09,0.859,0,0,0,0
"2026-07-09 12:15:00",249126,87.27665,20.3314,5.042,2.159119,232.721,37.43253,30.09,0.863,0,0,0,0
"2026-07-09 12:30:00",249127,88.14227,20.27426,7.891,3.250245,297.6864,39.69215,30.09,0.878,0,0,0,0
"2026-07-09 12:45:00",249128,88.1947,18.74576,5.48,1.221917,350.4363,43.39791,30.08,0.902,0,0,0,0
"2026-07-09 13:00:00",249129,88.40391,16.75705,5.918,1.390701,192.4677,45.32879,30.07,0.929,0,0,0,0
"2026-07-09 13:15:00",249130,89.98257,16.79961,6.576,1.810832,168.5508,35.86257,30.07,0.965,0,0,0,0
"2026-07-09 13:30:00",249131,89.7011,16.6732,7.891,3.279231,64.59045,79.57125,30.07,0.991,0,0,0,0
"2026-07-09 13:45:00",249132,89.37874,17.19493,7.672,2.936551,125.5466,40.51017,30.06,1.025,0,0,0,0
"2026-07-09 14:00:00",249133,93.06956,16.55924,11.4,4.581038,316.1505,28.2465,30.05,1.032,0,0,0,0
"2026-07-09 14:15:00",249134,92.70603,15.91284,11.18,3.042495,339.9787,64.12917,30.05,1.007,0,0,0,0
"2026-07-09 14:30:00",249135,92.39005,15.53662,12.28,2.798451,283.2484,73.06336,30.04,0.944,0,0,0,0
"2026-07-09 14:45:00",249136,93.18408,14.3577,9.21,2.76484,306.969,90.63526,30.03,0.992,0,0,0,0
"2026-07-09 15:00:00",249137,92.37077,14.49452,7.672,3.065879,196.1454,53.40799,30.03,0.343,0,0,0,0
"2026-07-09 15:15:00",249138,90.94994,14.6586,7.453,4.089539,149.4417,30.30293,30.03,1.003,0,0,0,0
"2026-07-09 15:30:00",249139,93.21627,13.43002,12.28,4.101476,174.9624,36.82642,30.02,0.282,0,0,0,0
"2026-07-09 15:45:00",249140,92.88467,12.90195,11.62,4.76127,169.2191,29.67462,30.02,0.196,0,0,0,0
"2026-07-09 16:00:00",249141,91.04721,12.30294,9.21,3.961186,162.7208,59.90456,30.02,0.727,0,0,0,0
"2026-07-09 16:15:00",249142,91.99868,12.13442,8.55,3.359847,182.2374,51.20535,30.02,0.294,0,0,0,0
"2026-07-09 16:30:00",249143,91.61274,11.63495,16.88,3.563947,82.88745,37.73576,30.03,0.163,0,0,0,0
"2026-07-09 16:45:00",249144,88.21413,14.51407,22.58,9.48113,29.46996,30.42599,30.02,0.161,0,0,0,0
"2026-07-09 17:00:00",249145,87.951,15.24802,21.04,10.74737,37.90702,19.77204,30.01,0.621,0,0,0,0
"2026-07-09 17:15:00",249146,90.21813,15.4819,17.76,4.235675,12.39423,47.47198,30.01,0.291,0,0,0,0
"2026-07-09 17:30:00",249147,89.72706,15.40696,15.78,5.289051,13.43148,40.33852,30.01,0.55,0,0,0,0
"2026-07-09 17:45:00",249148,90.12183,14.55233,12.49,6.38871,40.75183,20.04879,30.01,0.507,0,0,0,0
"2026-07-09 18:00:00",249149,91.198,14.1214,10.3,3.010102,9.798724,43.36507,30,0.465,0,0,0,0
"2026-07-09 18:15:00",249150,91.70348,13.82472,12.28,3.411484,339.8933,41.71767,30,0.46,0,0,0,0
"2026-07-09 18:30:00",249151,91.14352,14.77203,15.56,3.862548,337.0383,50.4848,30,0.383,0,0,0,0
"2026-07-09 18:45:00",249152,90.0357,14.64811,16,3.758549,354.4284,50.93167,30,0.079,0,0,0,0
"2026-07-09 19:00:00",249153,88.62167,14.98953,15.56,3.215421,356.2362,51.18729,30,0.255,0,0,0,0
"2026-07-09 19:15:00",249154,88.5206,14.80169,13.81,4.094653,7.248436,36.32402,30,0.198,0,0,0,0
"2026-07-09 19:30:00",249155,87.72942,15.16485,14.91,2.820616,6.613361,48.83904,30,0.19,0,0,0,0
"2026-07-09 19:45:00",249156,87.55962,15.35971,10.08,2.352745,6.878232,44.4033,30,0.088,0,0,0,0
"2026-07-09 20:00:00",249157,85.67108,15.43745,8.11,1.997152,1.637769,56.33794,30.01,0.038,0,0,0,0
"2026-07-09 20:15:00",249158,84.18887,15.99578,11.18,1.911422,359.647,40.91338,30.01,0.042,0,0,0,0
"2026-07-09 20:30:00",249159,83.64221,15.88718,11.4,3.557614,24.79373,32.20253,30.01,0.027,0,0,0,0
"2026-07-09 20:45:00",249160,83.7365,15.45028,14.69,4.168454,13.50283,35.94906,30.02,0.008,0,0,0,0
"2026-07-09 21:00:00",249161,80.92596,17.54058,7.672,0.8714401,12.52585,32.27345,30.03,0.001,0,0,0,0
"2026-07-09 21:15:00",249162,80.73128,16.73944,10.74,3.877885,31.99965,24.86711,30.03,0,0,0,0,0
"2026-07-09 21:30:00",249163,80.27068,16.85592,5.48,1.874402,28.84896,27.36546,30.03,0,0,0,0,0
"2026-07-09 21:45:00",249164,79.31944,17.08353,15.56,4.733748,45.17321,15.30922,30.04,0,0,0,0,0
"2026-07-09 22:00:00",249165,79.69479,17.78563,16,7.666879,38.77976,19.62513,30.04,0,0,0,0,0
"2026-07-09 22:15:00",249166,78.65475,20.18966,16.66,5.407661,26.99251,25.89909,30.04,0,0,0,0,0
"2026-07-09 22:30:00",249167,76.25637,22.61996,10.08,2.936309,330.8831,36.90717,30.05,0,0,0,0,0
"2026-07-09 22:45:00",249168,74.74916,24.6286,6.576,2.230236,30.92501,40.6916,30.05,0,0,0,0,0
"2026-07-09 23:00:00",249169,73.98021,25.27578,3.507,0.9705667,71.57949,57.96366,30.05,0,0,0,0,0
"2026-07-09 23:15:00",249170,71.5929,29.03477,5.48,1.321287,339.1993,34.29993,30.05,0,0,0,0,0
"2026-07-09 23:30:00",249171,70.0788,31.18113,3.946,1.153477,74.41337,24.39501,30.04,0,0,0,0,0
"2026-07-09 23:45:00",249172,68.46745,31.91898,3.726,0.9766557,79.60485,34.56103,30.04,0,0,0,0,0
"2026-07-10 00:00:00",249173,67.64531,33.0652,4.603,1.938701,97.4062,11.60913,30.04,0,0,0,0,0
"2026-07-10 00:15:00",249174,69.36443,26.69282,6.795,3.424878,69.48672,15.29126,30.04,0,0,0,0,0
"2026-07-10 00:30:00",249175,70.42321,25.82704,5.042,2.536632,77.62261,25.48784,30.04,0,0,0,0,0
"2026-07-10 00:45:00",249176,69.93544,25.59764,4.384,2.174704,70.71118,22.78279,30.04,0,0,0,0,0
"2026-07-10 01:00:00",249177,68.90186,28.10229,3.726,1.016112,208.693,58.29166,30.04,0,0,0,0,0
"2026-07-10 01:15:00",249178,67.11891,28.85348,3.726,1.703911,194.2911,30.22525,30.04,0,0,0,0,0
"2026-07-10 01:30:00",249179,65.60239,29.76986,2.85,0.2615784,127.2755,10.98244,30.04,0,0,0,0,0
"2026-07-10 01:45:00",249180,64.07896,32.38812,1.973,0.4569095,290.5706,41.5825,30.04,0,0,0,0,0
"2026-07-10 02:00:00",249181,63.58689,34.83086,3.069,0.8086034,327.0492,57.08601,30.04,0,0,0,0,0
"2026-07-10 02:15:00",249182,63.42275,35.19294,4.165,2.137445,78.77902,16.05429,30.04,0,0,0,0,0
"2026-07-10 02:30:00",249183,63.09921,34.95133,3.946,1.853939,98.73557,18.30817,30.04,0,0,0,0,0
"2026-07-10 02:45:00",249184,63.91766,32.98963,5.042,3.167679,109.1756,8.870393,30.04,0,0,0,0,0
"2026-07-10 03:00:00",249185,63.68533,32.48569,5.042,2.273105,123.1074,19.56675,30.04,0,0,0,0,0
"2026-07-10 03:15:00",249186,62.77268,32.58085,3.507,1.318118,150.916,25.57849,30.04,0,0,0,0,0
"2026-07-10 03:30:00",249187,62.4379,33.53818,2.192,0.2325953,200.2644,17.97441,30.04,0,0,0,0,0
"2026-07-10 03:45:00",249188,60.73407,37.12782,1.973,0.7883888,7.214305,39.89999,30.04,0,0,0,0,0
"2026-07-10 04:00:00",249189,58.2187,42.67919,1.754,0.6429847,64.28642,19.18508,30.04,0,0,0,0,0
"2026-07-10 04:15:00",249190,58.49701,40.19069,2.63,0.9306238,84.67454,12.0825,30.04,0,0,0,0,0
"2026-07-10 04:30:00",249191,59.68843,37.25258,4.384,2.634053,125.5527,10.07047,30.04,0,0,0,0,0
"2026-07-10 04:45:00",249192,60.76069,34.83253,4.822,1.65179,124.9354,9.331634,30.04,0,0,0,0,0
"2026-07-10 05:00:00",249193,59.35577,37.57224,1.754,0.1833972,355.8966,33.24786,30.04,0,0,0,0,0
"2026-07-10 05:15:00",249194,55.8095,44.18806,3.726,2.003727,72.67076,32.73203,30.04,0,0,0,0,0
"2026-07-10 05:30:00",249195,57.02006,41.15311,3.507,0.8434321,123.5642,12.44792,30.05,0,0,0,0,0
"2026-07-10 05:45:00",249196,57.88765,40.18691,1.534,0.2849595,215.7188,40.24187,30.05,0,0,0,0,0
"2026-07-10 06:00:00",249197,57.72254,41.15805,3.069,1.116943,133.2,38.94842,30.05,0.001,0,0,0,0
"2026-07-10 06:15:00",249198,57.20098,39.92575,3.288,0.523887,146.0611,8.763983,30.06,0.006,0,0,0,0
"2026-07-10 06:30:00",249199,56.28265,43.24065,1.315,0.04968535,182.6335,0.7463998,30.06,0.013,0,0,0,0
"2026-07-10 06:45:00",249200,55.82056,44.71422,2.411,0.7501497,84.93552,15.35417,30.07,0.033,0,0,0,0
"2026-07-10 07:00:00",249201,56.21132,43.68888,2.85,1.106225,116.9125,13.86443,30.07,0.028,0,0,0,0
"2026-07-10 07:15:00",249202,57.38495,42.24675,2.411,0.4824832,120.9058,4.740087,30.07,0.135,0,0,0,0
"2026-07-10 07:30:00",249203,60.30497,41.3266,1.315,0.1200729,264.5364,14.90257,30.07,0.173,0,0,0,0
"2026-07-10 07:45:00",249204,61.61932,39.24827,2.411,0.5192589,159.9941,21.42121,30.07,0.214,0,0,0,0
"2026-07-10 08:00:00",249205,63.19532,38.17172,1.973,0.2645009,209.2586,12.87839,30.07,0.255,0,0,0,0
"2026-07-10 08:15:00",249206,65.49174,35.55574,1.973,0.2720512,258.9784,16.725,30.07,0.3,0,0,0,0
"2026-07-10 08:30:00",249207,67.79564,33.49698,2.85,1.075296,279.7684,15.30733,30.08,0.343,0,0,0,0
"2026-07-10 08:45:00",249208,68.87671,32.37572,2.63,0.7501491,267.4831,22.88569,30.08,0.39,0,0,0,0
"2026-07-10 09:00:00",249209,71.01595,28.80019,2.63,0.5472676,289.8749,16.02411,30.08,0.437,0,0,0,0
"2026-07-10 09:15:00",249210,72.06126,27.58696,3.726,0.9233173,287.8734,35.74122,30.07,0.478,0,0,0,0
"2026-07-10 09:30:00",249211,72.28023,28.63179,3.507,1.214122,314.235,24.08395,30.07,0.52,0,0,0,0
"2026-07-10 09:45:00",249212,74.22696,26.53219,2.411,0.4091725,355.6508,48.24786,30.07,0.565,0,0,0,0
"2026-07-10 10:00:00",249213,76.53744,23.51858,1.315,0.08816715,107.3815,21.00647,30.07,0.606,0,0,0,0
"2026-07-10 10:15:00",249214,78.57446,22.47294,3.288,0.6305636,227.2298,34.29752,30.06,0.644,0,0,0,0
"2026-07-10 10:30:00",249215,80.05967,22.05355,3.726,0.6624693,267.8684,34.48861,30.06,0.684,0,0,0,0
"2026-07-10 10:45:00",249216,82.60788,19.56545,3.069,0.6332436,198.657,18.19758,30.06,0.714,0,0,0,0
"2026-07-10 11:00:00",249217,84.41776,18.41958,4.603,1.385342,201.9461,42.77519,30.06,0.748,0,0,0,0
"2026-07-10 11:15:00",249218,85.36611,18.07559,7.014,1.806451,209.625,36.2944,30.05,0.79,0,0,0,0
"2026-07-10 11:30:00",249219,86.21705,16.7286,7.453,2.673023,188.4364,37.70259,30.05,0.823,0,0,0,0
"2026-07-10 11:45:00",249220,87.78716,16.48981,8.55,2.574868,190.0134,47.7284,30.05,0.84,0,0,0,0
"2026-07-10 12:00:00",249221,89.15961,14.9038,10.52,4.000642,192.9273,33.01565,30.05,0.869,0,0,0,0
"2026-07-10 12:15:00",249222,90.43319,12.19328,14.03,4.749818,205.5354,34.68395,30.05,0.889,0,0,0,0
"2026-07-10 12:30:00",249223,91.12587,10.9844,15.12,5.812212,195.7474,28.55777,30.04,0.896,0,0,0,0
"2026-07-10 12:45:00",249224,91.40408,10.98025,13.81,5.334353,209.719,30.53484,30.04,0.917,0,0,0,0
"2026-07-10 13:00:00",249225,92.26807,10.77271,11.18,4.174052,194.7726,42.48837,30.04,0.942,0,0,0,0
"2026-07-10 13:15:00",249226,92.84093,9.775818,12.93,5.673388,211.7353,39.91771,30.03,0.954,0,0,0,0
"2026-07-10 13:30:00",249227,93.50209,8.569124,13.15,5.44347,213.6433,33.24496,30.03,0.976,0,0,0,0
"2026-07-10 13:45:00",249228,93.9315,8.320827,13.59,4.638269,203.644,41.69457,30.03,0.979,0,0,0,0
"2026-07-10 14:00:00",249229,93.98557,8.224376,14.03,4.202071,182.8615,38.03009,30.03,0.969,0,0,0,0
"2026-07-10 14:15:00",249230,95.15086,8.07819,12.71,4.761995,207.3071,37.26833,30.02,0.955,0,0,0,0
"2026-07-10 14:30:00",249231,95.1874,7.689895,13.15,4.63876,185.6539,33.81449,30.02,0.928,0,0,0,0
"2026-07-10 14:45:00",249232,94.22072,8.30777,12.49,5.145847,160.4288,53.10868,30.01,0.899,0,0,0,0
"2026-07-10 15:00:00",249233,95.00903,8.650179,14.25,5.113934,195.7601,34.10538,30.01,0.875,0,0,0,0
"2026-07-10 15:15:00",249234,95.13904,9.058096,13.81,3.790942,157.2321,53.15695,30.01,0.857,0,0,0,0
"2026-07-10 15:30:00",249235,95.25057,8.827911,15.34,4.022322,160.705,57.28258,30.01,0.842,0,0,0,0
"2026-07-10 15:45:00",249236,96.20055,8.732895,13.59,5.216718,206.1262,32.09063,30,0.81,0,0,0,0
"2026-07-10 16:00:00",249237,95.9529,8.692744,13.37,6.223818,242.9361,33.06454,30,0.788,0,0,0,0
"2026-07-10 16:15:00",249238,96.43977,8.136226,14.25,4.305328,208.8915,41.09615,30,0.754,0,0,0,0
"2026-07-10 16:30:00",249239,96.26277,8.171773,14.47,3.977748,218.8243,64.24352,29.99,0.712,0,0,0,0
"2026-07-10 16:45:00",249240,96.53406,7.99238,13.81,3.500377,216.5742,55.35953,29.99,0.673,0,0,0,0
"2026-07-10 17:00:00",249241,96.39222,8.090642,18.63,5.971738,226.3452,39.00549,29.99,0.615,0,0,0,0
"2026-07-10 17:15:00",249242,96.4721,7.9234,16,4.203522,269.6197,30.52607,29.98,0.591,0,0,0,0
"2026-07-10 17:30:00",249243,96.31303,8.014795,17.32,4.780993,247.8416,39.27951,29.99,0.551,0,0,0,0
"2026-07-10 17:45:00",249244,96.24973,8.101209,11.62,3.862052,183.9389,81.24163,29.98,0.51,0,0,0,0
"2026-07-10 18:00:00",249245,96.14729,7.860609,12.06,2.588019,248.1845,48.23752,29.98,0.469,0,0,0,0
"2026-07-10 18:15:00",249246,96.12543,7.772686,13.81,5.19065,263.5339,21.23395,29.98,0.426,0,0,0,0
"2026-07-10 18:30:00",249247,95.31048,7.315864,12.06,4.890114,250.7124,25.10246,29.98,0.382,0,0,0,0
"2026-07-10 18:45:00",249248,95.52499,7.394127,10.08,3.146731,249.4492,35.1068,29.98,0.335,0,0,0,0
"2026-07-10 19:00:00",249249,95.15127,7.834798,14.91,6.204342,272.8587,30.9417,29.98,0.279,0,0,0,0
"2026-07-10 19:15:00",249250,94.54974,7.681216,13.59,6.071599,253.8639,30.08222,29.98,0.233,0,0,0,0
"2026-07-10 19:30:00",249251,94.24136,7.420844,9.21,3.377628,278.2748,27.12847,29.98,0.192,0,0,0,0
"2026-07-10 19:45:00",249252,94.27357,7.781743,8.99,2.807465,261.6923,36.79929,29.98,0.156,0,0,0,0
"2026-07-10 20:00:00",249253,92.68497,9.187754,5.918,2.865671,248.5812,25.30063,29.99,0.117,0,0,0,0
"2026-07-10 20:15:00",249254,91.78716,9.403523,6.576,2.260193,285.1407,24.9157,29.99,0.081,0,0,0,0
"2026-07-10 20:30:00",249255,89.03926,11.3213,3.946,0.739677,233.085,14.18278,29.99,0.046,0,0,0,0
"2026-07-10 20:45:00",249256,86.74998,12.79395,3.069,0.8531759,43.11573,37.72343,30,0.007,0,0,0,0
"2026-07-10 21:00:00",249257,84.21738,17.14149,3.288,1.11938,104.4843,10.82878,30,0.002,0,0,0,0
"2026-07-10 21:15:00",249258,82.04031,16.40249,4.822,2.602394,117.0826,12.80719,30.01,0,0,0,0,0
"2026-07-10 21:30:00",249259,80.46503,14.25219,5.699,2.906102,111.8272,15.36365,30.01,0,0,0,0,0
"2026-07-10 21:45:00",249260,80.48863,12.91961,5.918,2.825732,112.3145,14.28879,30.02,0,0,0,0,0
"2026-07-10 22:00:00",249261,80.42082,12.84544,6.138,3.139428,109.5966,11.94814,30.02,0,0,0,0,0
"2026-07-10 22:15:00",249262,80.68968,12.14045,7.014,4.127531,109.9057,14.37607,30.03,0,0,0,0,0
"2026-07-10 22:30:00",249263,80.66618,11.9282,8.11,3.452148,106.0372,24.10738,30.03,0,0,0,0,0
"2026-07-10 22:45:00",249264,77.88564,13.40166,6.357,2.141583,35.98322,52.46647,30.04,0,0,0,0,0
"2026-07-10 23:00:00",249265,73.75945,16.09652,4.165,1.950145,68.33352,17.42694,30.04,0,0,0,0,0
"2026-07-10 23:15:00",249266,71.93504,20.28843,2.85,0.5901341,81.48534,14.46154,30.04,0,0,0,0,0
"2026-07-10 23:30:00",249267,70.60847,22.22289,3.288,1.269165,104.3438,11.17411,30.04,0,0,0,0,0
"2026-07-10 23:45:00",249268,69.31461,22.80918,2.63,1.325914,117.4119,8.858571,30.04,0,0,0,0,0
"2026-07-11 00:00:00",249269,68.79398,20.56213,4.603,2.697862,128.3017,9.667558,30.04,0,0,0,0,0
"2026-07-11 00:15:00",249270,68.37498,21.7671,3.069,0.5039152,63.98798,34.71556,30.05,0,0,0,0,0
"2026-07-11 00:30:00",249271,66.25576,25.50309,1.315,0.02192,92.8738,0.2862183,30.05,0,0,0,0,0
"2026-07-11 00:45:00",249272,66.34856,22.84928,4.822,2.031984,107.1421,10.14367,30.05,0,0,0,0,0
"2026-07-11 01:00:00",249273,66.57652,20.71097,4.822,2.735619,112.2118,12.39915,30.05,0,0,0,0,0
"2026-07-11 01:15:00",249274,68.11212,19.66819,8.11,2.258976,177.4518,67.81162,30.06,0,0,0,0,0
"2026-07-11 01:30:00",249275,67.19581,21.35423,7.672,2.261897,216.5306,26.30632,30.06,0,0,0,0,0
"2026-07-11 01:45:00",249276,65.2435,23.66339,5.261,1.971089,183.3183,63.83303,30.06,0,0,0,0,0
"2026-07-11 02:00:00",249277,63.42128,26.17517,2.85,0.9937047,167.3547,63.03704,30.06,0,0,0,0,0
"2026-07-11 02:15:00",249278,63.1618,25.95768,3.288,0.6856083,111.4137,16.23223,30.06,0,0,0,0,0
"2026-07-11 02:30:00",249279,61.88413,26.91965,2.85,0.8463542,88.10743,17.99312,30.07,0,0,0,0,0
"2026-07-11 02:45:00",249280,62.3743,24.42715,5.699,2.879073,107.8715,12.33714,30.07,0,0,0,0,0
"2026-07-11 03:00:00",249281,63.70672,21.89102,3.946,0.197767,82.48664,7.545141,30.07,0,0,0,0,0
"2026-07-11 03:15:00",249282,62.80005,23.63731,2.63,0.4910076,96.5297,28.77075,30.08,0,0,0,0,0
"2026-07-11 03:30:00",249283,61.89677,24.63408,3.507,1.327619,98.57312,16.90738,30.08,0,0,0,0,0
"2026-07-11 03:45:00",249284,61.91933,24.60283,3.069,1.721208,113.4263,67.35504,30.09,0,0,0,0,0
"2026-07-11 04:00:00",249285,61.31814,25.93057,2.63,0.7374859,180.6902,49.58593,30.09,0,0,0,0,0
"2026-07-11 04:15:00",249286,59.98538,27.51254,3.946,1.657152,128.2804,55.10039,30.09,0,0,0,0,0
"2026-07-11 04:30:00",249287,57.62546,31.83204,7.672,2.617009,293.4279,28.11528,30.1,0,0,0,0,0
"2026-07-11 04:45:00",249288,55.03133,34.41804,5.042,2.171296,74.59973,23.88286,30.1,0,0,0,0,0
"2026-07-11 05:00:00",249289,55.6733,32.40878,5.042,1.850049,99.64226,14.01511,30.11,0,0,0,0,0
"2026-07-11 05:15:00",249290,59.2826,25.85018,8.77,3.846472,92.12173,18.56821,30.11,0,0,0,0,0
"2026-07-11 05:30:00",249291,60.98719,24.12803,4.165,1.002474,112.8285,36.88571,30.11,0,0,0,0,0
"2026-07-11 05:45:00",249292,58.03824,30.49871,8.11,2.617245,281.817,31.41609,30.12,0,0,0,0,0
"2026-07-11 06:00:00",249293,51.68682,40.91213,2.192,0.6035302,204.6082,70.67714,30.12,0.001,0,0,0,0
"2026-07-11 06:15:00",249294,51.67065,42.04295,3.507,0.9423136,116.8633,28.72067,30.13,0.005,0,0,0,0
"2026-07-11 06:30:00",249295,52.99827,38.39859,3.726,2.350312,114.5939,12.94246,30.13,0.01,0,0,0,0
"2026-07-11 06:45:00",249296,53.76185,35.98375,3.726,1.547547,117.4244,14.15477,30.13,0.073,0,0,0,0
"2026-07-11 07:00:00",249297,56.54336,32.39127,3.069,1.113048,119.1581,8.712704,30.14,0.108,0,0,0,0
"2026-07-11 07:15:00",249298,58.80201,32.39693,2.192,0.4064934,116.9789,55.1708,30.14,0.146,0,0,0,0
"2026-07-11 07:30:00",249299,61.71622,29.56413,3.507,1.099165,106.8903,7.511087,30.14,0.184,0,0,0,0
"2026-07-11 07:45:00",249300,64.19611,29.5191,4.822,1.253336,306.0644,9.648262,30.14,0.225,0,0,0,0
"2026-07-11 08:00:00",249301,63.27543,31.05819,4.384,1.480572,21.72014,33.90608,30.15,0.268,0,0,0,0
"2026-07-11 08:15:00",249302,63.02271,32.11239,1.534,0.1488125,312.4919,5.220361,30.14,0.311,0,0,0,0
"2026-07-11 08:30:00",249303,64.47768,32.63563,2.192,0.7396767,316.6404,12.18419,30.15,0.357,0,0,0,0
"2026-07-11 08:45:00",249304,66.45642,28.61761,3.507,0.821511,325.6494,26.82838,30.15,0.403,0,0,0,0
"2026-07-11 09:00:00",249305,69.36847,24.17783,1.973,0.3348884,174.0441,25.44062,30.15,0.449,0,0,0,0
"2026-07-11 09:15:00",249306,72.00103,22.9068,2.411,0.5667527,283.5695,18.56542,30.15,0.492,0,0,0,0
"2026-07-11 09:30:00",249307,74.21488,18.85372,2.411,0.8215102,263.0162,27.3965,30.15,0.535,0,0,0,0
"2026-07-11 09:45:00",249308,75.81183,17.88182,2.192,0.5518949,196.9771,24.04218,30.15,0.579,0,0,0,0
"2026-07-11 10:00:00",249309,77.86398,17.47394,2.63,0.6193607,206.3415,39.65338,30.15,0.618,0,0,0,0
"2026-07-11 10:15:00",249310,79.49686,16.12921,3.069,0.7350488,239.0885,22.45053,30.15,0.656,0,0,0,0
"2026-07-11 10:30:00",249311,81.65437,15.94219,1.973,0.3421951,212.5225,46.5007,30.15,0.698,0,0,0,0
"2026-07-11 10:45:00",249312,84.75616,14.81995,3.507,1.228979,285.8853,24.5258,30.15,0.727,0,0,0,0
"2026-07-11 11:00:00",249313,88.01648,12.96572,3.507,1.139107,283.6985,31.45752,30.14,0.759,0,0,0,0
"2026-07-11 11:15:00",249314,89.93802,10.97315,5.48,1.784528,203.9319,50.86101,30.14,0.798,0,0,0,0
"2026-07-11 11:30:00",249315,91.13551,11.16432,6.138,2.187127,232.5833,26.59283,30.14,0.828,0,0,0,0
"2026-07-11 11:45:00",249316,91.85902,11.11904,5.699,1.567522,201.0899,29.89837,30.14,0.849,0,0,0,0
"2026-07-11 12:00:00",249317,92.75697,10.11362,6.138,1.800116,170.1769,35.68957,30.13,0.876,0,0,0,0
"2026-07-11 12:15:00",249318,93.43865,9.413183,4.384,1.170526,122.4914,56.27913,30.13,0.893,0,0,0,0
"2026-07-11 12:30:00",249319,94.99762,9.009418,6.138,2.147669,122.3801,41.76662,30.13,0.896,0,0,0,0
"2026-07-11 12:45:00",249320,96.38557,8.467012,5.918,2.149375,212.3168,55.5498,30.13,0.912,0,0,0,0
"2026-07-11 13:00:00",249321,95.93361,8.348373,4.165,1.084063,133.0345,74.56884,30.12,0.932,0,0,0,0
"2026-07-11 13:15:00",249322,95.93551,8.444749,6.357,1.799142,12.40201,34.00064,30.12,0.941,0,0,0,0
"2026-07-11 13:30:00",249323,97.26463,7.771101,6.138,2.103587,359.3804,42.26452,30.11,0.949,0,0,0,0
"2026-07-11 13:45:00",249324,98.29218,7.298053,6.357,1.863929,300.6794,76.68481,30.11,0.961,0,0,0,0
"2026-07-11 14:00:00",249325,98.72363,7.349675,7.891,2.281626,258.9399,56.74879,30.11,0.955,0,0,0,0
"2026-07-11 14:15:00",249326,98.96937,7.527483,7.891,3.259988,204.4363,42.99788,30.11,0.948,0,0,0,0
"2026-07-11 14:30:00",249327,97.84946,7.32477,4.603,1.751892,52.495,78.30091,30.1,0.923,0,0,0,0
"2026-07-11 14:45:00",249328,99.55759,7.448692,8.11,2.180063,289.8435,79.95736,30.09,0.903,0,0,0,0
"2026-07-11 15:00:00",249329,100.2087,7.273978,8.11,2.910487,221.4868,57.21878,30.09,0.888,0,0,0,0
"2026-07-11 15:15:00",249330,99.58788,7.449749,9.64,2.589237,91.58521,82.19403,30.09,0.868,0,0,0,0
"2026-07-11 15:30:00",249331,100.1559,7.221601,14.03,3.272656,164.8363,41.96738,30.09,0.86,0,0,0,0
"2026-07-11 15:45:00",249332,99.30152,6.956248,7.234,2.867621,127.5573,82.71994,30.08,0.834,0,0,0,0
"2026-07-11 16:00:00",249333,100.7161,7.150735,11.4,3.168656,257.7835,73.42116,30.07,0.817,0,0,0,0
"2026-07-11 16:15:00",249334,101.7127,6.643952,14.25,4.78075,293.7225,31.79298,30.07,0.795,0,0,0,0
"2026-07-11 16:30:00",249335,101.4225,6.5232,8.11,3.680607,270.8303,38.96532,30.07,0.782,0,0,0,0
"2026-07-11 16:45:00",249336,101.8224,6.262827,11.18,4.920795,275.9634,29.79914,30.07,0.749,0,0,0,0
"2026-07-11 17:00:00",249337,101.4185,6.929079,17.1,3.711542,80.19125,81.20582,30.07,0.635,0,0,0,0
"2026-07-11 17:15:00",249338,99.7543,7.407259,25.21,8.278697,187.5218,34.05671,30.07,0.659,0,0,0,0
"2026-07-11 17:30:00",249339,100.0973,7.418277,13.81,5.603481,170.6507,42.2364,30.07,0.608,0,0,0,0
"2026-07-11 17:45:00",249340,99.04341,7.335713,16.88,7.275979,149.7716,29.72415,30.07,0.583,0,0,0,0
"2026-07-11 18:00:00",249341,100.4862,6.873004,8.55,2.024675,221.1743,45.63632,30.06,0.558,0,0,0,0
"2026-07-11 18:15:00",249342,101.2443,6.980625,6.795,3.348645,253.9332,52.29288,30.06,0.524,0,0,0,0
"2026-07-11 18:30:00",249343,100.7837,6.738441,11.4,2.321324,209.0782,31.74907,30.06,0.452,0,0,0,0
"2026-07-11 18:45:00",249344,100.6099,6.812704,6.138,2.418016,296.9961,70.24831,30.05,0.385,0,0,0,0
"2026-07-11 19:00:00",249345,100.2567,7.094963,7.234,2.806246,331.7851,35.97662,30.05,0.307,0,0,0,0
"2026-07-11 19:15:00",249346,100.0371,7.394806,9.21,3.968249,305.4241,23.4103,30.05,0.249,0,0,0,0
"2026-07-11 19:30:00",249347,99.00591,7.945437,8.55,3.961184,308.6138,22.18082,30.05,0.191,0,0,0,0
"2026-07-11 19:45:00",249348,97.31463,8.79244,5.918,3.012534,313.9557,20.82923,30.05,0.155,0,0,0,0
"2026-07-11 20:00:00",249349,95.70865,9.357713,5.699,2.648665,312.4612,22.45105,30.05,0.114,0,0,0,0
"2026-07-11 20:15:00",249350,94.2502,10.27415,6.357,2.72027,308.0021,18.5011,30.06,0.077,0,0,0,0
"2026-07-11 20:30:00",249351,91.54169,11.94008,5.48,2.370281,330.9811,33.14437,30.06,0.042,0,0,0,0
"2026-07-11 20:45:00",249352,89.59515,12.79531,8.33,2.057069,348.0667,31.59247,30.06,0.007,0,0,0,0
"2026-07-11 21:00:00",249353,87.95793,11.72002,5.261,1.611117,28.48641,24.91199,30.06,0.002,0,0,0,0
"2026-07-11 21:15:00",249354,86.12665,13.48021,10.3,2.491328,7.831138,55.35894,30.07,0,0,0,0,0
"2026-07-11 21:30:00",249355,83.38601,15.91012,8.99,2.513002,0.7217575,47.78218,30.08,0,0,0,0,0
"2026-07-11 21:45:00",249356,82.97114,15.56341,5.48,3.017166,57.15136,15.37989,30.09,0,0,0,0,0
"2026-07-11 22:00:00",249357,83.51253,14.70083,13.15,3.495018,352.8648,35.2995,30.09,0,0,0,0,0
"2026-07-11 22:15:00",249358,82.16991,15.84001,12.93,4.373284,330.1786,30.84596,30.09,0,0,0,0,0
"2026-07-11 22:30:00",249359,78.55625,18.21303,6.357,2.224634,3.390677,28.70256,30.1,0,0,0,0,0
"2026-07-11 22:45:00",249360,77.7166,17.65543,6.795,3.871314,43.4714,19.89898,30.11,0,0,0,0,0
"2026-07-11 23:00:00",249361,77.8396,18.16712,5.918,1.392163,74.119,77.18213,30.1,0,0,0,0,0
"2026-07-11 23:15:00",249362,79.84885,16.66501,12.28,3.811161,332.6555,90.77688,30.1,0,0,0,0,0
"2026-07-11 23:30:00",249363,79.05911,17.09169,5.261,1.258205,4.231371,32.41843,30.11,0,0,0,0,0
"2026-07-11 23:45:00",249364,77.0279,21.52447,3.069,1.371701,105.0588,15.52867,30.11,0,0,0,0,0
"2026-07-12 00:00:00",249365,74.75021,24.92227,3.288,1.203892,136.6263,36.99637,30.11,0,0,0,0,0
"2026-07-12 00:15:00",249366,74.26379,23.75383,4.603,1.856376,103.655,16.28489,30.11,0,0,0,0,0
"2026-07-12 00:30:00",249367,73.36153,24.06497,3.507,1.20901,109.9727,14.08225,30.11,0,0,0,0,0
"2026-07-12 00:45:00",249368,73.3394,22.21667,5.699,1.942351,97.64024,15.94585,30.11,0,0,0,0,0
"2026-07-12 01:00:00",249369,73.82156,20.64327,5.042,1.491289,94.44265,17.01739,30.11,0,0,0,0,0
"2026-07-12 01:15:00",249370,73.13533,22.04108,3.507,0.8249218,47.52892,59.33901,30.11,0,0,0,0,0
"2026-07-12 01:30:00",249371,71.53249,23.4838,5.699,1.693196,307.7195,68.44274,30.11,0,0,0,0,0
"2026-07-12 01:45:00",249372,70.79229,23.92858,3.726,0.8743627,37.08579,23.86828,30.11,0,0,0,0,0
"2026-07-12 02:00:00",249373,70.27773,24.63579,4.822,1.695628,85.46323,30.57479,30.12,0,0,0,0,0
"2026-07-12 02:15:00",249374,70.38278,24.54285,3.288,0.8607243,64.18045,54.9388,30.11,0,0,0,0,0
"2026-07-12 02:30:00",249375,70.15082,24.17059,5.699,2.848866,43.46754,43.09186,30.12,0,0,0,0,0
"2026-07-12 02:45:00",249376,71.06177,21.69605,4.822,1.159322,1.91375,55.66276,30.12,0,0,0,0,0
"2026-07-12 03:00:00",249377,71.65432,20.5505,3.946,1.964277,22.90757,49.20815,30.12,0,0,0,0,0
"2026-07-12 03:15:00",249378,69.88773,23.38425,2.85,0.6178989,126.5488,40.74991,30.12,0,0,0,0,0
"2026-07-12 03:30:00",249379,68.61821,24.47137,3.946,1.437948,121.1942,15.48624,30.11,0,0,0,0,0
"2026-07-12 03:45:00",249380,67.50149,25.16408,3.726,1.155912,220.4621,22.77062,30.12,0,0,0,0,0
"2026-07-12 04:00:00",249381,66.63715,26.41353,4.384,1.172232,189.1067,25.1193,30.12,0,0,0,0,0
"2026-07-12 04:15:00",249382,65.53813,27.26494,5.48,1.342719,225.6041,52.48555,30.13,0,0,0,0,0
"2026-07-12 04:30:00",249383,63.34557,31.35493,2.192,0.5443446,306.6701,40.52404,30.13,0,0,0,0,0
"2026-07-12 04:45:00",249384,62.83416,32.3438,2.192,0.3421952,106.9333,22.06015,30.13,0,0,0,0,0
"2026-07-12 05:00:00",249385,62.76023,31.91113,2.85,1.320556,101.611,12.74528,30.14,0,0,0,0,0
"2026-07-12 05:15:00",249386,62.22155,31.90109,1.973,0.514144,123.75,19.10468,30.14,0,0,0,0,0
"2026-07-12 05:30:00",249387,62.74637,30.02291,2.85,0.6834155,111.5112,17.23078,30.13,0,0,0,0,0
"2026-07-12 05:45:00",249388,62.17181,31.06709,3.507,1.32372,115.5334,15.85394,30.14,0,0,0,0,0
"2026-07-12 06:00:00",249389,62.20633,31.00292,4.822,1.366099,104.2805,16.14838,30.14,0.001,0,0,0,0
"2026-07-12 06:15:00",249390,62.22155,30.6126,3.726,1.413838,143.6745,47.45912,30.14,0.005,0,0,0,0
"2026-07-12 06:30:00",249391,61.91661,31.88962,5.042,1.931638,286.1655,66.48514,30.15,0.012,0,0,0,0
"2026-07-12 06:45:00",249392,60.48549,35.41352,4.603,1.31325,229.6214,66.8149,30.15,0.069,0,0,0,0
"2026-07-12 07:00:00",249393,61.31252,35.03654,2.192,0.3441438,91.33433,46.76018,30.15,0.104,0,0,0,0
"2026-07-12 07:15:00",249394,63.48431,32.99036,4.384,1.364396,194.6305,59.86437,30.15,0.141,0,0,0,0
"2026-07-12 07:30:00",249395,65.66946,30.81026,3.069,1.232631,203.9261,76.62287,30.16,0.176,0,0,0,0
"2026-07-12 07:45:00",249396,65.85231,33.33095,4.822,1.521001,296.4992,75.38036,30.16,0.211,0,0,0,0
"2026-07-12 08:00:00",249397,67.38113,31.91373,6.357,2.555869,121.8496,70.13296,30.15,0.255,0,0,0,0
"2026-07-12 08:15:00",249398,69.81657,29.42657,5.918,2.347385,223.7335,81.17642,30.16,0.295,0,0,0,0
"2026-07-12 08:30:00",249399,71.17754,29.80381,5.48,1.970606,246.471,62.81795,30.16,0.34,0,0,0,0
"2026-07-12 08:45:00",249400,71.46486,29.91149,4.822,1.297175,219.6378,41.45262,30.16,0.389,0,0,0,0
"2026-07-12 09:00:00",249401,73.0643,27.62129,4.822,1.915074,246.5451,34.48536,30.16,0.433,0,0,0,0
"2026-07-12 09:15:00",249402,75.46341,24.88705,3.507,1.222158,246.9504,31.81514,30.16,0.478,0,0,0,0
"2026-07-12 09:30:00",249403,77.72869,20.44815,4.165,1.272819,240.1888,25.40016,30.15,0.516,0,0,0,0
"2026-07-12 09:45:00",249404,80.31289,18.49701,4.165,1.286458,215.4308,30.96231,30.15,0.561,0,0,0,0
"2026-07-12 10:00:00",249405,82.4685,16.30936,4.384,1.287431,248.197,35.76966,30.15,0.598,0,0,0,0
"2026-07-12 10:15:00",249406,83.3318,16.06076,4.165,1.305942,210.2067,31.89211,30.15,0.639,0,0,0,0
"2026-07-12 10:30:00",249407,84.76281,14.82403,3.288,0.8716835,185.6986,32.89192,30.15,0.678,0,0,0,0
"2026-07-12 10:45:00",249408,87.51058,12.89712,2.192,0.5784434,200.8711,57.60587,30.14,0.707,0,0,0,0
"2026-07-12 11:00:00",249409,90.54757,10.59354,2.192,0.1670791,197.7746,6.261421,30.14,0.74,0,0,0,0
"2026-07-12 11:15:00",249410,92.49995,10.21257,4.384,1.166143,319.2549,50.57698,30.13,0.772,0,0,0,0
"2026-07-12 11:30:00",249411,93.35578,9.98057,4.384,1.385584,214.9932,47.60841,30.13,0.805,0,0,0,0
"2026-07-12 11:45:00",249412,95.41209,9.921929,4.822,1.144223,292.9309,30.15936,30.13,0.828,0,0,0,0
"2026-07-12 12:00:00",249413,95.73065,9.774988,5.261,2.124291,225.4225,32.12492,30.13,0.848,0,0,0,0
"2026-07-12 12:15:00",249414,95.8574,9.985852,4.165,1.454998,275.1652,53.18156,30.13,0.868,0,0,0,0
"2026-07-12 12:30:00",249415,97.05801,9.674386,8.55,2.46478,308.9609,33.41477,30.12,0.873,0,0,0,0
"2026-07-12 12:45:00",249416,98.46144,9.552351,7.014,2.274806,306.5848,39.10248,30.11,0.904,0,0,0,0
"2026-07-12 13:00:00",249417,98.60069,9.645406,7.234,2.722216,252.2469,27.32233,30.11,0.944,0,0,0,0
"2026-07-12 13:15:00",249418,99.88783,9.28028,8.33,4.136546,275.2213,28.05558,30.1,0.968,0,0,0,0
"2026-07-12 13:30:00",249419,100.6256,9.10685,12.49,3.900541,241.2692,36.98481,30.1,0.977,0,0,0,0
"2026-07-12 13:45:00",249420,101.614,8.658255,5.918,2.24972,257.8841,70.2355,30.09,0.966,0,0,0,0
"2026-07-12 14:00:00",249421,101.5276,8.556143,21.92,6.799579,239.851,83.58223,30.09,0.998,0,0,0,0
"2026-07-12 14:15:00",249422,100.7517,8.766177,9.86,3.895673,212.6248,41.52276,30.09,1.032,0,0,0,0
"2026-07-12 14:30:00",249423,100.657,8.602331,14.47,3.972878,212.8947,70.82673,30.09,0.944,0,0,0,0
"2026-07-12 14:45:00",249424,100.7532,8.318412,16.22,4.953186,174.8385,49.77502,30.08,0.175,0,0,0,0
"2026-07-12 15:00:00",249425,100.7337,8.28211,15.12,4.965363,119.9929,56.8806,30.08,0.908,0,0,0,0
"2026-07-12 15:15:00",249426,100.3596,8.394788,14.91,5.593009,137.2521,40.46612,30.07,0.882,0,0,0,0
"2026-07-12 15:30:00",249427,100.9063,8.171698,16.22,4.508945,156.0275,56.30426,30.07,0.226,0,0,0,0
"2026-07-12 15:45:00",249428,98.84507,8.639236,15.34,3.84793,192.4786,43.84475,30.07,0.871,0,0,0,0
"2026-07-12 16:00:00",249429,100.3492,8.509201,10.96,2.991105,155.0816,58.48056,30.07,0.812,0,0,0,0
"2026-07-12 16:15:00",249430,101.3885,8.189584,13.37,3.825768,58.70241,84.37654,30.06,0.806,0,0,0,0
"2026-07-12 16:30:00",249431,100.9393,8.203244,7.234,2.71223,122.9959,69.57259,30.05,0.738,0,0,0,0
"2026-07-12 16:45:00",249432,101.1613,8.07751,9.64,3.849881,141.9975,30.90792,30.05,0.684,0,0,0,0
"2026-07-12 17:00:00",249433,102.0597,8.11434,12.93,3.459221,217.413,57.68488,30.05,0.56,0,0,0,0
"2026-07-12 17:15:00",249434,101.9819,8.072983,8.77,3.228088,134.2419,83.3591,30.04,0.616,0,0,0,0
"2026-07-12 17:30:00",249435,101.4889,7.962418,12.93,4.800482,280.5763,30.08306,30.03,0.564,0,0,0,0
"2026-07-12 17:45:00",249436,102.0216,7.967701,10.52,3.345482,200.1551,39.81684,30.03,0.51,0,0,0,0
"2026-07-12 18:00:00",249437,101.3941,8.11751,9.21,4.259539,182.0515,41.84536,30.03,0.486,0,0,0,0
"2026-07-12 18:15:00",249438,101.264,8.129811,8.77,3.357651,236.7157,28.22266,30.03,0.452,0,0,0,0
"2026-07-12 18:30:00",249439,100.8954,7.983474,8.55,4.383999,277.9922,26.40043,30.02,0.343,0,0,0,0
"2026-07-12 18:45:00",249440,100.1326,8.367996,8.77,4.356962,280.9725,21.22987,30.02,0.212,0,0,0,0
"2026-07-12 19:00:00",249441,98.66901,8.797195,6.357,2.383675,290.4614,21.47066,30.02,0.125,0,0,0,0
"2026-07-12 19:15:00",249442,97.09822,9.767894,2.85,0.4907638,253.6387,25.25719,30.02,0.056,0,0,0,0
"2026-07-12 19:30:00",249443,95.5239,10.37181,10.08,2.887594,183.9671,17.6838,30.03,0.037,0,0,0,0
"2026-07-12 19:45:00",249444,95.35789,9.950005,6.795,3.42049,103.5723,28.45616,30.03,0.031,0,0,0,0
"2026-07-12 20:00:00",249445,94.77688,9.816345,9.21,3.659419,108.5534,17.02199,30.03,0.033,0,0,0,0
"2026-07-12 20:15:00",249446,93.96519,10.13242,10.96,5.821471,111.7683,16.62494,30.03,0.046,0,0,0,0
"2026-07-12 20:30:00",249447,93.62709,10.14328,16,7.491283,96.46175,15.34396,30.03,0.008,0,0,0,0
"2026-07-12 20:45:00",249448,93.2138,10.22103,13.81,7.993495,92.49205,14.17883,30.03,0.004,0,0,0,0
"2026-07-12 21:00:00",249449,92.48026,10.47799,14.47,7.340276,107.5694,18.95338,30.03,0.001,0,0,0,0
"2026-07-12 21:15:00",249450,92.48134,10.5266,13.15,5.671923,104.9425,25.59875,30.04,0,0,0,0,0
"2026-07-12 21:30:00",249451,90.6769,11.61156,11.84,4.185991,162.7741,36.67358,30.05,0,0,0,0,0
"2026-07-12 21:45:00",249452,89.00992,12.25019,7.014,3.117997,180.4155,24.9032,30.05,0,0,0,0,0
"2026-07-12 22:00:00",249453,89.51472,11.73435,9.43,3.897615,141.9532,37.98338,30.06,0,0,0,0,0
"2026-07-12 22:15:00",249454,89.55874,11.84997,7.453,1.98814,159.5112,69.74539,30.07,0,0,0,0,0
"2026-07-12 22:30:00",249455,86.78123,13.71144,3.507,1.379498,297.8072,49.42116,30.07,0,0,0,0,0
"2026-07-12 22:45:00",249456,84.59821,15.72973,5.918,1.238964,180.8862,44.52308,30.07,0,0,0,0,0
"2026-07-12 23:00:00",249457,82.98738,16.49854,3.946,1.125955,105.7493,60.51222,30.07,0,0,0,0,0
"2026-07-12 23:15:00",249458,81.75368,17.38692,6.138,1.351486,47.66604,35.98406,30.08,0,0,0,0,0
"2026-07-12 23:30:00",249459,81.06099,17.68941,6.795,2.321813,254.3669,39.91151,30.08,0,0,0,0,0
"2026-07-12 23:45:00",249460,80.75439,18.13332,3.288,1.207546,66.07056,50.1081,30.09,0,0,0,0,0
"2026-07-13 00:00:00",249461,79.26171,20.0434,3.507,1.009049,99.16002,52.96907,30.09,0,0,0,0,0
"2026-07-13 00:15:00",249462,78.96094,20.25958,5.042,1.917267,73.77615,24.57951,30.09,0,0,0,0,0
"2026-07-13 00:30:00",249463,78.89783,21.11143,5.699,2.714432,113.5398,16.4182,30.09,0,0,0,0,0
"2026-07-13 00:45:00",249464,79.30499,20.99376,5.042,1.166873,122.0543,11.76617,30.09,0,0,0,0,0
"2026-07-13 01:00:00",249465,82.12456,18.90919,8.33,3.845009,126.8989,28.234,30.09,0,0,0,0,0
"2026-07-13 01:15:00",249466,78.28016,20.9063,7.234,2.866161,320.1244,57.72895,30.1,0,0,0,0,0
"2026-07-13 01:30:00",249467,73.06223,24.82992,8.33,2.614565,41.95535,39.11098,30.1,0,0,0,0,0
"2026-07-13 01:45:00",249468,73.72022,23.80295,3.288,1.154208,95.51696,9.654656,30.1,0,0,0,0,0
"2026-07-13 02:00:00",249469,74.59264,23.81529,2.411,0.2520795,89.16988,5.808729,30.11,0,0,0,0,0
"2026-07-13 02:15:00",249470,74.14289,25.4581,1.754,0.6230134,89.70003,22.62907,30.11,0,0,0,0,0
"2026-07-13 02:30:00",249471,74.61359,25.86673,4.384,1.54268,116.0155,13.61491,30.12,0,0,0,0,0
"2026-07-13 02:45:00",249472,76.59306,23.79551,3.946,1.770401,123.1215,12.25187,30.12,0,0,0,0,0
"2026-07-13 03:00:00",249473,77.40696,24.2333,5.699,2.3072,144.7438,19.79051,30.12,0,0,0,0,0
"2026-07-13 03:15:00",249474,78.99975,24.43958,5.699,2.372226,149.515,16.16724,30.12,0,0,0,0,0
"2026-07-13 03:30:00",249475,79.4521,24.39832,7.891,3.443147,136.9633,12.45487,30.12,0,0,0,0,0
"2026-07-13 03:45:00",249476,78.86317,24.2408,8.33,3.842818,130.062,15.15985,30.13,0,0,0,0,0
"2026-07-13 04:00:00",249477,78.60219,24.55471,8.11,4.823617,127.87,13.82622,30.14,0,0,0,0,0
"2026-07-13 04:15:00",249478,78.08938,25.3138,7.453,2.991353,131.3936,15.61185,30.14,0,0,0,0,0
"2026-07-13 04:30:00",249479,75.07031,29.40171,7.891,1.156888,299.8311,9.341493,30.14,0,0,0,0,0
"2026-07-13 04:45:00",249480,72.34275,33.21529,1.315,0.05236446,16.81948,2.660613,30.14,0,0,0,0,0
"2026-07-13 05:00:00",249481,71.41741,33.4079,3.288,0.7720696,18.91912,47.82669,30.14,0,0,0,0,0
"2026-07-13 05:15:00",249482,72.19754,32.24761,5.699,1.619401,117.5462,14.49542,30.14,0,0,0,0,0
"2026-07-13 05:30:00",249483,77.06725,27.06058,7.672,2.525181,124.3462,48.01513,30.15,0,0,0,0,0
"2026-07-13 05:45:00",249484,74.13391,30.91841,4.603,0.8836195,345.3942,69.3074,30.14,0,0,0,0,0
"2026-07-13 06:00:00",249485,70.85612,34.83036,2.411,0.626667,33.22883,34.24329,30.15,0.001,0,0,0,0
"2026-07-13 06:15:00",249486,69.47855,36.05197,1.754,0.171463,77.99675,2.853383,30.15,0.002,0,0,0,0
"2026-07-13 06:30:00",249487,68.82092,36.6581,3.507,0.5750335,14.5186,13.93884,30.16,0.007,0,0,0,0
"2026-07-13 06:45:00",249488,69.06497,36.25172,2.85,1.37974,87.76688,19.9053,30.16,0.034,0,0,0,0
"2026-07-13 07:00:00",249489,70.31909,35.64058,4.165,1.057274,342.5448,51.0092,30.16,0.093,0,0,0,0
"2026-07-13 07:15:00",249490,70.43777,35.04934,4.822,1.603324,307.0964,32.78754,30.17,0.04,0,0,0,0
"2026-07-13 07:30:00",249491,69.16539,35.79884,2.63,0.5453196,93.02451,39.54745,30.18,0.05,0,0,0,0
"2026-07-13 07:45:00",249492,70.37776,35.28131,3.726,1.874156,131.9729,18.0035,30.18,0.076,0,0,0,0
"2026-07-13 08:00:00",249493,71.88541,33.82243,3.507,1.647406,101.7717,14.15452,30.18,0.146,0,0,0,0
"2026-07-13 08:15:00",249494,73.17964,35.7468,2.192,0.4347459,7.953148,37.34649,30.18,0.095,0,0,0,0
"2026-07-13 08:30:00",249495,73.52422,36.90781,3.069,0.834176,326.3209,52.85189,30.18,0.403,0,0,0,0
"2026-07-13 08:45:00",249496,75.85092,35.5314,2.192,0.4802907,285.4592,9.675005,30.18,0.479,0,0,0,0
"2026-07-13 09:00:00",249497,76.90617,35.70283,3.288,1.117187,314.1201,31.52546,30.17,0.518,0,0,0,0
"2026-07-13 09:15:00",249498,80.16418,31.40467,3.288,1.134237,40.79245,15.90406,30.17,0.46,0,0,0,0
"2026-07-13 09:30:00",249499,83.99215,25.86126,1.754,0.1617208,18.19016,17.39124,30.17,0.503,0,0,0,0
"2026-07-13 09:45:00",249500,85.98856,25.17206,9.21,3.169386,307.0955,22.95277,30.17,0.625,0,0,0,0
"2026-07-13 10:00:00",249501,85.26083,25.0695,8.11,2.397317,314.9648,22.74847,30.17,0.696,0,0,0,0
"2026-07-13 10:15:00",249502,85.6685,24.63615,4.165,1.660802,315.2368,25.51215,30.17,0.312,0,0,0,0
"2026-07-13 10:30:00",249503,85.81467,25.0535,5.261,1.838112,280.0711,24.17496,30.17,0.324,0,0,0,0
"2026-07-13 10:45:00",249504,87.22829,23.81344,3.507,1.184894,219.6838,37.92917,30.17,0.55,0,0,0,0
"2026-07-13 11:00:00",249505,87.95113,21.81643,3.726,0.9807966,86.65701,52.84688,30.17,0.309,0,0,0,0
"2026-07-13 11:15:00",249506,87.44659,21.72684,3.288,0.5233998,70.84428,32.96622,30.17,0.758,0,0,0,0
"2026-07-13 11:30:00",249507,88.73143,21.10398,2.63,1.214852,223.7529,33.54839,30.16,0.825,0,0,0,0
"2026-07-13 11:45:00",249508,90.4666,19.99993,5.042,2.730985,250.9272,23.28188,30.16,0.815,0,0,0,0
"2026-07-13 12:00:00",249509,91.56098,19.03806,5.042,1.487634,318.7483,44.61686,30.16,0.549,0,0,0,0
"2026-07-13 12:15:00",249510,92.00357,19.3339,7.891,2.110407,347.4562,54.49146,30.16,0.321,0,0,0,0
"2026-07-13 12:30:00",249511,91.67265,19.19972,4.603,1.040712,254.0123,40.51974,30.15,0.211,0,0,0,0
"2026-07-13 12:45:00",249512,90.69781,19.81186,6.138,2.404136,111.1951,23.38107,30.16,0.125,0,0,0,0
"2026-07-13 13:00:00",249513,90.1263,19.7539,6.576,3.637987,67.95107,25.04988,30.15,0.182,0,0,0,0
"2026-07-13 13:15:00",249514,89.16451,21.77695,16.22,7.14446,76.78072,26.91519,30.16,0.342,0,0,0,0
"2026-07-13 13:30:00",249515,89.56145,20.15962,19.07,7.513198,127.4405,22.12547,30.15,0.362,0,0,0,0
"2026-07-13 13:45:00",249516,91.45107,16.11178,24.33,12.59304,118.9841,22.77093,30.15,0.225,0,0,0,0
"2026-07-13 14:00:00",249517,89.61362,18.84025,35.73,15.66939,124.6303,38.05834,30.17,0.245,0,0,0,0
"2026-07-13 14:15:00",249518,88.56313,19.86559,26.96,11.28369,122.3645,33.67987,30.15,0.274,0,0,0,0
"2026-07-13 14:30:00",249519,87.00278,22.01197,40.11,19.9667,115.0191,20.77261,30.15,0.24,0,0,0,0
"2026-07-13 14:45:00",249520,88.33673,20.10669,21.92,9.730295,92.59325,23.51297,30.14,0.296,0,0,0,0
"2026-07-13 15:00:00",249521,90.74811,17.37774,21.48,10.85698,107.9988,21.965,30.13,0.247,0,0,0,0
"2026-07-13 15:15:00",249522,90.88651,17.2236,26.52,13.1559,99.83767,19.85621,30.13,0.35,0,0,0,0
"2026-07-13 15:30:00",249523,91.59236,16.65697,19.73,7.689541,108.2294,23.20977,30.12,0.266,0,0,0,0
"2026-07-13 15:45:00",249524,92.31167,17.21394,10.74,4.516489,142.1032,25.26069,30.13,0.257,0,0,0,0
"2026-07-13 16:00:00",249525,91.89326,19.95857,26.74,8.53053,204.9702,32.91991,30.13,0.404,0,0,0,0
"2026-07-13 16:15:00",249526,89.35863,22.68071,26.74,10.346,215.9259,28.45796,30.14,0.335,0,0,0,0
"2026-07-13 16:30:00",249527,89.39572,24.38642,21.92,9.871552,221.9338,32.65234,30.15,0.76,0,0,0,0
"2026-07-13 16:45:00",249528,90.00568,23.89065,19.29,8.383668,228.9617,32.11812,30.15,0.191,0,0,0,0
"2026-07-13 17:00:00",249529,87.44076,26.1494,14.47,5.345561,215.5117,30.33238,30.15,0.227,0,0,0,0
"2026-07-13 17:15:00",249530,87.28725,26.07906,14.03,3.960942,212.4752,33.9267,30.15,0.147,0,0,0,0
"2026-07-13 17:30:00",249531,87.63298,24.75546,7.234,2.256782,216.4433,37.33998,30.15,0.166,0,0,0,0
"2026-07-13 17:45:00",249532,87.92777,24.87108,8.55,3.144057,244.7682,54.11502,30.15,0.152,0,0,0,0
"2026-07-13 18:00:00",249533,87.28018,25.32089,10.74,4.688928,267.2093,25.08551,30.15,0.162,0,0,0,0
"2026-07-13 18:15:00",249534,87.71503,25.30217,10.96,3.885682,241.7718,30.06784,30.15,0.503,0,0,0,0
"2026-07-13 18:30:00",249535,88.61935,23.96386,14.03,6.867544,270.5817,27.50768,30.15,0.284,0,0,0,0
"2026-07-13 18:45:00",249536,87.93157,24.21419,13.37,5.38988,271.9011,28.03739,30.14,0.083,0,0,0,0
"2026-07-13 19:00:00",249537,86.32152,25.7159,10.52,4.577866,286.1049,15.79972,30.14,0.071,0,0,0,0
"2026-07-13 19:15:00",249538,85.631,25.91408,5.918,1.994717,307.6472,19.11041,30.14,0.085,0,0,0,0
"2026-07-13 19:30:00",249539,85.21957,26.52502,3.288,0.3307483,50.69515,14.96493,30.14,0.172,0,0,0,0
"2026-07-13 19:45:00",249540,85.63483,25.89301,3.069,1.194395,65.33484,12.09333,30.14,0.039,0,0,0,0
"2026-07-13 20:00:00",249541,84.41803,27.88182,1.534,0.1522222,78.40398,1.750096,30.14,0.025,0,0,0,0
"2026-07-13 20:15:00",249542,82.6379,30.88365,2.192,0.530463,151.3998,12.9619,30.14,0.014,0,0,0,0
"2026-07-13 20:30:00",249543,81.84143,30.83875,3.288,1.007831,129.8727,20.09528,30.15,0.011,0,0,0,0
"2026-07-13 20:45:00",249544,80.68882,31.69282,4.384,1.493722,109.4548,9.657419,30.15,0.004,0,0,0,0
"2026-07-13 21:00:00",249545,78.84861,34.3242,3.946,0.8716846,239.3162,12.04326,30.15,0.001,0,0,0,0
"2026-07-13 21:15:00",249546,77.46143,35.33524,4.603,1.544629,163.4654,31.90488,30.15,0,0,0,0,0
"2026-07-13 21:30:00",249547,77.63753,33.09244,6.795,2.126727,137.2299,17.89931,30.15,0,0,0,0,0
"2026-07-13 21:45:00",249548,78.64397,30.07191,4.384,2.105536,119.5789,16.68176,30.15,0,0,0,0,0
"2026-07-13 22:00:00",249549,78.6511,29.38738,5.918,3.436803,104.8675,21.49143,30.16,0,0,0,0,0
"2026-07-13 22:15:00",249550,76.91168,31.72881,3.946,1.823496,114.6043,21.73948,30.16,0,0,0,0,0
"2026-07-13 22:30:00",249551,75.25096,33.09313,4.384,2.534685,111.3638,10.7053,30.16,0,0,0,0,0
"2026-07-13 22:45:00",249552,74.03886,33.70512,5.48,1.680285,58.74695,49.642,30.17,0,0,0,0,0
"2026-07-13 23:00:00",249553,72.05856,36.79565,3.507,1.920922,61.41746,29.70443,30.17,0,0,0,0,0
"2026-07-13 23:15:00",249554,71.27289,39.21763,3.288,1.41262,118.8301,11.03924,30.16,0,0,0,0,0
"2026-07-13 23:30:00",249555,70.16449,41.58471,2.411,0.1015627,315.5727,0.7423655,30.16,0,0,0,0,0
"2026-07-13 23:45:00",249556,69.54282,43.30308,3.069,1.060196,143.3055,47.31739,30.16,0,0,0,0,0
"2026-07-14 00:00:00",249557,69.24413,42.66617,2.192,0.9013968,130.3542,37.59288,30.17,0,0,0,0,0
"2026-07-14 00:15:00",249558,69.1246,42.53814,4.822,1.18928,140.4817,15.41409,30.16,0,0,0,0,0
"2026-07-14 00:30:00",249559,70.44655,38.61263,5.699,2.900746,164.2087,14.31133,30.17,0,0,0,0,0
"2026-07-14 00:45:00",249560,70.93994,36.60741,8.55,3.845982,197.161,21.29614,30.18,0,0,0,0,0
"2026-07-14 01:00:00",249561,71.32313,36.80668,8.55,2.280649,158.4935,24.22856,30.18,0,0,0,0,0
"2026-07-14 01:15:00",249562,70.42642,39.54373,5.042,1.581161,116.9262,16.58193,30.18,0,0,0,0,0
"2026-07-14 01:30:00",249563,69.70559,40.13751,4.384,1.894616,99.05269,8.710904,30.18,0,0,0,0,0
"2026-07-14 01:45:00",249564,70.06084,40.28677,4.165,2.676432,125.1895,15.14181,30.17,0,0,0,0,0
"2026-07-14 02:00:00",249565,70.43711,40.24969,3.726,1.677608,132.256,17.12552,30.17,0,0,0,0,0
"2026-07-14 02:15:00",249566,71.9813,37.02002,5.48,1.116457,206.7647,19.3714,30.16,0,0,0,0,0
"2026-07-14 02:30:00",249567,71.04038,38.68428,6.357,1.103548,329.6645,62.89738,30.17,0,0,0,0,0
"2026-07-14 02:45:00",249568,65.05078,46.30249,5.918,1.237991,6.127473,27.80417,30.18,0,0,0,0,0
"2026-07-14 03:00:00",249569,63.29087,49.17886,6.795,2.726115,25.20291,27.31848,30.17,0,0,0,0,0
"2026-07-14 03:15:00",249570,64.49033,46.60376,4.603,1.280856,51.41011,34.0242,30.18,0,0,0,0,0
"2026-07-14 03:30:00",249571,63.89396,48.12445,4.384,1.755055,340.3375,65.80522,30.17,0,0,0,0,0
"2026-07-14 03:45:00",249572,64.57742,47.45247,3.726,1.714626,113.7642,11.10462,30.17,0,0,0,0,0
"2026-07-14 04:00:00",249573,64.25369,48.2381,4.384,0.8743629,183.5782,47.29216,30.18,0,0,0,0,0
"2026-07-14 04:15:00",249574,64.12144,48.43898,6.357,1.999101,218.9109,37.11673,30.17,0,0,0,0,0
"2026-07-14 04:30:00",249575,62.29154,51.76429,3.726,1.371459,105.6499,16.49415,30.17,0,0,0,0,0
"2026-07-14 04:45:00",249576,62.65594,50.72978,4.603,2.860075,118.4359,12.82811,30.18,0,0,0,0,0
"2026-07-14 05:00:00",249577,62.99007,49.69649,3.288,0.5007495,158.2505,11.88007,30.18,0,0,0,0,0
"2026-07-14 05:15:00",249578,63.06545,49.68204,3.069,1.185628,111.3217,12.1838,30.18,0,0,0,0,0
"2026-07-14 05:30:00",249579,62.72042,51.19739,3.288,1.493967,97.21801,16.88884,30.18,0,0,0,0,0
"2026-07-14 05:45:00",249580,62.84856,51.36597,5.48,2.021266,212.132,57.17784,30.18,0,0,0,0,0
"2026-07-14 06:00:00",249581,61.01646,54.41608,3.946,1.341259,272.1016,15.82952,30.18,0.001,0,0,0,0
"2026-07-14 06:15:00",249582,59.93978,56.47916,4.603,1.89754,64.87846,11.96555,30.18,0.005,0,0,0,0
"2026-07-14 06:30:00",249583,60.40929,56.05238,3.507,1.323967,102.6796,7.471727,30.19,0.02,0,0,0,0
"2026-07-14 06:45:00",249584,61.95588,52.93991,3.069,0.6554072,124.9142,13.24149,30.19,0.045,0,0,0,0
"2026-07-14 07:00:00",249585,64.10312,49.65493,2.411,0.6666103,106.2745,10.00246,30.19,0.088,0,0,0,0
"2026-07-14 07:15:00",249586,65.22124,49.41244,3.946,1.531475,323.2924,21.99579,30.19,0.128,0,0,0,0
"2026-07-14 07:30:00",249587,63.7873,49.25885,2.63,0.4795593,3.331187,12.30609,30.19,0.044,0,0,0,0
"2026-07-14 07:45:00",249588,62.22374,53.58944,2.63,0.5041587,332.7975,24.68296,30.19,0.052,0,0,0,0
"2026-07-14 08:00:00",249589,63.08194,52.22487,2.192,0.4323101,76.02884,11.25686,30.2,0.109,0,0,0,0
"2026-07-14 08:15:00",249590,64.38438,50.9881,1.315,0.1570933,9.770658,16.80279,30.2,0.082,0,0,0,0
"2026-07-14 08:30:00",249591,65.78602,47.54671,1.096,0.07111825,91.84929,6.83582,30.2,0.063,0,0,0,0
"2026-07-14 08:45:00",249592,66.93243,48.34485,1.754,0.04481423,177.334,1.750013,30.2,0.063,0,0,0,0
"2026-07-14 09:00:00",249593,67.82403,48.48079,5.042,1.478381,286.9249,5.858063,30.2,0.067,0,0,0,0
"2026-07-14 09:15:00",249594,67.01212,50.76217,5.261,2.238519,286.6856,11.17701,30.2,0.067,0,0,0,0
"2026-07-14 09:30:00",249595,65.75121,54.36451,3.726,1.221429,36.66183,10.72559,30.2,0.062,0,0,0,0
"2026-07-14 09:45:00",249596,65.96002,53.83654,2.63,0.538501,34.7082,7.644276,30.2,0.136,0,0,0,0
"2026-07-14 10:00:00",249597,67.48256,52.33108,2.192,0.5126836,252.7416,11.15046,30.2,0.156,0,0,0,0
"2026-07-14 10:15:00",249598,68.77225,51.80008,1.973,0.4654326,332.7968,21.97662,30.2,0.199,0,0,0,0
"2026-07-14 10:30:00",249599,70.09767,49.83585,1.754,0.09644804,297.9732,5.671892,30.2,0.256,0,0,0,0
"2026-07-14 10:45:00",249600,71.94685,47.32566,5.48,2.244119,266.0061,22.38908,30.2,0.261,0,0,0,0
"2026-07-14 11:00:00",249601,73.00385,42.39665,3.726,1.598938,222.5163,31.40245,30.2,0.374,0,0,0,0
"2026-07-14 11:15:00",249602,75.26849,37.9017,4.822,2.220495,229.5474,29.3493,30.2,0.371,0,0,0,0
"2026-07-14 11:30:00",249603,76.07572,36.6228,5.261,3.052481,246.2812,20.04849,30.19,0.424,0,0,0,0
"2026-07-14 11:45:00",249604,77.86018,33.76519,4.603,1.243104,212.7885,47.29507,30.19,0.636,0,0,0,0
"2026-07-14 12:00:00",249605,80.40675,30.22125,3.288,0.748445,170.7419,27.82874,30.19,0.447,0,0,0,0
"2026-07-14 12:15:00",249606,82.54417,28.9289,3.946,1.438923,234.3893,30.73665,30.18,0.961,0,0,0,0
"2026-07-14 12:30:00",249607,84.90586,26.61271,4.165,1.113047,223.6945,35.67088,30.17,0.352,0,0,0,0
"2026-07-14 12:45:00",249608,85.08721,26.60683,4.603,0.9681319,166.8629,27.52933,30.17,0.7,0,0,0,0
"2026-07-14 13:00:00",249609,86.47883,26.30947,7.014,2.608963,123.5002,26.17842,30.17,0.391,0,0,0,0
"2026-07-14 13:15:00",249610,86.14275,26.66516,5.918,2.500829,142.0911,33.2296,30.16,0.33,0,0,0,0
"2026-07-14 13:30:00",249611,86.67295,28.37479,4.822,2.186641,195.8048,38.5413,30.16,0.867,0,0,0,0
"2026-07-14 13:45:00",249612,87.92233,25.54194,9.86,4.170156,144.2621,25.93047,30.15,0.249,0,0,0,0
"2026-07-14 14:00:00",249613,87.22041,25.8451,5.042,1.629871,102.1508,30.34484,30.15,0.271,0,0,0,0
"2026-07-14 14:15:00",249614,87.66368,24.52936,5.699,3.543239,90.62215,24.5514,30.15,0.258,0,0,0,0
"2026-07-14 14:30:00",249615,88.07855,24.78392,4.165,1.166143,38.06749,30.09637,30.14,0.23,0,0,0,0
"2026-07-14 14:45:00",249616,88.47931,25.37326,7.014,2.53809,120.3816,50.51068,30.15,0.208,0,0,0,0
"2026-07-14 15:00:00",249617,87.69804,25.96774,13.59,5.438354,173.2956,26.00153,30.15,0.223,0,0,0,0
"2026-07-14 15:15:00",249618,86.50641,26.95022,16.88,6.784966,187.0152,26.4446,30.13,0.226,0,0,0,0
"2026-07-14 15:30:00",249619,86.48589,26.26698,9.43,4.51649,189.4352,27.76286,30.13,0.402,0,0,0,0
"2026-07-14 15:45:00",249620,88.01891,24.27487,10.08,3.925141,197.8438,23.77589,30.13,0.311,0,0,0,0
"2026-07-14 16:00:00",249621,88.11836,23.7188,7.453,3.269242,184.9345,24.36453,30.12,0.315,0,0,0,0
"2026-07-14 16:15:00",249622,88.68103,23.90574,12.28,4.798044,198.5289,26.22328,30.12,0.311,0,0,0,0
"2026-07-14 16:30:00",249623,89.23868,24.43343,10.52,3.649194,185.2418,31.92101,30.12,0.686,0,0,0,0
"2026-07-14 16:45:00",249624,90.49133,24.41879,27.62,5.427876,181.3345,32.12467,30.13,0.604,0,0,0,0
"2026-07-14 17:00:00",249625,88.72816,28.07261,24.33,9.089003,199.1111,33.11554,30.12,0.587,0,0,0,0
"2026-07-14 17:15:00",249626,88.20692,28.09631,29.37,10.50942,205.7244,31.1955,30.12,0.565,0,0,0,0
"2026-07-14 17:30:00",249627,87.38927,28.75524,28.72,12.08815,204.033,27.43579,30.12,0.554,0,0,0,0
"2026-07-14 17:45:00",249628,87.00713,28.84912,26.08,10.13069,202.4669,30.35018,30.12,0.525,0,0,0,0
"2026-07-14 18:00:00",249629,87.90426,27.87088,24.55,9.950951,206.6857,28.75044,30.12,0.265,0,0,0,0
"2026-07-14 18:15:00",249630,87.54767,27.46349,18.85,7.416997,201.6827,31.09088,30.12,0.069,0,0,0,0
"2026-07-14 18:30:00",249631,86.1426,28.50422,14.47,5.752781,201.5763,32.31825,30.12,0.031,0,0,0,0
"2026-07-14 18:45:00",249632,86.03407,28.1388,12.28,4.820208,187.5917,25.87577,30.13,0.018,0,0,0,0
"2026-07-14 19:00:00",249633,85.75761,27.51813,15.12,5.00823,151.5604,35.61322,30.12,0.022,0,0,0,0
"2026-07-14 19:15:00",249634,84.8685,26.96486,21.7,9.474067,119.3834,25.49596,30.12,0.022,0,0,0,0
"2026-07-14 19:30:00",249635,82.38794,30.6586,17.97,6.842936,103.8136,31.58801,30.11,0.019,0,0,0,0
"2026-07-14 19:45:00",249636,83.21375,30.61377,9.21,2.275539,10.823,62.54412,30.12,0.027,0,0,0,0
"2026-07-14 20:00:00",249637,82.78638,30.69098,21.7,8.374165,52.39353,24.03961,30.13,0.031,0,0,0,0
"2026-07-14 20:15:00",249638,82.71751,28.84354,13.59,4.336751,27.47208,32.86852,30.14,0.013,0,0,0,0
"2026-07-14 20:30:00",249639,81.11684,31.34597,11.18,3.033727,6.89573,43.63509,30.15,0.006,0,0,0,0
"2026-07-14 20:45:00",249640,77.19468,41.03589,14.25,3.106553,357.7678,46.40062,30.17,0.002,0,0,0,0
"2026-07-14 21:00:00",249641,74.4147,47.41225,10.74,4.946619,31.94843,25.99204,30.18,0.001,0,0,0,0
"2026-07-14 21:15:00",249642,73.84124,49.13802,10.08,3.532044,28.97787,27.07648,30.17,0,0,0,0,0
"2026-07-14 21:30:00",249643,73.53648,50.02243,8.77,3.995281,56.1675,20.74663,30.17,0,0,0,0,0
"2026-07-14 21:45:00",249644,73.51723,49.20942,8.11,4.634129,74.61384,17.91617,30.17,0,0,0,0,0
"2026-07-14 22:00:00",249645,73.24098,49.24971,8.33,4.766382,91.8382,13.45501,30.16,0,0,0,0,0
"2026-07-14 22:15:00",249646,73.1863,47.97198,7.234,3.369596,101.324,13.06145,30.16,0,0,0,0,0
"2026-07-14 22:30:00",249647,73.27702,46.00059,5.699,3.107526,101.5273,13.33751,30.16,0,0,0,0,0
"2026-07-14 22:45:00",249648,73.11017,46.0274,4.165,2.017127,251.4693,60.21023,30.16,0,0,0,0,0
"2026-07-14 23:00:00",249649,72.22737,50.13689,3.726,1.881467,193.3964,27.80313,30.16,0,0,0,0,0
"2026-07-14 23:15:00",249650,71.54437,52.14746,5.48,2.312558,229.0591,16.42603,30.16,0,0,0,0,0
"2026-07-14 23:30:00",249651,70.99335,54.32615,3.507,0.9284322,191.5698,46.74714,30.16,0,0,0,0,0
"2026-07-14 23:45:00",249652,70.09771,55.85975,3.507,1.243593,108.1054,21.88584,30.16,0,0,0,0,0
"2026-07-15 00:00:00",249653,69.52426,54.29727,3.726,1.858808,104.6408,10.68505,30.15,0,0,0,0,0
"2026-07-15 00:15:00",249654,69.28376,54.3474,5.699,1.95063,96.95633,18.46495,30.15,0,0,0,0,0
"2026-07-15 00:30:00",249655,69.43576,53.55084,2.85,1.406043,90.41722,24.36238,30.15,0,0,0,0,0
"2026-07-15 00:45:00",249656,68.75502,54.84915,5.699,1.520759,24.42466,63.84253,30.16,0,0,0,0,0
"2026-07-15 01:00:00",249657,67.69997,57.69516,1.973,0.5419098,39.59162,43.72245,30.16,0,0,0,0,0
"2026-07-15 01:15:00",249658,66.85143,60.22596,2.192,0.4978258,348.5024,19.19693,30.16,0,0,0,0,0
"2026-07-15 01:30:00",249659,65.99834,62.33126,0,0,0,0,30.16,0,0,0,0,0
"2026-07-15 01:45:00",249660,66.02827,62.50399,4.165,1.216072,279.3098,9.884184,30.16,0,0,0,0,0
"2026-07-15 02:00:00",249661,65.17133,67.12924,2.63,0.4832138,296.9759,4.357619,30.16,0,0,0,0,0
"2026-07-15 02:15:00",249662,64.58971,69.86546,1.973,0.246965,126.6981,7.270084,30.16,0,0,0,0,0
"2026-07-15 02:30:00",249663,64.58173,65.67556,1.754,0.5538443,303.2804,44.98781,30.16,0,0,0,0,0
"2026-07-15 02:45:00",249664,64.49435,64.96819,1.754,0.08889782,135.7255,1.521576,30.16,0,0,0,0,0
"2026-07-15 03:00:00",249665,64.82013,61.05363,1.754,0.2800885,124.182,17.70065,30.16,0,0,0,0,0
"2026-07-15 03:15:00",249666,64.51103,59.6578,4.384,1.811562,126.0004,14.02584,30.16,0,0,0,0,0
"2026-07-15 03:30:00",249667,64.43885,59.42412,2.63,0.428901,245.0873,2.328839,30.16,0,0,0,0,0
"2026-07-15 03:45:00",249668,64.0647,61.83867,4.603,1.891203,290.6279,22.62843,30.16,0,0,0,0,0
"2026-07-15 04:00:00",249669,62.52448,68.09455,5.261,1.511019,334.8435,50.47614,30.16,0,0,0,0,0
"2026-07-15 04:15:00",249670,61.17894,76.00911,3.069,1.414568,20.71352,53.03637,30.16,0,0,0,0,0
"2026-07-15 04:30:00",249671,60.71275,77.12943,3.726,1.757252,71.30367,22.11292,30.16,0,0,0,0,0
"2026-07-15 04:45:00",249672,62.19781,67.87278,5.699,2.119662,95.54704,14.76458,30.16,0,0,0,0,0
"2026-07-15 05:00:00",249673,63.54732,62.70968,0,0,0,0,30.16,0,0,0,0,0
"2026-07-15 05:15:00",249674,63.73106,62.99958,2.192,0.633242,24.57823,52.67318,30.16,0,0,0,0,0
"2026-07-15 05:30:00",249675,63.81966,62.93776,3.288,0.2722951,310.9199,1.533935,30.16,0,0,0,0,0
"2026-07-15 05:45:00",249676,63.15733,65.97359,5.261,1.256744,307.6982,12.69008,30.16,0,0,0,0,0
"2026-07-15 06:00:00",249677,61.72159,71.52128,2.63,0.950596,53.67334,10.49178,30.17,0,0,0,0,0
"2026-07-15 06:15:00",249678,61.48727,72.64078,0.658,0.01558756,89.18092,2.08673,30.17,0.002,0,0,0,0
"2026-07-15 06:30:00",249679,62.35527,70.39115,4.384,1.292547,102.8925,7.440616,30.17,0.009,0,0,0,0
"2026-07-15 06:45:00",249680,63.58983,64.78769,3.507,1.418219,96.42195,11.31736,30.17,0.023,0,0,0,0
"2026-07-15 07:00:00",249681,64.65868,61.28613,3.288,1.352705,116.652,14.322,30.17,0.03,0,0,0,0
"2026-07-15 07:15:00",249682,64.97538,62.59109,7.672,1.824231,285.4195,24.31445,30.18,0.048,0,0,0,0
"2026-07-15 07:30:00",249683,63.11099,69.30772,5.699,2.087268,296.0535,18.81802,30.18,0.063,0,0,0,0
"2026-07-15 07:45:00",249684,63.02579,70.63264,2.85,1.184652,53.42608,12.45245,30.18,0.071,0,0,0,0
"2026-07-15 08:00:00",249685,63.47899,68.89769,2.411,0.9510838,111.1444,14.80089,30.18,0.088,0,0,0,0
"2026-07-15 08:15:00",249686,64.38841,65.5111,1.754,0.2389276,122.2374,9.515249,30.18,0.086,0,0,0,0
"2026-07-15 08:30:00",249687,65.53936,63.29047,1.754,0.2286984,216.4601,13.91261,30.18,0.099,0,0,0,0
"2026-07-15 08:45:00",249688,66.69487,61.17615,1.315,0.105216,292.7071,15.96934,30.18,0.115,0,0,0,0
"2026-07-15 09:00:00",249689,67.70875,59.3634,2.192,0.9973589,70.70726,20.97174,30.18,0.128,0,0,0,0
"2026-07-15 09:15:00",249690,68.85058,56.86536,4.384,1.167117,308.5719,56.00453,30.18,0.152,0,0,0,0
"2026-07-15 09:30:00",249691,69.83183,57.27373,5.48,2.526643,299.7266,23.5079,30.18,0.186,0,0,0,0
"2026-07-15 09:45:00",249692,70.14672,55.72179,2.411,0.4910069,331.4841,30.40822,30.18,0.206,0,0,0,0
"2026-07-15 10:00:00",249693,70.8961,54.96874,3.069,1.264296,317.208,22.35183,30.18,0.264,0,0,0,0
"2026-07-15 10:15:00",249694,72.09499,53.37281,4.165,1.990092,317.1964,21.75215,30.17,0.68,0,0,0,0
"2026-07-15 10:30:00",249695,74.74329,49.25959,6.138,2.102856,315.0622,34.64651,30.17,0.726,0,0,0,0
"2026-07-15 10:45:00",249696,77.34168,44.86114,8.33,1.994718,333.8268,51.21915,30.17,0.716,0,0,0,0
"2026-07-15 11:00:00",249697,78.6091,42.29552,7.234,2.012985,318.3898,24.74253,30.17,0.905,0,0,0,0
"2026-07-15 11:15:00",249698,78.67336,41.62119,4.603,1.682478,0.9759127,36.38731,30.16,0.662,0,0,0,0
"2026-07-15 11:30:00",249699,80.34155,38.25476,3.069,0.7365099,17.90864,52.44965,30.16,0.793,0,0,0,0
"2026-07-15 11:45:00",249700,81.55602,36.50868,5.042,2.005189,70.26064,61.43095,30.16,0.786,0,0,0,0
"2026-07-15 12:00:00",249701,83.35721,33.84315,5.699,1.212174,292.9993,41.54184,30.15,0.815,0,0,0,0
"2026-07-15 12:15:00",249702,83.73445,33.89311,6.357,2.25995,92.51276,75.51563,30.15,0.807,0,0,0,0
"2026-07-15 12:30:00",249703,85.27237,31.27278,6.576,2.488405,3.353602,49.49201,30.15,0.829,0,0,0,0
"2026-07-15 12:45:00",249704,85.93829,30.08503,8.11,2.251184,29.66076,42.27281,30.15,0.843,0,0,0,0
"2026-07-15 13:00:00",249705,86.69849,28.71215,10.3,2.59143,4.142949,52.97847,30.14,0.867,0,0,0,0
"2026-07-15 13:15:00",249706,87.9207,27.15882,11.4,2.387817,17.81975,49.07632,30.13,0.922,0,0,0,0
"2026-07-15 13:30:00",249707,89.51676,25.77945,8.11,2.080207,337.8569,43.68976,30.13,0.94,0,0,0,0
"2026-07-15 13:45:00",249708,89.75327,25.98072,12.06,3.073672,313.5931,51.09939,30.12,0.98,0,0,0,0
"2026-07-15 14:00:00",249709,91.58829,24.4086,11.62,4.086615,291.8562,38.02226,30.11,1.017,0,0,0,0
"2026-07-15 14:15:00",249710,90.65298,24.77207,10.96,4.385947,280.9348,34.37393,30.11,0.483,0,0,0,0
"2026-07-15 14:30:00",249711,90.27913,24.94656,5.48,2.063887,54.85485,65.61203,30.11,1.087,0,0,0,0
"2026-07-15 14:45:00",249712,92.18153,23.85193,8.77,2.533708,13.93879,47.80857,30.1,0.748,0,0,0,0
"2026-07-15 15:00:00",249713,91.70674,24.66384,9.64,3.579289,47.83518,95.31456,30.09,0.892,0,0,0,0
"2026-07-15 15:15:00",249714,92.4247,23.99457,11.4,3.355223,2.15531,88.35805,30.09,0.867,0,0,0,0
"2026-07-15 15:30:00",249715,91.49255,23.10272,14.03,5.601534,82.70659,27.94248,30.08,0.863,0,0,0,0
"2026-07-15 15:45:00",249716,91.7283,22.76922,6.138,1.935533,114.3584,70.16576,30.07,0.826,0,0,0,0
"2026-07-15 16:00:00",249717,92.49724,22.62381,9.86,4.355501,116.6335,52.19891,30.07,0.408,0,0,0,0
"2026-07-15 16:15:00",249718,92.24945,22.99022,7.672,2.445783,77.63501,38.01941,30.06,0.761,0,0,0,0
"2026-07-15 16:30:00",249719,92.90545,22.10902,11.84,4.446593,120.4313,90.64648,30.05,0.567,0,0,0,0
"2026-07-15 16:45:00",249720,92.10667,22.90471,12.49,6.511451,276.9535,18.15205,30.05,0.661,0,0,0,0
"2026-07-15 17:00:00",249721,93.6177,22.40668,13.81,6.294938,282.7241,26.71422,30.04,0.62,0,0,0,0
"2026-07-15 17:15:00",249722,93.10379,22.19702,12.28,6.81249,268.2338,21.68291,30.04,0.588,0,0,0,0
"2026-07-15 17:30:00",249723,92.9166,22.60245,12.71,4.033767,300.4624,35.86438,30.03,0.528,0,0,0,0
"2026-07-15 17:45:00",249724,93.75151,21.93778,11.18,3.698146,306.3427,28.28736,30.03,0.394,0,0,0,0
"2026-07-15 18:00:00",249725,92.57616,22.64547,8.33,2.70444,330.5109,34.8018,30.03,0.108,0,0,0,0
"2026-07-15 18:15:00",249726,90.50858,24.22649,7.014,1.976205,335.0927,30.78287,30.03,0.079,0,0,0,0
"2026-07-15 18:30:00",249727,89.63943,24.63064,5.699,2.050735,334.2376,28.4268,30.03,0.058,0,0,0,0
"2026-07-15 18:45:00",249728,88.78034,25.77235,5.261,0.9795793,338.0395,20.25066,30.03,0.082,0,0,0,0
"2026-07-15 19:00:00",249729,88.49547,25.33319,6.138,1.704887,270.8434,37.0537,30.03,0.115,0,0,0,0
"2026-07-15 19:15:00",249730,87.85278,28.88497,8.33,3.883492,247.8607,18.86254,30.03,0.077,0,0,0,0
"2026-07-15 19:30:00",249731,87.67727,27.73005,8.33,3.764881,265.1647,17.85858,30.04,0.054,0,0,0,0
"2026-07-15 19:45:00",249732,87.0536,28.55049,7.891,3.423661,220.4149,31.60806,30.04,0.03,0,0,0,0
"2026-07-15 20:00:00",249733,85.69771,30.49559,13.59,4.513573,194.8689,33.432,30.05,0.016,0,0,0,0
"2026-07-15 20:15:00",249734,84.96359,31.55413,22.8,7.886573,189.1729,26.78839,30.05,0.012,0,0,0,0
"2026-07-15 20:30:00",249735,81.34722,38.79151,18.19,7.80255,178.4182,27.08698,30.06,0.006,0,0,0,0
"2026-07-15 20:45:00",249736,79.75333,42.05469,16.66,7.304964,170.6718,26.00011,30.07,0.001,0,0,0,0
"2026-07-15 21:00:00",249737,78.70636,43.04041,16,6.503422,180.1835,33.30528,30.08,0,0,0,0,0
"2026-07-15 21:15:00",249738,77.54406,44.77245,16.88,5.811965,189.6779,29.58788,30.09,0,0,0,0,0
"2026-07-15 21:30:00",249739,76.83398,45.09378,12.06,4.516004,194.9943,26.74968,30.11,0,0,0,0,0
"2026-07-15 21:45:00",249740,76.39061,48.12304,11.84,4.240057,162.2275,31.28761,30.11,0,0,0,0,0
"2026-07-15 22:00:00",249741,76.04957,50.64465,7.234,2.799428,129.2406,43.8712,30.12,0,0,0,0,0
"2026-07-15 22:15:00",249742,75.01423,53.46857,17.32,4.6882,314.8659,27.13757,30.12,0,0,0,0,0
"2026-07-15 22:30:00",249743,73.66301,57.74407,14.47,5.567193,50.86796,79.45387,30.13,0,0.004,0.004,0,0
"2026-07-15 22:45:00",249744,72.03913,62.91133,16.22,4.18282,83.04415,63.23792,30.13,0,0.004,0.008,0.01,0.01
"2026-07-15 23:00:00",249745,70.98259,64.9836,8.55,4.490189,93.73385,29.81949,30.13,0,0.004,0.012,0,0.01
"2026-07-15 23:15:00",249746,72.4045,59.14488,11.84,5.113454,84.53196,17.91801,30.12,0,0,0.012,0,0.01
"2026-07-15 23:30:00",249747,72.71192,57.84513,9.21,5.160942,84.11176,15.66794,30.11,0,0.004,0.016,0,0.01
"2026-07-15 23:45:00",249748,73.33009,54.85818,8.99,4.274391,84.70609,15.94845,30.1,0,0.004,0.02,0,0.01
"2026-07-16 00:00:00",249749,73.43731,54.04089,7.672,1.941135,157.7541,81.0955,30.1,0,0,0.02,0,0.01
"2026-07-16 00:15:00",249750,71.36802,61.08571,12.49,5.436158,302.1105,19.13977,30.1,0,0,0,0,0
"2026-07-16 00:30:00",249751,69.98162,63.24789,6.138,2.126969,280.5858,29.08494,30.11,0,0.004,0.004,0,0
"2026-07-16 00:45:00",249752,69.75352,65.69778,5.261,3.096073,70.74149,15.29471,30.12,0,0,0.004,0,0
"2026-07-16 01:00:00",249753,69.58005,65.27255,8.11,4.737642,79.81954,12.09239,30.12,0,0,0.004,0,0
"2026-07-16 01:15:00",249754,70.40366,61.14024,11.18,5.600556,76.20598,13.94291,30.12,0,0,0.004,0,0
"2026-07-16 01:30:00",249755,70.79366,58.87513,9.43,4.75371,90.19314,14.33805,30.12,0,0,0.004,0,0
"2026-07-16 01:45:00",249756,71.9833,53.65264,8.77,3.836972,97.2016,18.92285,30.11,0,0,0.004,0,0
"2026-07-16 02:00:00",249757,73.10545,48.53099,8.33,3.577582,126.3008,17.34642,30.11,0,0,0.004,0,0
"2026-07-16 02:15:00",249758,71.75072,53.82541,8.33,2.89928,212.7157,41.08156,30.11,0,0,0.004,0,0
"2026-07-16 02:30:00",249759,70.41901,59.05082,3.946,1.170283,232.3692,30.29765,30.11,0,0,0.004,0,0
"2026-07-16 02:45:00",249760,69.2795,62.34882,2.85,0.749907,232.2037,14.94915,30.11,0,0,0.004,0,0
"2026-07-16 03:00:00",249761,68.79713,63.27184,3.507,1.800606,190.0491,17.90858,30.1,0,0,0.004,0,0
"2026-07-16 03:15:00",249762,68.5277,63.2282,2.85,0.9761698,136.3929,22.814,30.12,0,0,0.004,0,0
"2026-07-16 03:30:00",249763,68.1942,64.32356,2.411,0.3950465,81.7683,8.002573,30.12,0,0,0.004,0,0
"2026-07-16 03:45:00",249764,68.04897,64.37454,6.138,2.525426,93.2894,14.47324,30.12,0,0,0.004,0,0
"2026-07-16 04:00:00",249765,68.64635,61.44947,5.699,3.136026,96.99063,12.4514,30.11,0,0,0.004,0,0
"2026-07-16 04:15:00",249766,68.7221,60.50095,2.192,0.4678695,286.5395,44.59193,30.11,0,0,0.004,0,0
"2026-07-16 04:30:00",249767,68.48405,61.84769,5.918,1.42626,294.0764,36.10744,30.12,0,0,0.004,0,0
"2026-07-16 04:45:00",249768,67.83408,65.95781,6.357,2.749249,262.31,16.65274,30.12,0,0,0.004,0,0
"2026-07-16 05:00:00",249769,66.6025,72.05814,4.603,0.8395345,303.4394,49.73732,30.12,0,0,0.004,0,0
"2026-07-16 05:15:00",249770,66.403,71.11113,6.576,1.89632,143.0043,31.12191,30.12,0,0,0.004,0,0
"2026-07-16 05:30:00",249771,66.33969,70.49686,2.411,0.4398603,250.7124,40.53074,30.12,0,0,0.004,0,0
"2026-07-16 05:45:00",249772,66.3175,71.32703,2.192,0.6235015,86.00388,11.02447,30.12,0,0,0.004,0,0
"2026-07-16 06:00:00",249773,66.32774,70.65611,2.411,0.98104,85.99276,10.53582,30.12,0,0,0.004,0,0
"2026-07-16 06:15:00",249774,66.4576,69.77021,2.411,0.5489738,84.4139,3.456342,30.12,0.002,0,0.004,0,0
"2026-07-16 06:30:00",249775,66.57059,68.63625,3.069,0.864865,106.8143,11.80485,30.12,0.006,0,0.004,0,0
"2026-07-16 06:45:00",249776,66.36871,70.00668,3.946,1.081142,318.1802,31.85641,30.12,0.011,0,0.004,0,0
"2026-07-16 07:00:00",249777,65.81993,74.92762,3.946,1.795973,345.7363,42.12951,30.12,0.019,0,0.004,0,0
"2026-07-16 07:15:00",249778,64.99036,77.95087,3.507,1.690033,72.52633,15.017,30.12,0.033,0,0.004,0,0
"2026-07-16 07:30:00",249779,65.29031,75.58991,3.946,1.08577,293.0849,12.61276,30.13,0.052,0,0.004,0,0
"2026-07-16 07:45:00",249780,65.71008,76.28242,3.507,1.696359,275.6381,16.51696,30.13,0.076,0,0.004,0,0
"2026-07-16 08:00:00",249781,66.28239,75.15384,1.973,0.5265661,138.549,10.98819,30.13,0.084,0,0.004,0,0
"2026-07-16 08:15:00",249782,66.9448,72.67271,3.288,1.475456,136.5418,12.71494,30.13,0.111,0,0.004,0,0
"2026-07-16 08:30:00",249783,68.26042,69.21609,4.165,1.67298,153.0272,21.1695,30.13,0.148,0,0.004,0,0
"2026-07-16 08:45:00",249784,69.64607,66.87672,4.822,2.23243,271.3923,32.45507,30.14,0.154,0,0.004,0,0
"2026-07-16 09:00:00",249785,70.27538,67.21716,4.603,1.488122,267.473,21.27577,30.14,0.426,0,0.004,0,0
"2026-07-16 09:15:00",249786,72.52978,60.95801,2.411,0.5930566,103.6792,23.77886,30.14,0.452,0,0.004,0,0
"2026-07-16 09:30:00",249787,74.4567,54.94349,4.165,1.067503,96.09122,21.49622,30.13,0.495,0,0.004,0,0
"2026-07-16 09:45:00",249788,76.225,52.34675,4.384,1.199265,106.5092,56.50257,30.13,0.542,0,0.004,0,0
"2026-07-16 10:00:00",249789,78.27329,45.44897,5.261,1.223134,235.3582,44.7775,30.12,0.574,0,0.004,0,0
"2026-07-16 10:15:00",249790,80.12868,41.04271,5.042,1.837381,242.7249,40.57653,30.12,0.611,0,0.004,0,0
"2026-07-16 10:30:00",249791,80.73116,40.1856,8.55,2.652808,232.7966,29.74425,30.11,0.654,0,0.004,0,0
"2026-07-16 10:45:00",249792,81.55045,38.62125,4.822,1.765045,183.8932,31.8599,30.11,0.706,0,0.004,0,0
"2026-07-16 11:00:00",249793,83.16335,36.99637,7.014,1.982297,268.7583,65.53429,30.11,0.753,0,0.004,0,0
"2026-07-16 11:15:00",249794,84.08765,36.71351,5.699,1.336632,273.9892,46.20486,30.1,0.817,0,0.004,0,0
"2026-07-16 11:30:00",249795,84.72708,35.61813,5.261,2.011767,128.6407,63.00817,30.1,0.578,0,0.004,0,0
"2026-07-16 11:45:00",249796,84.2849,35.66085,7.014,2.299651,150.5808,31.46971,30.1,0.83,0,0.004,0,0
"2026-07-16 12:00:00",249797,85.5908,33.30663,6.576,2.728307,223.0467,71.34837,30.09,0.829,0,0.004,0,0
"2026-07-16 12:15:00",249798,86.30344,32.35246,10.3,3.217854,330.4756,46.33953,30.09,0.864,0,0.004,0,0
"2026-07-16 12:30:00",249799,87.14964,30.72849,5.699,1.926521,335.5648,56.07782,30.08,0.193,0,0.004,0,0
"2026-07-16 12:45:00",249800,85.08979,32.13767,5.042,1.740932,13.62342,43.12766,30.08,0.193,0,0.004,0,0
"2026-07-16 13:00:00",249801,85.00557,32.7972,5.699,3.243915,105.864,26.01692,30.08,0.203,0,0.004,0,0
"2026-07-16 13:15:00",249802,84.88698,33.59681,5.699,3.00036,109.1401,27.72444,30.07,0.223,0,0.004,0,0
"2026-07-16 13:30:00",249803,84.99457,33.43394,10.96,4.746898,82.82706,14.68287,30.07,0.248,0,0.004,0,0
"2026-07-16 13:45:00",249804,85.05624,31.52832,11.18,6.06137,89.49421,18.06177,30.07,0.294,0,0.004,0,0
"2026-07-16 14:00:00",249805,85.89428,29.77477,12.06,5.407171,100.4514,19.94526,30.07,0.244,0,0.004,0,0
"2026-07-16 14:15:00",249806,86.12141,30.72849,7.672,3.128227,67.71931,35.62092,30.07,0.334,0,0.004,0,0
"2026-07-16 14:30:00",249807,87.22218,31.38297,16,4.040827,327.6721,53.54127,30.05,0.955,0,0.004,0,0
"2026-07-16 14:45:00",249808,89.41093,28.26725,10.74,3.997715,255.3407,100.5474,30.05,1.066,0,0.004,0,0
"2026-07-16 15:00:00",249809,92.38666,25.91884,9.43,4.966097,306.7802,38.87297,30.05,1.058,0,0.004,0,0
"2026-07-16 15:15:00",249810,91.13523,26.80524,9.43,3.541296,26.43064,49.45853,30.05,0.241,0,0.004,0,0
"2026-07-16 15:30:00",249811,88.72749,28.20378,18.41,4.12534,13.57419,51.55927,30.05,0.122,0,0.004,0,0
"2026-07-16 15:45:00",249812,86.88976,26.47015,14.47,7.029501,106.397,20.96641,30.05,0.068,0,0.004,0,0
"2026-07-16 16:00:00",249813,85.61103,26.97738,14.25,7.79378,110.8275,19.09361,30.05,0.054,0,0.004,0,0
"2026-07-16 16:15:00",249814,83.86976,32.44234,16.88,5.841202,164.8559,31.64907,30.06,0.083,0,0.004,0,0
"2026-07-16 16:30:00",249815,81.16618,39.08603,15.34,6.987859,177.648,29.01578,30.06,0.107,0,0.004,0,0
"2026-07-16 16:45:00",249816,80.27321,40.45652,18.19,6.962029,169.3749,24.36154,30.06,0.133,0,0.004,0,0
"2026-07-16 17:00:00",249817,80.47441,40.56913,12.93,5.388671,175.9487,25.68509,30.05,0.154,0,0.004,0,0
"2026-07-16 17:15:00",249818,80.65658,41.43576,10.08,4.16188,201.4265,29.45622,30.05,0.178,0,0.004,0,0
"2026-07-16 17:30:00",249819,81.78234,39.44379,11.18,4.429054,200.8233,28.49127,30.05,0.173,0,0.004,0,0
"2026-07-16 17:45:00",249820,82.71181,37.02858,8.77,2.909511,190.1774,28.65133,30.05,0.16,0,0.004,0,0
"2026-07-16 18:00:00",249821,82.95569,36.14153,5.918,2.729039,194.2509,22.99359,30.05,0.122,0,0.004,0,0
"2026-07-16 18:15:00",249822,83.26836,32.61494,19.73,8.066078,139.137,38.58152,30.05,0.103,0,0.004,0,0
"2026-07-16 18:30:00",249823,82.58872,31.95548,20.39,10.18841,105.7467,22.26306,30.05,0.117,0,0.004,0,0
"2026-07-16 18:45:00",249824,81.65465,33.35847,22.36,11.34675,111.3095,18.49037,30.05,0.138,0,0.004,0,0
"2026-07-16 19:00:00",249825,81.3066,34.0036,20.39,8.016623,130.9862,26.62939,30.05,0.142,0,0.004,0,0
"2026-07-16 19:15:00",249826,82.01217,32.63998,12.71,5.215257,143.6588,28.74014,30.05,0.142,0,0.004,0,0
"2026-07-16 19:30:00",249827,82.55863,32.33273,10.3,3.152584,175.9276,32.12268,30.05,0.097,0,0.004,0,0
"2026-07-16 19:45:00",249828,82.37001,33.53613,3.507,1.193177,215.5252,30.60409,30.05,0.06,0,0.004,0,0
"2026-07-16 20:00:00",249829,82.11897,32.57343,9.21,3.199587,158.3855,52.98566,30.05,0.036,0,0.004,0,0
"2026-07-16 20:15:00",249830,81.9315,32.05503,11.18,4.126557,169.9831,74.42278,30.04,0.014,0,0.004,0,0
"2026-07-16 20:30:00",249831,79.48123,42.41204,8.77,3.342069,210.9162,28.34097,30.04,0.003,0,0.004,0,0
"2026-07-16 20:45:00",249832,78.27505,44.39035,8.55,2.184691,235.2423,36.00707,30.05,0.001,0,0.004,0,0
"2026-07-16 21:00:00",249833,77.71889,45.83356,6.576,2.357373,167.6912,24.61892,30.05,0,0,0.004,0,0
"2026-07-16 21:15:00",249834,77.55955,45.55998,8.11,2.590697,165.6215,24.07136,30.06,0,0,0.004,0,0
"2026-07-16 21:30:00",249835,77.74199,44.55404,10.52,3.956555,173.7967,24.03606,30.07,0,0,0.004,0,0
"2026-07-16 21:45:00",249836,77.45998,44.72091,11.18,3.279227,165.9112,30.13174,30.08,0,0,0.004,0,0
"2026-07-16 22:00:00",249837,77.01556,45.85869,7.014,2.814281,176.1915,28.57913,30.08,0,0,0.004,0,0
"2026-07-16 22:15:00",249838,76.57661,47.39014,6.576,2.421428,187.7157,20.27427,30.09,0,0,0.004,0,0
"2026-07-16 22:30:00",249839,76.30569,48.29986,5.261,1.341745,169.1467,25.03378,30.09,0,0,0.004,0,0
"2026-07-16 22:45:00",249840,75.80998,48.56966,8.55,3.426584,191.1948,26.34612,30.09,0,0,0.004,0,0
"2026-07-16 23:00:00",249841,75.51833,48.17156,8.33,3.074157,158.3263,22.61446,30.1,0,0,0.004,0,0
"2026-07-16 23:15:00",249842,75.39224,48.3554,9.64,3.280204,159.7955,41.17276,30.1,0,0,0.004,0,0
"2026-07-16 23:30:00",249843,75.05751,47.98425,6.138,2.167885,227.729,26.4209,30.1,0,0,0.004,0,0
"2026-07-16 23:45:00",249844,74.65027,46.86479,8.33,2.396828,214.3557,28.95699,30.1,0,0,0.004,0,0
"2026-07-17 00:00:00",249845,73.96545,47.99415,6.795,2.504965,174.7345,51.09266,30.1,0,0,0.004,0,0
"2026-07-17 00:15:00",249846,73.55858,48.08334,6.795,2.757293,112.303,25.50371,30.1,0,0,0,0,0
"2026-07-17 00:30:00",249847,73.22179,48.81287,4.822,1.883413,180.5267,18.9698,30.11,0,0,0,0,0
"2026-07-17 00:45:00",249848,73.28433,49.05264,8.11,2.872734,199.2646,27.1986,30.11,0,0,0,0,0
"2026-07-17 01:00:00",249849,73.30263,48.90742,4.822,2.003486,193.8785,21.39379,30.11,0,0,0,0,0
"2026-07-17 01:15:00",249850,72.82209,48.86657,3.946,2.095065,121.1533,53.29897,30.11,0,0,0,0,0
"2026-07-17 01:30:00",249851,71.82519,49.83055,3.507,0.8799655,156.9952,32.32584,30.11,0,0,0,0,0
"2026-07-17 01:45:00",249852,72.13235,48.8762,4.384,1.925793,132.6334,25.76401,30.11,0,0,0,0,0
"2026-07-17 02:00:00",249853,71.30144,47.95134,3.946,1.032186,137.0795,11.82351,30.1,0,0,0,0,0
"2026-07-17 02:15:00",249854,70.1068,51.66211,2.411,0.6753786,14.51093,24.02122,30.11,0,0,0,0,0
"2026-07-17 02:30:00",249855,68.24947,57.11042,3.726,1.437461,56.43554,31.91336,30.1,0,0,0,0,0
"2026-07-17 02:45:00",249856,67.7515,58.99984,3.069,1.220697,49.84157,26.36961,30.1,0,0,0,0,0
"2026-07-17 03:00:00",249857,68.25515,57.304,2.192,0.2418504,66.6152,4.072009,30.1,0,0,0,0,0
"2026-07-17 03:15:00",249858,68.87592,54.49273,1.754,0.2279677,261.3425,10.51985,30.1,0,0,0,0,0
"2026-07-17 03:30:00",249859,68.21833,56.53911,3.726,1.491774,302.1537,16.87399,30.1,0,0,0,0,0
"2026-07-17 03:45:00",249860,67.8175,58.80082,2.411,0.3102894,125.9208,32.61164,30.1,0,0,0,0,0
"2026-07-17 04:00:00",249861,67.37379,59.86257,3.069,0.9286763,44.17871,12.84392,30.1,0,0,0,0,0
"2026-07-17 04:15:00",249862,67.30694,59.90014,2.63,1.303992,90.24857,18.15262,30.1,0,0,0,0,0
"2026-07-17 04:30:00",249863,68.16792,56.78068,2.411,0.6242306,95.03532,11.92712,30.1,0,0,0,0,0
"2026-07-17 04:45:00",249864,68.5619,54.999,5.261,0.3765364,102.2762,17.15891,30.11,0,0,0,0,0
"2026-07-17 05:00:00",249865,67.6335,58.99763,5.48,1.736793,295.2056,9.738752,30.11,0,0,0,0,0
"2026-07-17 05:15:00",249866,66.73872,61.18043,3.507,0.8419701,16.7971,35.66746,30.11,0,0,0,0,0
"2026-07-17 05:30:00",249867,66.335,61.93888,2.192,0.9393905,123.6417,20.6524,30.11,0,0,0,0,0
"2026-07-17 05:45:00",249868,67.53534,58.07522,2.85,1.014652,240.048,41.262,30.12,0,0,0,0,0
"2026-07-17 06:00:00",249869,67.39446,60.62497,3.726,1.19269,206.6749,50.46052,30.12,0,0,0,0,0
"2026-07-17 06:15:00",249870,66.97311,60.62276,2.85,0.8156661,148.8524,13.82632,30.13,0.002,0,0,0,0
"2026-07-17 06:30:00",249871,66.99048,59.98159,3.946,1.547547,138.484,17.89571,30.12,0.013,0,0,0,0
"2026-07-17 06:45:00",249872,67.08934,59.73329,3.288,1.376329,100.0375,15.0998,30.12,0.029,0,0,0,0
"2026-07-17 07:00:00",249873,67.28532,59.61155,1.973,0.1814488,106.6143,11.61809,30.12,0.083,0,0,0,0
"2026-07-17 07:15:00",249874,68.71311,57.14595,1.754,0.2165208,128.8474,15.38186,30.12,0.022,0,0,0,0
"2026-07-17 07:30:00",249875,67.41655,61.66169,4.822,1.771378,275.5057,15.2074,30.12,0.025,0,0,0,0
"2026-07-17 07:45:00",249876,65.42314,68.44592,3.288,0.7089891,274.3387,43.97749,30.12,0.171,0,0,0,0
"2026-07-17 08:00:00",249877,66.93768,65.63319,3.726,1.272331,26.78603,32.67641,30.12,0.237,0,0,0,0
"2026-07-17 08:15:00",249878,68.9664,60.86435,2.411,0.7306651,2.058405,53.29165,30.12,0.301,0,0,0,0
"2026-07-17 08:30:00",249879,71.77377,56.71251,4.165,1.105497,198.255,22.57103,30.13,0.459,0,0,0,0
"2026-07-17 08:45:00",249880,73.35683,51.82044,5.042,2.626989,211.6615,29.23374,30.12,0.516,0,0,0,0
"2026-07-17 09:00:00",249881,75.29787,49.49447,5.042,1.899975,217.8163,30.0066,30.13,0.407,0,0,0,0
"2026-07-17 09:15:00",249882,76.48364,47.21429,4.603,1.682723,124.4979,29.62214,30.12,0.49,0,0,0,0
"2026-07-17 09:30:00",249883,77.82825,44.85803,5.261,1.244812,220.3204,57.81216,30.12,0.499,0,0,0,0
"2026-07-17 09:45:00",249884,78.36674,44.40212,5.699,0.5567665,192.7083,52.69491,30.12,0.539,0,0,0,0
"2026-07-17 10:00:00",249885,79.86459,42.23929,7.234,1.778928,210.5631,56.12178,30.13,0.593,0,0,0,0
"2026-07-17 10:15:00",249886,80.21222,40.81388,7.014,2.076795,210.3064,43.23381,30.12,0.519,0,0,0,0
"2026-07-17 10:30:00",249887,80.14403,41.17516,10.74,4.32603,223.2119,27.05983,30.12,0.494,0,0,0,0
"2026-07-17 10:45:00",249888,80.36329,41.06369,7.453,2.845214,210.5956,32.23789,30.12,0.683,0,0,0,0
"2026-07-17 11:00:00",249889,81.81943,38.06058,8.33,2.729038,212.807,40.30653,30.12,0.723,0,0,0,0
"2026-07-17 11:15:00",249890,81.65614,36.93516,8.77,2.367605,165.1398,32.16372,30.11,0.2,0,0,0,0
"2026-07-17 11:30:00",249891,81.17484,37.34686,4.603,1.889258,200.853,45.53067,30.11,0.199,0,0,0,0
"2026-07-17 11:45:00",249892,81.04809,36.92022,3.946,0.9004237,174.2087,34.83264,30.11,0.18,0,0,0,0
"2026-07-17 12:00:00",249893,81.04755,37.4504,3.726,1.321286,145.4842,30.20621,30.11,0.19,0,0,0,0
"2026-07-17 12:15:00",249894,81.55425,36.91796,5.261,1.58871,118.4933,20.13575,30.11,0.235,0,0,0,0
"2026-07-17 12:30:00",249895,81.95161,36.33608,10.74,3.649678,108.8368,22.69936,30.11,0.254,0,0,0,0
"2026-07-17 12:45:00",249896,81.39314,38.41974,11.4,5.524817,103.7705,17.97923,30.11,0.146,0,0,0,0
"2026-07-17 13:00:00",249897,80.33775,42.51249,14.47,6.944497,102.0328,22.26427,30.11,0.158,0,0,0,0
"2026-07-17 13:15:00",249898,77.86752,47.20644,18.85,10.01915,104.1359,18.77419,30.12,0.149,0,0,0,0
"2026-07-17 13:30:00",249899,76.53404,45.9707,21.04,10.46461,98.43871,17.3799,30.12,0.124,0,0,0,0
"2026-07-17 13:45:00",249900,75.96851,47.87601,16.44,7.90021,91.13132,21.43071,30.12,0.104,0,0,0,0
"2026-07-17 14:00:00",249901,74.44282,55.81263,14.25,7.160287,73.90476,17.20612,30.12,0.145,0,0,0,0
"2026-07-17 14:15:00",249902,73.15837,62.85565,9.86,5.766908,84.84561,15.07231,30.12,0.273,0.004,0.004,0,0
"2026-07-17 14:30:00",249903,74.47651,64.84274,10.96,5.541133,75.46346,16.28478,30.12,0.361,0,0.004,0,0
"2026-07-17 14:45:00",249904,77.80173,54.60606,9.86,5.223783,44.06492,25.16185,30.12,0.434,0,0.004,0,0
"2026-07-17 15:00:00",249905,79.52589,49.60435,9.21,2.895387,17.12456,34.82135,30.12,0.606,0,0.004,0,0
"2026-07-17 15:15:00",249906,81.94331,41.74187,8.55,2.718323,343.4375,34.4698,30.11,0.314,0,0.004,0,0
"2026-07-17 15:30:00",249907,82.15999,38.54359,10.08,4.299488,327.1326,28.25567,30.11,0.423,0,0.004,0,0
"2026-07-17 15:45:00",249908,81.58414,42.44283,11.18,5.096405,326.6646,24.70011,30.11,0.318,0,0.004,0,0
"2026-07-17 16:00:00",249909,81.44177,41.50829,9.86,4.263438,321.5249,30.28659,30.11,0.268,0,0.004,0,0
"2026-07-17 16:15:00",249910,81.53442,40.44853,10.74,4.901062,317.9083,25.80889,30.1,0.24,0,0.004,0,0
"2026-07-17 16:30:00",249911,81.49557,40.09088,11.4,4.734961,320.8006,23.07467,30.1,0.238,0,0.004,0,0
"2026-07-17 16:45:00",249912,81.21613,39.81692,12.28,3.948764,326.5792,25.70493,30.09,0.296,0,0.004,0,0
"2026-07-17 17:00:00",249913,82.51754,39.78462,11.84,3.864495,320.6678,29.59709,30.09,0.788,0,0.004,0,0
"2026-07-17 17:15:00",249914,83.84911,39.38704,12.06,3.864252,328.3628,33.28804,30.08,0.742,0,0.004,0,0
"2026-07-17 17:30:00",249915,84.74963,37.44844,10.74,5.777383,319.748,19.16829,30.08,0.64,0,0.004,0,0
"2026-07-17 17:45:00",249916,85.23543,36.48046,7.891,3.267053,332.0236,33.82999,30.08,0.444,0,0.004,0,0
"2026-07-17 18:00:00",249917,85.20323,33.84813,4.603,1.427477,9.790366,32.85507,30.07,0.549,0,0.004,0,0
"2026-07-17 18:15:00",249918,86.94546,32.65539,9.21,3.631655,308.8126,24.77411,30.07,0.333,0,0.004,0,0
"2026-07-17 18:30:00",249919,85.83967,34.38231,8.11,4.523798,302.2757,23.48409,30.07,0.409,0,0.004,0,0
"2026-07-17 18:45:00",249920,84.11414,36.79848,17.1,5.371371,245.2565,46.93494,30.08,0.136,0,0.004,0,0
"2026-07-17 19:00:00",249921,80.6506,42.88245,20.17,7.329563,206.0068,27.49491,30.08,0.123,0,0.004,0,0
"2026-07-17 19:15:00",249922,79.35925,45.01743,17.97,7.471319,207.5333,28.12966,30.08,0.178,0,0.004,0,0
"2026-07-17 19:30:00",249923,78.80567,46.21862,16.66,6.876789,214.7583,30.88724,30.08,0.065,0,0.004,0,0
"2026-07-17 19:45:00",249924,77.62054,48.09964,16.22,5.59496,216.6898,34.47525,30.09,0.048,0,0.004,0,0
"2026-07-17 20:00:00",249925,76.72966,48.70838,10.3,3.918077,198.4458,30.57829,30.09,0.022,0,0.004,0,0
"2026-07-17 20:15:00",249926,76.10423,49.67146,8.33,3.146738,182.7658,27.16835,30.09,0.01,0,0.004,0,0
"2026-07-17 20:30:00",249927,75.42227,51.54976,8.11,3.700335,185.4889,22.13798,30.09,0.006,0,0.004,0,0
"2026-07-17 20:45:00",249928,74.98553,51.8013,9.21,3.311861,186.2545,24.75734,30.09,0.002,0,0.004,0,0
"2026-07-17 21:00:00",249929,74.58519,52.07368,10.74,4.177465,180.2098,23.2108,30.09,0.001,0,0.004,0,0
"2026-07-17 21:15:00",249930,74.2347,52.34356,9.43,3.560781,184.2147,26.61571,30.11,0,0,0.004,0,0
"2026-07-17 21:30:00",249931,73.85652,52.91666,10.74,3.77267,170.8007,29.40893,30.11,0,0,0.004,0,0
"2026-07-17 21:45:00",249932,73.47872,53.77212,9.43,4.383996,149.6909,23.36681,30.11,0,0,0.004,0,0
"2026-07-17 22:00:00",249933,73.18624,54.39537,6.357,3.311864,141.1941,19.5114,30.12,0,0,0.004,0,0
"2026-07-17 22:15:00",249934,72.71151,55.39732,8.33,3.033726,183.1666,34.05045,30.12,0,0,0.004,0,0
"2026-07-17 22:30:00",249935,72.44686,55.84336,7.014,3.269729,183.5875,25.66697,30.13,0,0,0.004,0,0
"2026-07-17 22:45:00",249936,72.37293,55.51423,4.822,2.186883,136.0436,24.60251,30.14,0,0,0.004,0,0
"2026-07-17 23:00:00",249937,71.63057,56.25088,4.165,2.093359,134.1187,18.76539,30.14,0,0,0.004,0,0
"2026-07-17 23:15:00",249938,71.86935,55.22393,3.507,1.558754,140.0525,11.38449,30.14,0,0,0.004,0,0
"2026-07-17 23:30:00",249939,72.603,53.20162,5.918,2.136713,148.3589,17.60852,30.14,0,0,0.004,0,0
"2026-07-17 23:45:00",249940,73.16846,51.50192,4.165,1.483494,143.9373,22.47346,30.14,0,0,0.004,0,0
"2026-07-18 00:00:00",249941,73.3921,50.64132,4.384,2.161306,190.0685,20.44608,30.15,0,0,0.004,0,0
"2026-07-18 00:15:00",249942,73.40546,51.94299,8.33,2.820372,188.298,27.99297,30.16,0,0,0,0,0
"2026-07-18 00:30:00",249943,72.88892,54.73945,11.84,4.506266,150.3258,25.43429,30.16,0,0,0,0,0
"2026-07-18 00:45:00",249944,73.75561,51.28393,11.18,4.147262,148.7202,24.09076,30.16,0,0,0,0,0
"2026-07-18 01:00:00",249945,74.6337,48.64721,6.576,2.447974,163.2442,21.24325,30.16,0,0,0,0,0
"2026-07-18 01:15:00",249946,74.26777,49.11962,5.699,2.00519,153.4627,25.01298,30.16,0,0,0,0,0
"2026-07-18 01:30:00",249947,71.24038,58.22651,6.576,2.376615,291.3962,17.41724,30.16,0,0,0,0,0
"2026-07-18 01:45:00",249948,69.16214,61.66996,4.165,1.494697,37.79855,17.1762,30.16,0,0,0,0,0
"2026-07-18 02:00:00",249949,67.56719,64.21413,3.288,1.028048,324.0781,19.29007,30.16,0,0,0,0,0
"2026-07-18 02:15:00",249950,66.81403,66.01391,3.288,0.4812655,91.51693,20.9744,30.15,0,0,0,0,0
"2026-07-18 02:30:00",249951,67.26059,65.25689,3.288,0.880453,98.24459,6.243115,30.15,0,0,0,0,0
"2026-07-18 02:45:00",249952,66.92551,65.88972,0,0,0,0,30.16,0,0,0,0,0
"2026-07-18 03:00:00",249953,66.89462,65.08771,2.411,0.9798228,125.5388,10.17414,30.16,0,0,0,0,0
"2026-07-18 03:15:00",249954,66.4622,64.94955,2.63,1.007343,110.2674,10.07012,30.15,0,0,0,0,0
"2026-07-18 03:30:00",249955,66.10448,65.84971,2.63,0.5026972,102.8081,39.55207,30.15,0,0,0,0,0
"2026-07-18 03:45:00",249956,65.45982,68.01144,2.411,0.4552049,16.90833,19.39575,30.16,0,0,0,0,0
"2026-07-18 04:00:00",249957,64.37939,69.42574,3.946,1.198048,26.85479,31.53159,30.16,0,0,0,0,0
"2026-07-18 04:15:00",249958,64.661,68.52538,3.288,1.85053,90.79999,25.62678,30.16,0,0,0,0,0
"2026-07-18 04:30:00",249959,65.96833,65.3122,2.192,0.8300363,104.0629,25.34323,30.16,0,0,0,0,0
"2026-07-18 04:45:00",249960,66.09627,64.85564,6.138,2.456259,294.6584,15.39237,30.16,0,0,0,0,0
"2026-07-18 05:00:00",249961,63.83754,69.69327,3.507,1.321529,40.02588,29.34379,30.16,0,0,0,0,0
"2026-07-18 05:15:00",249962,62.80136,72.43594,1.315,0.2350307,59.25366,26.28653,30.16,0,0,0,0,0
"2026-07-18 05:30:00",249963,63.16627,71.86336,2.411,0.5976844,106.6726,7.264751,30.16,0,0,0,0,0
"2026-07-18 05:45:00",249964,63.32132,70.90816,1.315,0.2494006,58.44727,12.60118,30.16,0,0,0,0,0
"2026-07-18 06:00:00",249965,62.88134,71.91549,1.754,0.1936266,328.427,9.54978,30.16,0,0,0,0,0
"2026-07-18 06:15:00",249966,63.40802,70.76242,3.946,1.774297,107.2015,21.69,30.16,0.004,0,0,0,0
"2026-07-18 06:30:00",249967,63.97567,69.44527,3.726,1.305944,277.2432,18.53887,30.16,0.01,0,0,0,0
"2026-07-18 06:45:00",249968,63.88284,70.22247,2.192,0.1855892,308.0125,15.29539,30.16,0.018,0,0,0,0
"2026-07-18 07:00:00",249969,64.33413,69.49412,2.411,0.8200514,46.10509,6.168643,30.16,0.039,0,0,0,0
"2026-07-18 07:15:00",249970,65.21568,68.06192,0,0,0,0,30.16,0.08,0,0,0,0
"2026-07-18 07:30:00",249971,66.75282,64.68896,3.069,0.3563213,272.1739,20.61133,30.16,0.074,0,0,0,0
"2026-07-18 07:45:00",249972,65.87241,67.22542,3.288,1.2017,297.1609,15.73361,30.16,0.176,0,0,0,0
"2026-07-18 08:00:00",249973,66.08149,66.9538,1.534,0.3122374,81.60493,17.84006,30.16,0.075,0,0,0,0
"2026-07-18 08:15:00",249974,67.16872,64.51416,1.534,0.07842492,213.8615,1.454198,30.17,0.101,0,0,0,0
"2026-07-18 08:30:00",249975,68.43488,62.94834,2.411,0.4157483,188.1146,15.93346,30.17,0.342,0,0,0,0
"2026-07-18 08:45:00",249976,72.13939,55.79811,2.192,0.3253897,89.82338,37.15279,30.17,0.363,0,0,0,0
"2026-07-18 09:00:00",249977,73.51254,52.19058,3.069,0.4525257,262.2816,26.16313,30.17,0.398,0,0,0,0
"2026-07-18 09:15:00",249978,75.69477,48.92863,3.288,0.7830303,263.5068,19.63944,30.16,0.443,0,0,0,0
"2026-07-18 09:30:00",249979,76.65172,47.53317,4.603,1.65301,282.7149,26.08146,30.17,0.484,0,0,0,0
"2026-07-18 09:45:00",249980,78.15646,45.97673,4.603,2.251428,273.5357,27.19671,30.17,0.513,0,0,0,0
"2026-07-18 10:00:00",249981,79.06255,44.43842,4.822,1.686133,251.2491,26.72006,30.17,0.161,0,0,0,0
"2026-07-18 10:15:00",249982,79.15262,43.92364,6.138,1.864902,221.1472,32.53186,30.17,0.618,0,0,0,0
"2026-07-18 10:30:00",249983,80.73808,41.99899,6.138,2.473547,220.1624,42.56217,30.16,0.656,0,0,0,0
"2026-07-18 10:45:00",249984,81.64282,39.87828,8.77,2.834009,186.0942,31.05704,30.16,0.1,0,0,0,0
"2026-07-18 11:00:00",249985,79.93415,42.36578,6.576,2.638926,162.7284,23.94114,30.16,0.173,0,0,0,0
"2026-07-18 11:15:00",249986,79.80414,42.25031,4.822,2.009331,186.8968,27.36487,30.16,0.322,0,0,0,0
"2026-07-18 11:30:00",249987,80.62791,40.9169,7.014,2.935086,178.5298,34.47869,30.16,0.281,0,0,0,0
"2026-07-18 11:45:00",249988,80.75426,40.68551,6.576,2.219031,165.1572,37.71764,30.16,0.385,0,0,0,0
"2026-07-18 12:00:00",249989,82.25495,38.27755,6.138,1.56947,167.5157,23.44962,30.16,0.43,0,0,0,0
"2026-07-18 12:15:00",249990,83.2086,36.60498,5.261,1.491534,148.4631,32.00822,30.16,0.276,0,0,0,0
"2026-07-18 12:30:00",249991,82.99939,37.00573,12.06,4.524042,97.42096,21.94743,30.15,0.297,0,0,0,0
"2026-07-18 12:45:00",249992,83.05318,37.78458,16.22,5.638794,88.43325,18.18601,30.15,0.343,0,0,0,0
"2026-07-18 13:00:00",249993,82.66547,37.34383,16.44,7.97839,82.50089,18.78614,30.15,0.388,0,0,0,0
"2026-07-18 13:15:00",249994,83.62727,35.58734,15.34,6.882634,83.76085,20.8669,30.15,0.298,0,0,0,0
"2026-07-18 13:30:00",249995,83.79002,35.50719,11.18,5.576688,88.61786,22.3799,30.15,0.312,0,0,0,0
"2026-07-18 13:45:00",249996,83.88267,35.38583,10.3,5.528718,93.43317,19.77855,30.15,0.247,0,0,0,0
"2026-07-18 14:00:00",249997,84.08588,34.79189,8.11,3.595121,86.71304,26.77873,30.14,0.222,0,0,0,0
"2026-07-18 14:15:00",249998,83.59942,36.94407,11.18,4.96951,111.0118,40.15899,30.14,0.274,0,0,0,0
"2026-07-18 14:30:00",249999,82.97602,38.94373,7.672,3.408797,135.2603,21.80078,30.14,0.32,0,0,0,0
"2026-07-18 14:45:00",250000,84.75697,35.85382,8.55,2.988909,150.2724,23.72671,30.13,0.424,0,0,0,0
"2026-07-18 15:00:00",250001,85.53265,33.84699,10.52,5.065218,181.2558,25.13953,30.13,0.348,0,0,0,0
"2026-07-18 15:15:00",250002,85.5518,32.72105,7.014,3.226135,137.7437,29.60237,30.13,0.305,0,0,0,0
"2026-07-18 15:30:00",250003,86.20835,31.48311,3.726,1.001012,155.5177,49.56079,30.12,0.269,0,0,0,0
"2026-07-18 15:45:00",250004,86.20442,33.87975,7.672,2.592647,274.8566,31.56113,30.11,0.299,0,0,0,0
"2026-07-18 16:00:00",250005,86.32777,32.92294,4.384,0.7540476,207.1245,17.79782,30.11,0.304,0,0,0,0
"2026-07-18 16:15:00",250006,87.06093,32.54996,3.726,1.407992,182.4483,25.63616,30.11,0.338,0,0,0,0
"2026-07-18 16:30:00",250007,87.73758,32.04922,3.726,1.088935,66.51019,45.60477,30.11,0.283,0,0,0,0
"2026-07-18 16:45:00",250008,87.85822,31.88356,4.384,1.625734,278.1946,30.55617,30.11,0.291,0,0,0,0
"2026-07-18 17:00:00",250009,89.21111,31.13082,14.03,2.58802,330.4437,57.03002,30.11,0.208,0,0,0,0
"2026-07-18 17:15:00",250010,84.4179,38.17733,16.88,5.301476,349.8534,50.27231,30.12,0.613,0,0,0,0
"2026-07-18 17:30:00",250011,82.48304,39.44576,19.29,4.927371,351.3958,48.79836,30.13,0.096,0,0,0,0
"2026-07-18 17:45:00",250012,79.22367,43.29165,16,4.172346,3.344845,48.12468,30.13,0.094,0,0,0,0
"2026-07-18 18:00:00",250013,78.23851,44.53978,16.66,6.787403,29.49578,24.12104,30.12,0.128,0,0,0,0
"2026-07-18 18:15:00",250014,79.53838,41.36656,12.93,4.684303,21.1272,28.10932,30.11,0.175,0,0,0,0
"2026-07-18 18:30:00",250015,81.1768,38.5633,12.49,4.605151,29.65149,26.01993,30.11,0.159,0,0,0,0
"2026-07-18 18:45:00",250016,82.55395,37.31259,14.47,4.633888,21.11482,36.41447,30.1,0.158,0,0,0,0
"2026-07-18 19:00:00",250017,83.1677,35.2761,13.59,5.732564,31.04334,24.86333,30.1,0.141,0,0,0,0
"2026-07-18 19:15:00",250018,83.57184,33.98133,7.453,1.771621,349.8878,45.59521,30.09,0.256,0,0,0,0
"2026-07-18 19:30:00",250019,85.0629,32.20876,11.18,3.953393,326.9035,27.23205,30.09,0.245,0,0,0,0
"2026-07-18 19:45:00",250020,85.06004,32.55517,11.62,5.140975,314.7522,24.27073,30.09,0.114,0,0,0,0
"2026-07-18 20:00:00",250021,82.96379,36.16174,10.74,5.616635,303.754,20.90268,30.09,0.071,0,0,0,0
"2026-07-18 20:15:00",250022,81.7515,37.94209,6.576,1.776001,358.3006,41.86684,30.1,0.101,0,0,0,0
"2026-07-18 20:30:00",250023,80.07081,42.0848,8.11,4.277082,44.5712,17.93673,30.11,0.052,0,0,0,0
"2026-07-18 20:45:00",250024,79.33601,42.54012,10.74,3.693035,35.00154,22.34486,30.11,0.031,0,0,0,0
"2026-07-18 21:00:00",250025,78.74563,42.72185,5.918,1.002716,17.99912,27.44037,30.11,0.001,0,0,0,0
"2026-07-18 21:15:00",250026,77.69512,44.33955,3.069,0.6688022,339.1277,16.85342,30.11,0,0,0,0,0
"2026-07-18 21:30:00",250027,77.13014,46.51189,4.165,1.024393,39.63431,31.03541,30.11,0,0,0,0,0
"2026-07-18 21:45:00",250028,76.42346,48.98438,4.603,1.962809,49.0045,17.09543,30.11,0,0,0,0,0
"2026-07-18 22:00:00",250029,76.37008,49.25645,3.507,1.434539,48.91856,18.65531,30.11,0,0,0,0,0
"2026-07-18 22:15:00",250030,76.21508,49.50127,1.973,0.5818525,329.9649,48.48764,30.12,0,0,0,0,0
"2026-07-18 22:30:00",250031,75.83376,50.19537,1.973,0.3453608,28.24542,28.3064,30.13,0,0,0,0,0
"2026-07-18 22:45:00",250032,75.26511,51.24841,3.069,1.434543,283.4663,14.7826,30.13,0,0,0,0,0
"2026-07-18 23:00:00",250033,74.1282,52.94611,1.973,0.1473512,107.1986,8.335237,30.13,0,0,0,0,0
"2026-07-18 23:15:00",250034,73.55563,53.13667,2.411,0.5163367,148.8227,18.4675,30.13,0,0,0,0,0
"2026-07-18 23:30:00",250035,73.20128,54.8219,2.85,0.990052,239.8756,15.39998,30.13,0,0,0,0,0
"2026-07-18 23:45:00",250036,72.93762,55.43505,2.85,1.15908,115.6028,10.08685,30.13,0,0,0,0,0
"2026-07-19 00:00:00",250037,73.12617,53.4242,3.507,1.132775,156.5472,10.98542,30.13,0,0,0,0,0
"2026-07-19 00:15:00",250038,72.40841,55.59044,0,0,0,0,30.13,0,0,0,0,0
"2026-07-19 00:30:00",250039,71.22089,58.2408,0,0,0,0,30.13,0,0,0,0,0
"2026-07-19 00:45:00",250040,70.91128,58.50522,0,0,0,0,30.14,0,0,0,0,0
"2026-07-19 01:00:00",250041,70.30345,58.63219,1.534,0.1334685,110.4401,2.190435,30.14,0,0,0,0,0
"2026-07-19 01:15:00",250042,69.66473,58.88642,1.973,0.1456463,134.83,2.720388,30.14,0,0,0,0,0
"2026-07-19 01:30:00",250043,68.78791,58.90696,2.411,0.7111798,116.9917,8.772272,30.14,0,0,0,0,0
"2026-07-19 01:45:00",250044,68.04265,59.91945,2.411,0.2384407,129.417,7.166563,30.14,0,0,0,0,0
"2026-07-19 02:00:00",250045,68.06023,60.31328,1.534,0.03093156,113.7613,0.219762,30.14,0,0,0,0,0
"2026-07-19 02:15:00",250046,68.09705,59.38008,3.288,0.9162554,103.3322,8.171859,30.14,0,0,0,0,0
"2026-07-19 02:30:00",250047,68.3054,59.27934,2.411,0.8556095,98.74184,8.150251,30.14,0,0,0,0,0
"2026-07-19 02:45:00",250048,68.74109,58.83712,1.973,0.4232987,92.8895,8.458078,30.14,0,0,0,0,0
"2026-07-19 03:00:00",250049,68.79972,59.59826,2.411,0.458614,102.7296,7.540137,30.14,0,0,0,0,0
"2026-07-19 03:15:00",250050,68.62416,60.26289,4.165,1.165657,277.0598,35.37178,30.14,0,0,0,0,0
"2026-07-19 03:30:00",250051,67.15128,61.41866,2.192,0.6446906,268.1066,16.46996,30.14,0,0,0,0,0
"2026-07-19 03:45:00",250052,66.3933,63.29207,3.069,0.9462118,245.9953,13.75768,30.14,0,0,0,0,0
"2026-07-19 04:00:00",250053,66.13301,64.05677,3.507,1.55875,64.64296,10.84039,30.14,0,0,0,0,0
"2026-07-19 04:15:00",250054,65.7348,65.71284,1.754,0.2652316,100.5714,19.81073,30.14,0,0,0,0,0
"2026-07-19 04:30:00",250055,66.01501,65.93053,3.288,0.6663662,103.5211,7.605789,30.14,0,0,0,0,0
"2026-07-19 04:45:00",250056,65.91399,65.3942,3.288,1.49494,112.7533,8.726874,30.14,0,0,0,0,0
"2026-07-19 05:00:00",250057,65.22468,66.55743,4.165,1.028778,350.2335,25.87153,30.15,0,0,0,0,0
"2026-07-19 05:15:00",250058,64.00706,67.99766,3.507,1.803039,69.06702,20.80302,30.15,0,0,0,0,0
"2026-07-19 05:30:00",250059,64.20519,67.51894,2.192,0.9710546,105.074,8.322946,30.15,0,0,0,0,0
"2026-07-19 05:45:00",250060,64.59124,66.42782,2.192,0.2021511,119.4593,32.35854,30.15,0,0,0,0,0
"2026-07-19 06:00:00",250061,63.7014,68.40529,3.946,1.677605,307.3409,36.17072,30.15,0.001,0,0,0,0
"2026-07-19 06:15:00",250062,61.87896,71.6853,3.069,1.59723,93.67475,64.12575,30.15,0.003,0,0,0,0
"2026-07-19 06:30:00",250063,61.52781,73.20775,2.192,0.8887332,228.4652,34.15817,30.16,0.01,0,0,0,0
"2026-07-19 06:45:00",250064,62.36467,71.60992,1.534,0.2800883,251.605,18.54268,30.16,0.018,0,0,0,0
"2026-07-19 07:00:00",250065,63.17416,69.04636,3.946,1.543165,115.8301,9.586818,30.16,0.076,0,0,0,0
"2026-07-19 07:15:00",250066,64.95297,65.5159,2.63,0.4610497,116.3281,6.086309,30.16,0.093,0,0,0,0
"2026-07-19 07:30:00",250067,65.01387,66.67865,5.918,2.440671,271.1182,14.37587,30.17,0.16,0,0,0,0
"2026-07-19 07:45:00",250068,65.35217,67.5659,2.411,0.528758,246.2254,51.06953,30.17,0.042,0,0,0,0
"2026-07-19 08:00:00",250069,65.57996,66.96713,1.973,0.2437988,107.1704,9.306481,30.16,0.246,0,0,0,0
"2026-07-19 08:15:00",250070,68.1939,62.2601,0.658,0.01193422,320.4104,0.4800201,30.16,0.274,0,0,0,0
"2026-07-19 08:30:00",250071,72.12507,56.06874,1.096,0.01997156,54.6209,0.7771376,30.16,0.317,0,0,0,0
"2026-07-19 08:45:00",250072,74.62197,50.78595,1.096,0.04432712,128.0363,8.267519,30.16,0.358,0,0,0,0
"2026-07-19 09:00:00",250073,76.24608,47.30858,3.288,0.6347051,268.9225,16.744,30.16,0.401,0,0,0,0
"2026-07-19 09:15:00",250074,77.08056,47.26984,7.453,3.840138,282.6955,24.74156,30.16,0.446,0,0,0,0
"2026-07-19 09:30:00",250075,76.9515,47.37701,7.453,3.057105,282.2761,29.83542,30.16,0.484,0,0,0,0
"2026-07-19 09:45:00",250076,77.75896,45.34965,2.63,0.5426406,115.5023,29.47177,30.16,0.527,0,0,0,0
"2026-07-19 10:00:00",250077,79.23236,44.31986,3.726,1.236042,320.4846,52.29755,30.16,0.566,0,0,0,0
"2026-07-19 10:15:00",250078,80.47102,42.53461,3.946,1.681508,268.9037,42.88722,30.15,0.606,0,0,0,0
"2026-07-19 10:30:00",250079,81.67963,40.53449,4.384,1.008318,215.4191,30.48147,30.15,0.639,0,0,0,0
"2026-07-19 10:45:00",250080,82.74358,38.59129,5.261,1.252117,187.4615,36.34747,30.15,0.673,0,0,0,0
"2026-07-19 11:00:00",250081,84.1568,37.02301,5.699,1.959158,298.4109,47.07466,30.14,0.709,0,0,0,0
"2026-07-19 11:15:00",250082,85.41284,35.33406,7.014,2.409982,279.5417,57.73316,30.14,0.746,0,0,0,0
"2026-07-19 11:30:00",250083,86.60611,34.10556,6.576,1.913371,319.9999,55.32405,30.13,0.769,0,0,0,0
"2026-07-19 11:45:00",250084,87.96798,32.48045,6.138,2.195896,325.0523,64.13655,30.13,0.792,0,0,0,0
"2026-07-19 12:00:00",250085,88.02571,32.10604,6.138,1.718769,5.316307,64.42696,30.13,0.819,0,0,0,0
"2026-07-19 12:15:00",250086,88.69693,31.35655,7.672,2.581198,315.3368,43.16938,30.12,0.732,0,0,0,0
"2026-07-19 12:30:00",250087,89.85842,29.43968,7.891,3.076837,329.0089,34.17991,30.11,0.861,0,0,0,0
"2026-07-19 12:45:00",250088,90.35316,28.27404,8.33,1.579212,134.131,81.54186,30.11,0.88,0,0,0,0
"2026-07-19 13:00:00",250089,90.78652,26.86584,9.21,3.068311,25.38399,56.43861,30.11,0.908,0,0,0,0
"2026-07-19 13:15:00",250090,91.47268,25.49621,5.699,1.946494,350.1824,44.17788,30.1,0.949,0,0,0,0
"2026-07-19 13:30:00",250091,91.35219,25.98933,5.918,1.427234,196.2505,20.99444,30.1,0.988,0,0,0,0
"2026-07-19 13:45:00",250092,92.50973,25.37689,11.62,3.324289,231.6823,50.39487,30.09,0.334,0,0,0,0
"2026-07-19 14:00:00",250093,90.68423,28.59426,16.22,7.608429,265.6407,23.68458,30.09,0.281,0,0,0,0
"2026-07-19 14:15:00",250094,88.77993,33.09916,19.73,10.37718,273.2876,18.39134,30.08,0.498,0,0,0,0
"2026-07-19 14:30:00",250095,89.48728,31.38161,18.85,10.29704,279.5175,19.96035,30.08,1.008,0,0,0,0
"2026-07-19 14:45:00",250096,93.11411,26.63618,15.56,6.464703,285.0818,33.10051,30.08,1.065,0,0,0,0
"2026-07-19 15:00:00",250097,93.87798,26.46736,10.96,5.910609,261.0767,26.74901,30.07,0.982,0,0,0,0
"2026-07-19 15:15:00",250098,94.81886,25.7159,12.71,4.720345,280.0219,37.98435,30.07,0.95,0,0,0,0
"2026-07-19 15:30:00",250099,94.51319,25.21206,9.64,5.199181,277.9203,26.37091,30.07,0.446,0,0,0,0
"2026-07-19 15:45:00",250100,93.18218,26.24495,13.15,6.68048,283.7271,25.66827,30.07,0.374,0,0,0,0
"2026-07-19 16:00:00",250101,92.50783,25.46451,10.08,5.883803,284.9657,20.19183,30.07,0.297,0,0,0,0
"2026-07-19 16:15:00",250102,92.38353,24.58332,9.64,3.382255,287.6486,23.69772,30.06,0.287,0,0,0,0
"2026-07-19 16:30:00",250103,91.15607,27.30409,16,5.650974,217.7513,30.725,30.06,0.572,0,0,0,0
"2026-07-19 16:45:00",250104,91.46826,28.78801,14.03,5.746935,213.5108,31.06017,30.05,0.587,0,0,0,0
"2026-07-19 17:00:00",250105,91.41264,28.02175,12.06,4.100739,172.7225,29.44273,30.05,0.28,0,0,0,0
"2026-07-19 17:15:00",250106,90.8289,28.01805,9.43,3.556154,154.1407,29.11346,30.05,0.27,0,0,0,0
"2026-07-19 17:30:00",250107,90.28796,28.32778,7.014,2.722704,164.2245,27.79055,30.06,0.155,0,0,0,0
"2026-07-19 17:45:00",250108,90.21976,28.51826,10.74,3.062466,202.484,28.14442,30.06,0.112,0,0,0,0
"2026-07-19 18:00:00",250109,88.71159,30.86373,19.29,7.356358,244.8498,29.0397,30.07,0.054,0,0,0,0
"2026-07-19 18:15:00",250110,83.22014,38.81747,24.77,11.61808,258.9487,17.89935,30.07,0.049,0,0,0,0
"2026-07-19 18:30:00",250111,81.14481,40.02077,19.73,8.641841,267.4959,19.2969,30.07,0.047,0,0,0,0
"2026-07-19 18:45:00",250112,81.08694,40.34476,12.93,5.704559,230.0023,82.51301,30.07,0.049,0,0,0,0
"2026-07-19 19:00:00",250113,81.89075,38.61807,8.33,4.118031,143.8729,19.21266,30.07,0.04,0,0,0,0
"2026-07-19 19:15:00",250114,82.75065,37.20648,5.918,2.767761,135.9107,18.69708,30.06,0.045,0,0,0,0
"2026-07-19 19:30:00",250115,84.2701,34.65513,10.3,4.075897,108.2747,24.08782,30.06,0.043,0,0,0,0
"2026-07-19 19:45:00",250116,84.34087,35.11135,5.261,2.240465,19.02651,53.78715,30.07,0.037,0,0,0,0
"2026-07-19 20:00:00",250117,82.29801,38.7897,7.014,3.050778,312.8941,18.1993,30.07,0.032,0,0,0,0
"2026-07-19 20:15:00",250118,81.41909,39.94273,5.48,2.370041,330.104,19.44526,30.07,0.02,0,0,0,0
"2026-07-19 20:30:00",250119,80.74502,41.21048,4.384,1.815706,33.3513,35.78374,30.08,0.014,0,0,0,0
"2026-07-19 20:45:00",250120,80.60754,40.90075,4.822,2.504481,75.53075,17.21801,30.08,0.005,0,0,0,0
"2026-07-19 21:00:00",250121,80.47636,40.62174,2.85,0.7545331,80.83401,17.35859,30.09,0.001,0,0,0,0
"2026-07-19 21:15:00",250122,80.25626,41.13152,4.384,1.699774,106.0565,10.09126,30.09,0,0,0,0,0
"2026-07-19 21:30:00",250123,79.49292,41.44157,3.946,0.9795797,163.0623,41.7533,30.09,0,0,0,0,0
"2026-07-19 21:45:00",250124,79.47988,41.42481,4.384,1.144466,150.12,34.34519,30.09,0,0,0,0,0
"2026-07-19 22:00:00",250125,80.17105,41.01041,7.453,2.139632,160.0477,29.88952,30.09,0,0,0,0,0
"2026-07-19 22:15:00",250126,79.98694,41.16646,4.822,1.596749,191.8268,45.26011,30.09,0,0,0,0,0
"2026-07-19 22:30:00",250127,77.79469,45.31161,5.042,2.143041,270.4434,19.98892,30.09,0,0,0,0,0
"2026-07-19 22:45:00",250128,76.365,47.5783,3.507,1.465956,245.6475,35.3765,30.09,0,0,0,0,0
"2026-07-19 23:00:00",250129,76.60679,47.46083,2.192,0.6169248,154.2992,18.68523,30.09,0,0,0,0,0
"2026-07-19 23:15:00",250130,76.41299,47.65395,5.918,1.044365,64.45906,14.72283,30.1,0,0,0,0,0
"2026-07-19 23:30:00",250131,76.49969,47.14945,5.918,2.371009,82.15755,28.45591,30.1,0,0,0,0,0
"2026-07-19 23:45:00",250132,76.5331,47.00407,5.261,1.575802,318.2929,82.01784,30.1,0,0,0,0,0
"2026-07-20 00:00:00",250133,76.1882,47.89712,2.85,0.5825839,325.784,50.00078,30.11,0,0,0,0,0
"2026-07-20 00:15:00",250134,75.63885,48.91359,2.411,0.5053765,10.76812,33.7157,30.11,0,0,0,0,0
"2026-07-20 00:30:00",250135,74.88969,50.16965,2.63,0.9915136,101.4171,43.33843,30.11,0,0,0,0,0
"2026-07-20 00:45:00",250136,74.51205,50.56401,5.699,1.658855,191.1434,22.76303,30.11,0,0,0,0,0
"2026-07-20 01:00:00",250137,74.07331,51.17761,4.165,1.733627,181.1113,19.66693,30.1,0,0,0,0,0
"2026-07-20 01:15:00",250138,73.34383,52.20787,2.85,0.44254,320.7074,5.780186,30.1,0,0,0,0,0
"2026-07-20 01:30:00",250139,72.33978,54.256,3.726,1.103306,52.8642,26.59373,30.11,0,0,0,0,0
"2026-07-20 01:45:00",250140,72.01525,54.33021,4.603,2.12161,341.7657,79.27151,30.1,0,0,0,0,0
"2026-07-20 02:00:00",250141,71.98719,53.02485,4.603,0.4941736,41.41431,8.817782,30.11,0,0,0,0,0
"2026-07-20 02:15:00",250142,71.04068,54.46679,2.411,0.6863385,71.5857,14.8097,30.11,0,0,0,0,0
"2026-07-20 02:30:00",250143,70.80019,54.62774,2.63,0.7389461,118.3591,16.38873,30.11,0,0,0,0,0
"2026-07-20 02:45:00",250144,70.29594,54.43673,4.603,1.14739,124.6821,7.330436,30.11,0,0,0,0,0
"2026-07-20 03:00:00",250145,69.14316,54.83041,3.946,1.645951,110.727,10.54521,30.1,0,0,0,0,0
"2026-07-20 03:15:00",250146,69.32755,55.11179,3.726,1.176128,97.36633,30.22884,30.11,0,0,0,0,0
"2026-07-20 03:30:00",250147,69.42857,55.22953,5.699,1.470344,288.3388,67.31287,30.11,0,0,0,0,0
"2026-07-20 03:45:00",250148,68.62442,57.28366,5.261,1.351242,16.99606,45.27091,30.11,0,0,0,0,0
"2026-07-20 04:00:00",250149,66.94379,60.33043,2.85,1.434785,29.83377,27.93118,30.11,0,0,0,0,0
"2026-07-20 04:15:00",250150,66.54422,62.5588,2.411,0.6617373,350.7481,61.9095,30.11,0,0,0,0,0
"2026-07-20 04:30:00",250151,66.3705,62.72744,2.192,0.3000598,26.64189,30.07228,30.11,0,0,0,0,0
"2026-07-20 04:45:00",250152,65.9086,63.21972,3.288,0.481509,79.2672,9.518562,30.1,0,0,0,0,0
"2026-07-20 05:00:00",250153,66.09494,62.02458,3.069,1.041198,98.73827,7.676702,30.1,0,0,0,0,0
"2026-07-20 05:15:00",250154,66.19005,60.95353,4.822,1.417006,184.5372,27.47953,30.11,0,0,0,0,0
"2026-07-20 05:30:00",250155,65.41644,62.72453,6.795,2.770193,206.6087,26.87086,30.12,0,0,0,0,0
"2026-07-20 05:45:00",250156,64.60918,63.53178,3.069,0.912602,145.6189,25.74667,30.12,0,0,0,0,0
"2026-07-20 06:00:00",250157,64.81814,63.25305,2.63,1.055081,71.63274,13.8868,30.12,0,0,0,0,0
"2026-07-20 06:15:00",250158,65.57069,61.13326,3.069,0.8049503,116.4767,11.15017,30.12,0.002,0,0,0,0
"2026-07-20 06:30:00",250159,66.32289,59.26409,3.069,1.488848,115.3144,12.7687,30.12,0.01,0,0,0,0
"2026-07-20 06:45:00",250160,66.67127,59.0315,3.069,0.1933831,329.4714,4.012051,30.12,0.036,0,0,0,0
"2026-07-20 07:00:00",250161,67.52885,58.94381,1.754,0.3146732,85.79221,4.533052,30.13,0.104,0,0,0,0
"2026-07-20 07:15:00",250162,70.00231,55.47394,0,0,0,0,30.13,0.165,0,0,0,0
"2026-07-20 07:30:00",250163,71.58056,52.36368,2.192,0.2330825,312.2946,7.968431,30.13,0.196,0,0,0,0
"2026-07-20 07:45:00",250164,72.5768,52.41957,3.069,0.7859521,289.4745,15.68717,30.14,0.17,0,0,0,0
"2026-07-20 08:00:00",250165,72.45948,53.20183,2.63,0.9274582,198.3768,10.76048,30.14,0.273,0,0,0,0
"2026-07-20 08:15:00",250166,73.58671,51.94153,1.973,0.4352326,184.1499,44.01579,30.13,0.295,0,0,0,0
"2026-07-20 08:30:00",250167,75.89161,48.29638,5.042,1.318853,261.9128,21.26622,30.14,0.332,0,0,0,0
"2026-07-20 08:45:00",250168,76.80247,47.60847,4.822,1.632064,268.9216,24.64873,30.14,0.383,0,0,0,0
"2026-07-20 09:00:00",250169,77.36516,46.45989,5.042,2.311829,286.8943,24.96926,30.14,0.514,0,0,0,0
"2026-07-20 09:15:00",250170,78.65596,44.25201,4.165,1.221429,298.1951,25.03857,30.13,0.608,0,0,0,0
"2026-07-20 09:30:00",250171,79.44279,41.63319,3.069,0.4313363,115.1195,26.44322,30.14,0.228,0,0,0,0
"2026-07-20 09:45:00",250172,79.19894,42.0205,3.946,0.6239886,52.27291,41.64407,30.14,0.342,0,0,0,0
"2026-07-20 10:00:00",250173,80.86714,39.40719,6.138,2.130866,55.94172,29.29337,30.14,0.825,0,0,0,0
"2026-07-20 10:15:00",250174,82.95959,36.74007,5.261,1.549256,56.74248,34.47139,30.13,0.745,0,0,0,0
"2026-07-20 10:30:00",250175,84.72518,34.53317,6.138,1.565817,158.4218,36.66864,30.13,0.689,0,0,0,0
"2026-07-20 10:45:00",250176,84.63268,34.43076,7.234,1.545846,80.07027,77.57007,30.13,0.676,0,0,0,0
"2026-07-20 11:00:00",250177,86.10797,33.21146,10.08,2.538578,257.6469,30.90038,30.12,0.71,0,0,0,0
"2026-07-20 11:15:00",250178,87.19446,32.22416,8.33,3.669404,278.1686,23.1597,30.12,0.744,0,0,0,0
"2026-07-20 11:30:00",250179,87.80782,30.0814,7.453,2.5566,239.979,33.59524,30.12,0.771,0,0,0,0
"2026-07-20 11:45:00",250180,88.63268,29.42255,4.165,1.317391,341.7934,49.10017,30.11,0.794,0,0,0,0
"2026-07-20 12:00:00",250181,88.86293,29.04724,5.042,1.663969,21.65912,46.15907,30.11,0.821,0,0,0,0
"2026-07-20 12:15:00",250182,90.8482,27.46915,7.014,1.83373,272.5018,53.06741,30.11,0.763,0,0,0,0
"2026-07-20 12:30:00",250183,91.27774,25.54556,6.138,2.365653,246.8135,47.659,30.11,0.86,0,0,0,0
"2026-07-20 12:45:00",250184,91.84544,24.15525,5.918,2.33862,233.9377,69.1763,30.1,0.908,0,0,0,0
"2026-07-20 13:00:00",250185,92.46654,23.68047,8.33,2.829382,251.681,57.8367,30.09,0.943,0,0,0,0
"2026-07-20 13:15:00",250186,92.6521,23.81465,7.234,2.082885,238.7561,61.20696,30.09,0.829,0,0,0,0
"2026-07-20 13:30:00",250187,92.607,23.66296,8.11,2.722463,334.0195,89.06522,30.09,1.135,0,0,0,0
"2026-07-20 13:45:00",250188,92.79162,23.72258,8.11,3.186924,174.3129,46.69625,30.08,1.101,0,0,0,0
"2026-07-20 14:00:00",250189,92.86687,23.7431,7.014,3.259261,173.716,48.00533,30.07,0.993,0,0,0,0
"2026-07-20 14:15:00",250190,93.75735,22.40124,7.014,2.505939,55.31462,53.66673,30.07,0.524,0,0,0,0
"2026-07-20 14:30:00",250191,94.88922,21.0941,7.234,2.405106,18.54171,55.37798,30.07,0.865,0,0,0,0
"2026-07-20 14:45:00",250192,95.92559,21.12949,8.11,2.874439,176.935,41.20307,30.07,0.399,0,0,0,0
"2026-07-20 15:00:00",250193,95.48627,21.68367,14.25,5.091046,228.8429,38.554,30.06,0.279,0,0,0,0
"2026-07-20 15:15:00",250194,95.14665,22.56652,11.62,3.390781,193.8941,44.21043,30.06,1.05,0,0,0,0
"2026-07-20 15:30:00",250195,95.0502,23.26628,13.59,4.812412,203.8733,38.02142,30.05,0.99,0,0,0,0
"2026-07-20 15:45:00",250196,96.64287,22.46117,14.03,5.123436,215.3584,30.9385,30.05,0.817,0,0,0,0
"2026-07-20 16:00:00",250197,96.43624,22.39392,11.4,5.188712,226.8631,34.3615,30.05,0.813,0,0,0,0
"2026-07-20 16:15:00",250198,96.27499,21.88103,6.138,1.852237,235.9709,60.9542,30.04,0.894,0,0,0,0
"2026-07-20 16:30:00",250199,96.46341,22.05567,8.99,3.174502,340.535,77.43909,30.04,0.716,0,0,0,0
"2026-07-20 16:45:00",250200,96.15749,22.30593,11.62,3.31966,241.3289,43.6696,30.03,0.639,0,0,0,0
"2026-07-20 17:00:00",250201,96.1477,21.93521,10.08,3.658201,235.4539,36.63353,30.03,0.616,0,0,0,0
"2026-07-20 17:15:00",250202,96.39481,21.86827,6.138,1.665675,51.00161,85.66355,30.02,0.561,0,0,0,0
"2026-07-20 17:30:00",250203,96.43909,21.79167,5.918,2.708826,311.3671,55.29794,30.01,0.525,0,0,0,0
"2026-07-20 17:45:00",250204,96.95123,20.67999,8.99,3.624106,355.0097,65.81447,30.01,0.49,0,0,0,0
"2026-07-20 18:00:00",250205,97.37372,20.31313,8.11,2.546131,279.789,37.28507,30.01,0.454,0,0,0,0
"2026-07-20 18:15:00",250206,96.80547,20.30981,7.014,1.429425,230.623,78.93431,30.01,0.416,0,0,0,0
"2026-07-20 18:30:00",250207,96.87788,20.90995,7.453,2.740483,307.9048,38.64055,30.01,0.371,0,0,0,0
"2026-07-20 18:45:00",250208,96.51665,21.53409,10.96,3.920517,325.3948,32.70815,30.01,0.325,0,0,0,0
"2026-07-20 19:00:00",250209,96.5676,21.6439,9.64,3.55445,316.9489,25.61927,30.01,0.268,0,0,0,0
"2026-07-20 19:15:00",250210,96.26182,21.76488,6.357,2.388546,333.0303,32.80731,30.01,0.22,0,0,0,0
"2026-07-20 19:30:00",250211,95.67496,22.50713,4.822,1.723639,314.3227,22.9276,30.01,0.195,0,0,0,0
"2026-07-20 19:45:00",250212,95.39348,22.63346,5.699,2.428977,325.3251,22.29033,30.01,0.046,0,0,0,0
"2026-07-20 20:00:00",250213,94.41035,23.42885,6.138,1.75019,328.6245,16.71008,30.01,0.099,0,0,0,0
"2026-07-20 20:15:00",250214,93.28813,24.8526,10.52,2.980386,349.6451,33.05791,30.01,0.069,0,0,0,0
"2026-07-20 20:30:00",250215,91.50842,26.61588,8.55,2.706143,16.93694,30.83709,30.01,0.011,0,0,0,0
"2026-07-20 20:45:00",250216,89.28555,29.34021,5.48,1.513936,333.3443,23.77937,30.01,0.004,0,0,0,0
"2026-07-20 21:00:00",250217,86.72838,32.27042,5.042,1.427234,342.5302,37.022,30.01,0.001,0,0,0,0
"2026-07-20 21:15:00",250218,86.12712,31.89307,4.384,1.768943,22.74205,33.10347,30.02,0,0,0,0,0
"2026-07-20 21:30:00",250219,86.43597,30.70941,3.069,1.321042,34.8814,22.6992,30.02,0,0,0,0,0
"2026-07-20 21:45:00",250220,85.52288,32.08545,2.411,0.7055798,94.83084,22.91432,30.03,0,0,0,0,0
"2026-07-20 22:00:00",250221,84.22228,33.94148,1.973,0.2956758,133.8898,9.129345,30.04,0,0,0,0,0
"2026-07-20 22:15:00",250222,82.8615,35.82575,2.63,0.449846,154.3778,27.15328,30.04,0,0,0,0,0
"2026-07-20 22:30:00",250223,82.42271,36.15706,3.069,0.5725983,246.7649,33.95328,30.05,0,0,0,0,0
"2026-07-20 22:45:00",250224,82.36104,35.41663,3.069,1.079925,101.942,12.83186,30.05,0,0,0,0,0
"2026-07-20 23:00:00",250225,80.57548,37.95303,0,0,0,0,30.05,0,0,0,0,0
"2026-07-20 23:15:00",250226,78.81236,41.66293,4.384,0.8599938,190.7995,26.88657,30.05,0,0,0,0,0
"2026-07-20 23:30:00",250227,79.13223,40.37823,4.822,2.251427,268.7177,25.95582,30.06,0,0,0,0,0
"2026-07-20 23:45:00",250228,78.55217,41.8126,6.138,2.152542,92.14941,17.96017,30.06,0,0,0,0,0
"2026-07-21 00:00:00",250229,78.04337,41.42543,6.138,3.012294,120.6616,14.50776,30.06,0,0,0,0,0
"2026-07-21 00:15:00",250230,77.72979,41.27236,5.042,2.103101,179.6282,25.82738,30.07,0,0,0,0,0
"2026-07-21 00:30:00",250231,78.36736,40.12478,3.946,1.783553,210.4684,34.56253,30.07,0,0,0,0,0
"2026-07-21 00:45:00",250232,76.99802,41.59216,4.165,1.144223,226.9711,63.7831,30.07,0,0,0,0,0
"2026-07-21 01:00:00",250233,75.3668,45.61001,2.85,0.5139013,117.5232,46.01466,30.06,0,0,0,0,0
"2026-07-21 01:15:00",250234,75.55996,44.69421,3.726,1.542677,153.3072,57.85764,30.07,0,0,0,0,0
"2026-07-21 01:30:00",250235,76.26137,43.05173,3.946,1.399713,103.4019,13.70981,30.07,0,0,0,0,0
"2026-07-21 01:45:00",250236,77.13464,41.37695,14.91,2.969429,83.79571,21.89815,30.07,0,0,0,0,0
"2026-07-21 02:00:00",250237,82.44032,34.35022,23.45,11.0696,100.2103,18.86385,30.07,0,0,0,0,0
"2026-07-21 02:15:00",250238,83.19053,33.72176,24.77,13.28351,107.706,17.43961,30.07,0,0,0,0,0
"2026-07-21 02:30:00",250239,82.45015,34.93679,28.06,11.86699,109.1101,21.32765,30.07,0,0,0,0,0
"2026-07-21 02:45:00",250240,80.51009,37.46401,19.51,4.948315,47.69364,60.01317,30.08,0,0,0,0,0
"2026-07-21 03:00:00",250241,74.3127,46.03728,4.822,1.820089,65.46955,47.27408,30.09,0,0,0,0,0
"2026-07-21 03:15:00",250242,75.07186,45.17216,20.82,3.633117,107.8363,19.96469,30.09,0,0,0,0,0
"2026-07-21 03:30:00",250243,80.41158,37.98286,23.02,10.58152,99.69388,24.32159,30.09,0,0,0,0,0
"2026-07-21 03:45:00",250244,80.50455,37.96677,18.19,7.833232,107.3268,36.52985,30.1,0,0,0,0,0
"2026-07-21 04:00:00",250245,80.2848,39.29686,22.58,9.222713,138.3205,38.04121,30.12,0,0,0,0,0
"2026-07-21 04:15:00",250246,78.01613,45.53938,17.97,6.373117,154.1674,51.19174,30.13,0,0,0,0,0
"2026-07-21 04:30:00",250247,76.57951,48.67944,12.93,4.683813,218.1723,31.27286,30.13,0,0,0,0,0
"2026-07-21 04:45:00",250248,72.75253,57.72842,18.63,7.272079,206.9675,28.66476,30.11,0,0,0,0,0
"2026-07-21 05:00:00",250249,70.60385,63.45536,15.56,5.432262,168.4644,32.55923,30.15,0,0,0,0,0
"2026-07-21 05:15:00",250250,68.79539,69.84848,18.85,7.36195,182.716,29.1013,30.14,0,0,0,0,0
"2026-07-21 05:30:00",250251,67.83662,72.81644,13.37,5.229383,198.5852,35.27245,30.14,0,0,0,0,0
"2026-07-21 05:45:00",250252,67.38359,74.36162,13.37,4.933459,183.0185,24.13435,30.13,0,0,0,0,0
"2026-07-21 06:00:00",250253,67.19228,74.71507,11.18,3.482844,176.649,37.92867,30.13,0,0,0,0,0
"2026-07-21 06:15:00",250254,67.58905,72.28999,11.18,3.384203,162.3867,32.36755,30.14,0.002,0,0,0,0
"2026-07-21 06:30:00",250255,68.17764,70.3812,7.672,2.888077,169.6595,28.67925,30.14,0.018,0,0,0,0
"2026-07-21 06:45:00",250256,68.722,68.3667,8.77,3.400275,167.8204,29.20508,30.14,0.031,0,0,0,0
"2026-07-21 07:00:00",250257,69.21789,66.80548,6.357,3.423905,133.9082,19.84039,30.14,0.044,0,0,0,0
"2026-07-21 07:15:00",250258,69.72723,65.12038,10.08,3.73322,120.7661,37.21711,30.14,0.057,0,0,0,0
"2026-07-21 07:30:00",250259,69.87466,64.76181,8.55,2.13281,24.4274,35.07961,30.14,0.044,0,0,0,0
"2026-07-21 07:45:00",250260,70.24805,63.67759,2.85,0.9971146,353.2393,32.6964,30.15,0.033,0,0,0,0
"2026-07-21 08:00:00",250261,70.65831,63.04397,3.726,1.460354,264.5905,64.62589,30.16,0.031,0,0,0,0
"2026-07-21 08:15:00",250262,71.19122,61.91315,4.384,1.252117,200.3369,45.34014,30.17,0.163,0,0,0,0
"2026-07-21 08:30:00",250263,72.43307,61.63647,5.918,2.456502,246.1365,25.27645,30.17,0.404,0,0,0,0
"2026-07-21 08:45:00",250264,74.40328,57.08751,5.042,1.125956,283.1202,41.34026,30.17,0.377,0,0,0,0
"2026-07-21 09:00:00",250265,75.72019,53.61126,4.384,0.9301383,94.29805,31.49789,30.16,0.394,0,0,0,0
"2026-07-21 09:15:00",250266,76.2699,52.02675,4.384,1.469612,90.40226,46.35664,30.16,0.437,0,0,0,0
"2026-07-21 09:30:00",250267,76.85692,50.09532,2.63,0.5974404,106.3287,29.00143,30.16,0.479,0,0,0,0
"2026-07-21 09:45:00",250268,78.19192,47.88605,3.507,0.8904373,97.38535,42.58503,30.15,0.52,0,0,0,0
"2026-07-21 10:00:00",250269,79.41711,46.07681,5.042,1.48179,318.5561,36.99145,30.15,0.562,0,0,0,0
"2026-07-21 10:15:00",250270,79.92491,43.58847,2.63,1.030726,63.05779,23.17561,30.15,0.602,0,0,0,0
"2026-07-21 10:30:00",250271,80.99606,41.53259,3.507,0.6354355,145.2309,57.50986,30.15,0.635,0,0,0,0
"2026-07-21 10:45:00",250272,82.63885,38.61732,3.069,0.5263225,45.6749,43.07822,30.14,0.668,0,0,0,0
"2026-07-21 11:00:00",250273,84.66731,35.71119,6.357,2.41071,284.1784,58.9053,30.14,0.699,0,0,0,0
"2026-07-21 11:15:00",250274,84.34115,35.84114,7.014,1.870749,264.7477,55.34083,30.13,0.736,0,0,0,0
"2026-07-21 11:30:00",250275,85.27034,34.65091,7.234,2.776288,254.2626,42.20897,30.13,0.766,0,0,0,0
"2026-07-21 11:45:00",250276,85.72705,33.62587,7.453,1.960865,248.6273,65.9697,30.13,0.788,0,0,0,0
"2026-07-21 12:00:00",250277,86.3662,32.91743,6.576,2.183473,252.6865,47.21602,30.12,0.811,0,0,0,0
"2026-07-21 12:15:00",250278,87.47485,30.69279,6.357,2.235348,194.868,47.1189,30.12,0.817,0,0,0,0
"2026-07-21 12:30:00",250279,88.19022,31.0038,6.795,2.232424,213.0431,66.67609,30.11,0.849,0,0,0,0
"2026-07-21 12:45:00",250280,89.74416,29.33651,7.234,2.26531,333.7519,46.84096,30.11,0.85,0,0,0,0
"2026-07-21 13:00:00",250281,89.0845,29.8085,6.138,1.918241,33.84066,67.24345,30.1,0.862,0,0,0,0
"2026-07-21 13:15:00",250282,90.24517,29.30006,5.48,1.349051,151.0008,64.25333,30.1,0.885,0,0,0,0
"2026-07-21 13:30:00",250283,91.87398,27.2407,8.11,3.062465,276.7085,38.72861,30.09,0.918,0,0,0,0
"2026-07-21 13:45:00",250284,90.96964,27.95344,7.453,2.65378,309.5521,72.91917,30.09,0.922,0,0,0,0
"2026-07-21 14:00:00",250285,92.8484,26.84531,10.08,4.383268,290.7412,35.66986,30.08,0.952,0,0,0,0
"2026-07-21 14:15:00",250286,93.58401,25.75258,8.99,3.569306,244.9556,42.64646,30.08,0.986,0,0,0,0
"2026-07-21 14:30:00",250287,94.50613,25.25334,7.672,2.785543,242.7054,46.80394,30.07,0.955,0,0,0,0
"2026-07-21 14:45:00",250288,94.42448,25.4067,7.453,2.601906,216.2388,45.21257,30.07,0.206,0,0,0,0
"2026-07-21 15:00:00",250289,94.13758,24.59569,5.699,1.950148,170.3938,63.48178,30.06,0.893,0,0,0,0
"2026-07-21 15:15:00",250290,95.65947,23.82967,8.33,2.569755,211.8325,87.05471,30.05,0.916,0,0,0,0
"2026-07-21 15:30:00",250291,96.43149,22.4386,8.77,2.901232,237.3609,47.36679,30.04,0.856,0,0,0,0
"2026-07-21 15:45:00",250292,96.48012,21.93371,7.891,2.661819,285.3112,83.95499,30.03,0.818,0,0,0,0
"2026-07-21 16:00:00",250293,98.23499,20.56422,9.86,3.49356,247.9582,43.57819,30.03,0.847,0,0,0,0
"2026-07-21 16:15:00",250294,96.24443,21.89665,31.78,7.262094,197.0161,32.57637,30.04,0.232,0,0,0,0
"2026-07-21 16:30:00",250295,87.55215,33.81107,38.36,14.69931,204.7377,28.9015,30.05,0.758,0,0,0,0
"2026-07-21 16:45:00",250296,86.87495,34.57536,26.74,10.79195,210.3279,32.99771,30.05,0.617,0,0,0,0
"2026-07-21 17:00:00",250297,86.87917,34.78917,26.52,10.06565,208.9415,31.51997,30.05,0.358,0,0,0,0
"2026-07-21 17:15:00",250298,85.2103,35.38893,24.11,9.715675,210.2819,29.58642,30.05,0.434,0,0,0,0
"2026-07-21 17:30:00",250299,85.48076,34.37853,21.92,8.480609,210.6498,35.00427,30.05,0.16,0,0,0,0
"2026-07-21 17:45:00",250300,84.66364,35.40825,19.73,7.237495,211.8134,34.175,30.05,0.197,0,0,0,0
"2026-07-21 18:00:00",250301,85.20078,33.30557,15.34,6.325883,172.5724,26.49784,30.05,0.253,0,0,0,0
"2026-07-21 18:15:00",250302,86.51882,31.42495,13.81,5.901841,174.0363,24.90978,30.05,0.176,0,0,0,0
"2026-07-21 18:30:00",250303,86.62801,31.12411,11.18,5.118319,166.188,26.71198,30.05,0.112,0,0,0,0
"2026-07-21 18:45:00",250304,86.07808,31.80409,12.49,5.398407,186.4219,23.80472,30.05,0.096,0,0,0,0
"2026-07-21 19:00:00",250305,85.75599,33.21855,16,5.284421,197.1405,26.64954,30.06,0.084,0,0,0,0
"2026-07-21 19:15:00",250306,85.29302,34.06397,11.18,5.702118,179.5222,23.28995,30.07,0.157,0,0,0,0
"2026-07-21 19:30:00",250307,85.58631,32.69713,10.08,4.80876,176.8606,25.69559,30.07,0.052,0,0,0,0
"2026-07-21 19:45:00",250308,85.27631,31.11203,9.21,4.316049,183.752,24.77147,30.07,0.03,0,0,0,0
"2026-07-21 20:00:00",250309,84.46599,32.26212,9.86,3.975312,183.2037,21.49002,30.09,0.059,0,0,0,0
"2026-07-21 20:15:00",250310,84.00424,33.16293,6.576,2.212941,174.0358,24.31956,30.09,0.011,0,0,0,0
"2026-07-21 20:30:00",250311,83.5099,33.57477,7.453,3.533257,193.1976,22.62784,30.09,0.007,0,0,0,0
"2026-07-21 20:45:00",250312,82.87979,34.1049,6.138,1.987655,213.5841,26.92503,30.09,0.004,0,0,0,0
"2026-07-21 21:00:00",250313,81.51645,36.52901,8.33,3.535698,210.3294,32.29095,30.09,0,0,0,0,0
"2026-07-21 21:15:00",250314,79.8124,39.47821,5.918,2.72636,154.5077,25.98126,30.09,0,0,0,0,0
"2026-07-21 21:30:00",250315,79.48965,39.4706,6.138,3.007912,144.0823,17.22899,30.09,0,0,0,0,0
"2026-07-21 21:45:00",250316,79.60161,37.92413,7.014,3.551525,134.3887,15.97485,30.09,0,0,0,0,0
"2026-07-21 22:00:00",250317,79.10345,38.20351,4.384,1.679073,167.5233,24.3392,30.09,0,0,0,0,0
"2026-07-21 22:15:00",250318,79.46493,35.47572,5.699,2.944827,155.8914,18.47018,30.1,0,0,0,0,0
"2026-07-21 22:30:00",250319,79.52402,35.70454,6.357,2.134764,167.6548,24.34747,30.12,0,0,0,0,0
"2026-07-21 22:45:00",250320,79.81434,35.72113,7.672,1.930662,195.4299,28.77826,30.12,0,0,0,0,0
"2026-07-21 23:00:00",250321,79.47052,37.40934,7.672,1.793297,200.433,21.44082,30.13,0,0,0,0,0
"2026-07-21 23:15:00",250322,79.10194,38.21981,8.55,2.554898,173.6158,41.33059,30.13,0,0,0,0,0
"2026-07-21 23:30:00",250323,78.61469,39.31852,5.261,1.819599,130.7294,29.8651,30.13,0,0,0,0,0
"2026-07-21 23:45:00",250324,78.56075,39.63611,6.795,1.378277,160.6812,30.94217,30.13,0,0,0,0,0
"2026-07-22 00:00:00",250325,78.46707,39.87973,7.891,1.790861,145.5188,26.54321,30.14,0,0,0,0,0
"2026-07-22 00:15:00",250326,78.11763,42.19749,10.96,4.943687,178.7142,24.97142,30.14,0,0,0,0,0
"2026-07-22 00:30:00",250327,77.54742,43.85044,8.99,3.713977,153.8466,26.67879,30.14,0,0,0,0,0
"2026-07-22 00:45:00",250328,76.8454,45.2925,8.33,2.815502,159.6867,30.26615,30.15,0,0,0,0,0
"2026-07-22 01:00:00",250329,76.42836,46.31854,10.74,3.682074,197.0717,23.46097,30.15,0,0,0,0,0
"2026-07-22 01:15:00",250330,76.33177,45.84753,12.93,4.747138,191.8161,29.36639,30.15,0,0,0,0,0
"2026-07-22 01:30:00",250331,76.00082,46.44796,7.234,2.865183,163.5426,29.87496,30.15,0,0,0,0,0
"2026-07-22 01:45:00",250332,75.44504,47.45845,10.08,2.677649,173.677,29.41175,30.15,0,0,0,0,0
"2026-07-22 02:00:00",250333,74.42574,50.84714,8.55,3.361306,191.7217,25.88339,30.15,0,0,0,0,0
"2026-07-22 02:15:00",250334,73.76214,53.65081,5.918,2.241196,163.9872,28.23266,30.15,0,0,0,0,0
"2026-07-22 02:30:00",250335,73.2928,55.48967,6.795,2.599953,157.5946,22.24731,30.15,0,0,0,0,0
"2026-07-22 02:45:00",250336,73.31221,55.11436,9.86,3.835999,192.1287,33.64137,30.14,0,0,0,0,0
"2026-07-22 03:00:00",250337,72.81374,56.51218,12.93,4.657513,212.0846,30.79067,30.15,0,0,0,0,0
"2026-07-22 03:15:00",250338,72.20443,58.41002,7.453,3.327698,196.3056,25.18043,30.15,0,0,0,0,0
"2026-07-22 03:30:00",250339,71.70171,61.6182,5.48,2.164231,169.3674,22.36563,30.14,0,0,0,0,0
"2026-07-22 03:45:00",250340,71.0738,64.99816,3.726,0.9357378,105.219,30.74117,30.14,0,0,0,0,0
"2026-07-22 04:00:00",250341,70.08787,67.46964,10.3,3.164515,207.5927,20.09184,30.15,0,0,0,0,0
"2026-07-22 04:15:00",250342,69.81328,65.46301,10.74,3.834535,193.5968,26.59555,30.16,0,0,0,0,0
"2026-07-22 04:30:00",250343,69.62977,66.98186,13.15,4.903503,182.9106,22.93086,30.16,0,0,0,0,0
"2026-07-22 04:45:00",250344,68.96516,67.53208,8.77,3.230519,175.5255,27.92256,30.17,0,0,0,0,0
"2026-07-22 05:00:00",250345,68.49141,68.02853,8.33,3.288728,170.113,27.3254,30.17,0,0,0,0,0
"2026-07-22 05:15:00",250346,68.23881,67.88495,7.891,2.504478,171.6788,25.23466,30.17,0,0,0,0,0
"2026-07-22 05:30:00",250347,68.0918,68.64027,9.43,2.918525,192.8839,25.65217,30.17,0,0,0,0,0
"2026-07-22 05:45:00",250348,67.21223,73.80994,8.55,3.786312,198.5049,24.06761,30.18,0,0,0,0,0
"2026-07-22 06:00:00",250349,66.58809,76.17712,6.795,2.444563,172.5322,28.78683,30.18,0,0,0,0,0
"2026-07-22 06:15:00",250350,66.7399,74.38322,5.699,1.925789,163.8703,20.51218,30.18,0,0,0,0,0
"2026-07-22 06:30:00",250351,66.61076,75.45264,5.48,2.453089,156.5057,27.66753,30.19,0.001,0,0,0,0
"2026-07-22 06:45:00",250352,65.61893,82.8857,5.261,2.030523,143.2391,49.04442,30.2,0.002,0.004,0.004,0.03,0.03
"2026-07-22 07:00:00",250353,64.34818,88.16513,3.507,1.504196,35.92556,22.98825,30.2,0.006,0.004,0.008,0.02,0.05
"2026-07-22 07:15:00",250354,63.69454,90.22526,4.165,1.500057,31.60044,21.87943,30.2,0.014,0.008,0.016,0.01,0.06
"2026-07-22 07:30:00",250355,63.64733,91.27924,4.603,0.7046048,19.49281,16.4053,30.2,0.029,0.004,0.02,0,0.06
"2026-07-22 07:45:00",250356,64.11924,91.91697,5.699,2.762645,33.0104,17.67363,30.2,0.038,0.004,0.024,0,0.06
"2026-07-22 08:00:00",250357,64.30151,91.19624,5.918,2.673992,33.53056,20.55788,30.2,0.069,0,0.024,0,0.06
"2026-07-22 08:15:00",250358,64.52475,89.58983,5.918,2.153028,22.25727,24.36567,30.2,0.092,0.004,0.028,0,0.06
"2026-07-22 08:30:00",250359,64.81763,89.13375,5.48,1.775762,342.7231,33.41142,30.2,0.117,0.004,0.032,0,0.06
"2026-07-22 08:45:00",250360,65.07945,88.68036,8.55,2.565126,332.8085,36.18169,30.2,0.139,0,0.032,0,0.06
"2026-07-22 09:00:00",250361,65.48563,87.62454,5.042,1.561677,14.49053,30.56338,30.2,0.175,0.004,0.035,0,0.06
"2026-07-22 09:15:00",250362,65.99201,85.17026,4.603,1.375112,16.43461,29.21966,30.19,0.213,0.004,0.039,0,0.06
"2026-07-22 09:30:00",250363,66.6556,81.71838,6.138,3.194718,34.89825,20.16541,30.19,0.237,0,0.039,0,0.06
"2026-07-22 09:45:00",250364,67.48027,78.41625,5.261,3.296035,47.24799,17.02751,30.19,0.251,0.004,0.043,0,0.06
"2026-07-22 10:00:00",250365,68.44862,75.42484,6.576,3.398572,57.19409,18.51527,30.19,0.25,0,0.043,0,0.06
"2026-07-22 10:15:00",250366,69.28942,71.584,6.138,3.859375,68.46785,16.20731,30.19,0.233,0.004,0.047,0,0.06
"2026-07-22 10:30:00",250367,70.03725,68.89306,6.357,2.9005,60.12531,18.80746,30.19,0.207,0,0.047,0,0.06
"2026-07-22 10:45:00",250368,70.5425,67.6998,4.822,2.398778,65.54699,23.62098,30.19,0.199,0,0.047,0,0.06
"2026-07-22 11:00:00",250369,71.22324,64.21343,3.726,1.16395,93.5923,29.90395,30.19,0.323,0.004,0.051,0,0.06
"2026-07-22 11:15:00",250370,72.4062,63.20645,4.384,1.835189,50.34164,30.55932,30.18,0.337,0,0.051,0,0.06
"2026-07-22 11:30:00",250371,72.94857,61.27457,5.042,1.669081,22.29199,40.80159,30.19,0.31,0.004,0.055,0,0.06
"2026-07-22 11:45:00",250372,73.41183,60.97247,5.48,1.491775,34.45498,36.12422,30.18,0.419,0,0.055,0,0.06
"2026-07-22 12:00:00",250373,74.83913,59.16473,7.672,2.165693,46.77004,26.6295,30.17,0.623,0,0.055,0,0.06
"2026-07-22 12:15:00",250374,76.4414,53.47191,7.891,2.727093,53.10165,33.76266,30.17,0.163,0.004,0.059,0,0.06
"2026-07-22 12:30:00",250375,76.2648,52.30665,3.946,1.161271,109.0793,47.07613,30.18,0.077,0,0.059,0,0.06
"2026-07-22 12:45:00",250376,73.39272,63.04993,9.21,5.106143,113.3624,22.94295,30.17,0.119,0,0.059,0,0.06
"2026-07-22 13:00:00",250377,69.29173,76.83176,7.014,3.576364,94.17163,19.32127,30.18,0.123,0.004,0.063,0,0.06
"2026-07-22 13:15:00",250378,69.63033,77.88533,5.918,2.905374,95.1998,15.48708,30.17,0.116,0,0.063,0,0.06
"2026-07-22 13:30:00",250379,71.09196,74.91512,7.672,2.680331,131.5052,27.51656,30.17,0.132,0,0.063,0,0.06
"2026-07-22 13:45:00",250380,72.25309,68.95171,6.138,2.817209,104.1572,32.45316,30.17,0.161,0,0.063,0,0.06
"2026-07-22 14:00:00",250381,72.27594,66.10161,9.64,4.846266,120.3503,23.46083,30.16,0.218,0.004,0.067,0,0.06
"2026-07-22 14:15:00",250382,72.85038,64.26751,10.96,4.796581,112.9721,20.43244,30.16,0.217,0,0.067,0,0.06
"2026-07-22 14:30:00",250383,72.87271,62.1663,11.4,6.058444,94.24344,19.73639,30.16,0.224,0,0.067,0,0.06
"2026-07-22 14:45:00",250384,74.28242,57.20338,11.18,6.398204,115.6354,16.57263,30.15,0.174,0,0.067,0,0.06
"2026-07-22 15:00:00",250385,74.77444,55.75288,12.71,6.287872,106.6172,18.32151,30.15,0.179,0.004,0.071,0,0.06
"2026-07-22 15:15:00",250386,74.49186,54.40786,12.06,5.691407,108.0382,18.00413,30.15,0.189,0,0.071,0,0.06
"2026-07-22 15:30:00",250387,74.61883,53.87468,12.49,3.89957,82.01801,27.86376,30.15,0.242,0,0.071,0,0.06
"2026-07-22 15:45:00",250388,75.00313,58.65357,10.08,3.629949,338.8997,38.68945,30.14,0.308,0,0.071,0,0.06
"2026-07-22 16:00:00",250389,74.62527,64.00291,9.21,3.558104,324.8553,28.34299,30.14,0.302,0.004,0.075,0,0.06
"2026-07-22 16:15:00",250390,75.35101,56.95778,10.74,2.864209,339.2358,43.33179,30.14,0.258,0,0.075,0,0.06
"2026-07-22 16:30:00",250391,75.96194,55.94292,8.11,1.908743,343.0199,49.77884,30.13,0.269,0,0.075,0,0.06
"2026-07-22 16:45:00",250392,76.89758,54.24368,8.55,2.18396,347.4835,47.24095,30.13,0.661,0,0.075,0,0.06
"2026-07-22 17:00:00",250393,79.00484,49.28275,10.3,2.473305,0.09870622,44.82158,30.13,0.673,0,0.075,0,0.06
"2026-07-22 17:15:00",250394,79.86662,46.3084,8.11,2.479148,13.27095,31.31493,30.12,0.594,0,0.075,0,0.06
"2026-07-22 17:30:00",250395,80.85152,44.94437,8.11,3.590738,28.97256,32.55211,30.12,0.569,0.004,0.079,0,0.06
"2026-07-22 17:45:00",250396,81.84578,43.35905,6.795,2.677406,8.974322,38.40447,30.12,0.578,0,0.079,0,0.06
"2026-07-22 18:00:00",250397,82.84045,41.47666,9.64,2.932894,330.74,30.3529,30.12,0.153,0,0.079,0,0.06
"2026-07-22 18:15:00",250398,81.01874,43.66689,9.43,3.405391,325.2476,33.1692,30.12,0.111,0,0.079,0,0.06
"2026-07-22 18:30:00",250399,79.13659,46.42329,8.33,4.171125,322.7828,19.03498,30.11,0.075,0,0.079,0,0.06
"2026-07-22 18:45:00",250400,77.87784,49.7387,5.261,2.589239,319.1939,21.0423,30.11,0.089,0,0.079,0,0.06
"2026-07-22 19:00:00",250401,77.55887,50.70585,5.918,2.639166,320.3738,22.86279,30.11,0.088,0,0.079,0,0.06
"2026-07-22 19:15:00",250402,77.41419,50.43106,5.042,2.186883,317.0907,20.45805,30.11,0.066,0.004,0.083,0,0.06
"2026-07-22 19:30:00",250403,76.80735,52.45974,4.165,1.561187,336.0523,22.42073,30.11,0.041,0,0.083,0,0.06
"2026-07-22 19:45:00",250404,76.05085,56.48258,2.85,0.8767983,32.49801,14.11512,30.11,0.032,0,0.083,0,0.06
"2026-07-22 20:00:00",250405,75.62482,57.3652,4.603,2.029791,66.74052,19.78561,30.11,0.03,0,0.083,0,0.06
"2026-07-22 20:15:00",250406,75.56987,56.44031,2.192,0.1305458,90.22379,5.61474,30.11,0.025,0,0.083,0,0.06
"2026-07-22 20:30:00",250407,75.28282,56.42379,1.315,0.1341992,135.3658,6.056938,30.11,0.01,0,0.083,0,0.06
"2026-07-22 20:45:00",250408,75.18137,57.28359,1.754,0.3178396,108.6953,9.577991,30.13,0.003,0,0.083,0,0.06
"2026-07-22 21:00:00",250409,74.33581,58.83733,1.315,0.08865426,207.1622,4.767666,30.13,0,0,0.083,0,0.06
"2026-07-22 21:15:00",250410,73.56866,61.33758,3.069,0.8451366,97.5262,28.69343,30.13,0,0,0.083,0,0.06
"2026-07-22 21:30:00",250411,73.29165,63.72272,5.042,2.6455,89.60586,12.67571,30.13,0,0,0.083,0,0.06
"2026-07-22 21:45:00",250412,72.93049,62.85101,4.603,1.83957,89.00331,18.379,30.14,0,0,0.083,0,0.06
"2026-07-22 22:00:00",250413,72.76885,62.77428,2.85,0.4413218,56.49813,12.97225,30.14,0,0,0.083,0,0.06
"2026-07-22 22:15:00",250414,71.53361,66.51591,4.822,1.476433,255.083,16.5061,30.15,0,0,0.083,0,0.06
"2026-07-22 22:30:00",250415,70.54736,69.40416,3.507,1.268921,205.2728,27.03711,30.15,0,0,0.083,0,0.06
"2026-07-22 22:45:00",250416,70.15775,70.17377,1.534,0.2294291,120.1171,3.823404,30.16,0,0,0.083,0,0.06
"2026-07-22 23:00:00",250417,70.29376,69.38665,1.754,0.3884704,150.7233,15.40946,30.16,0,0,0.083,0,0.06
"2026-07-22 23:15:00",250418,69.92548,69.6672,2.192,0.4142872,185.8275,10.46863,30.16,0,0,0.083,0,0.06
"2026-07-22 23:30:00",250419,70.0291,68.50323,1.754,0.3090715,160.22,11.6335,30.16,0,0,0.083,0,0.06
"2026-07-22 23:45:00",250420,70.16685,66.4073,3.069,0.5151198,212.6715,18.84972,30.16,0,0,0.083,0,0.06
"2026-07-23 00:00:00",250421,70.16308,66.6889,5.699,2.23194,232.7893,19.93626,30.17,0,0,0.083,0,0.06
"2026-07-23 00:15:00",250422,69.52962,68.53716,6.357,2.563664,191.2198,20.84227,30.18,0,0,0,0,0
"2026-07-23 00:30:00",250423,68.75761,71.0316,4.384,1.769186,182.5161,16.51603,30.17,0,0,0,0,0
"2026-07-23 00:45:00",250424,68.38895,72.51117,2.63,0.6208209,126.972,24.46065,30.17,0,0,0,0,0
"2026-07-23 01:00:00",250425,67.80386,73.91885,1.096,0.05942758,47.69382,2.936462,30.17,0,0,0,0,0
"2026-07-23 01:15:00",250426,67.49672,75.07392,0,0,0,0,30.17,0,0,0,0,0
"2026-07-23 01:30:00",250427,67.37881,75.4917,1.973,0.2211484,69.25027,2.201916,30.17,0,0,0,0,0
"2026-07-23 01:45:00",250428,66.93816,75.00144,2.411,0.7886301,95.57813,7.72229,30.17,0,0,0,0,0
"2026-07-23 02:00:00",250429,66.49725,74.92396,1.754,0.3502322,104.3324,4.705725,30.17,0,0,0,0,0
"2026-07-23 02:15:00",250430,66.12521,76.11227,2.411,0.4819958,65.51622,12.18063,30.17,0,0,0,0,0
"2026-07-23 02:30:00",250431,66.07244,74.98148,2.63,0.6617395,84.40356,13.72564,30.17,0,0,0,0,0
"2026-07-23 02:45:00",250432,65.58152,76.71686,1.315,0.1797438,115.4543,6.559233,30.16,0,0,0,0,0
"2026-07-23 03:00:00",250433,64.96413,77.97939,5.042,2.035149,286.0208,9.11433,30.17,0,0,0,0,0
"2026-07-23 03:15:00",250434,63.40777,82.44689,4.165,0.9084612,339.8002,12.85719,30.17,0,0,0,0,0
"2026-07-23 03:30:00",250435,61.69355,86.06374,2.192,0.4179402,37.1539,24.45783,30.17,0,0,0,0,0
"2026-07-23 03:45:00",250436,61.51916,87.29927,1.534,0.3024954,54.25735,13.72089,30.17,0,0,0,0,0
"2026-07-23 04:00:00",250437,61.78415,87.16537,2.411,0.4980706,75.9192,5.140366,30.17,0,0,0,0,0
"2026-07-23 04:15:00",250438,61.91349,85.9418,2.192,0.836124,82.83191,16.90214,30.17,0,0,0,0,0
"2026-07-23 04:30:00",250439,61.93835,85.50529,1.754,0.3509628,92.67507,8.475873,30.17,0,0,0,0,0
"2026-07-23 04:45:00",250440,62.22739,84.17558,3.288,1.616233,124.7205,8.867938,30.17,0,0,0,0,0
"2026-07-23 05:00:00",250441,62.1286,82.68748,3.507,1.165169,116.9871,6.841847,30.18,0,0,0,0,0
"2026-07-23 05:15:00",250442,61.75299,83.23528,5.261,1.687352,288.4438,13.19499,30.18,0,0,0,0,0
"2026-07-23 05:30:00",250443,59.79302,86.39153,3.069,1.168335,7.316818,54.85951,30.18,0,0,0,0,0
"2026-07-23 05:45:00",250444,59.4469,88.71001,2.85,0.2579248,94.27318,18.99718,30.18,0,0,0,0,0
"2026-07-23 06:00:00",250445,59.74559,89.19878,0.658,0.03263646,121.393,0.6644796,30.18,0,0,0,0,0
"2026-07-23 06:15:00",250446,59.96519,87.88326,3.946,1.181486,111.5143,12.05671,30.19,0.002,0,0,0,0
"2026-07-23 06:30:00",250447,60.05053,87.23513,1.315,0.1721937,207.0022,24.83068,30.19,0.007,0,0,0,0
"2026-07-23 06:45:00",250448,60.32096,86.72243,2.411,1.042171,352.4012,54.70086,30.19,0.013,0,0,0,0
"2026-07-23 07:00:00",250449,59.99781,87.41005,2.411,1.113047,49.51831,24.81633,30.19,0.074,0,0,0,0
"2026-07-23 07:15:00",250450,61.42699,85.4446,3.069,0.7106941,111.9235,9.917271,30.2,0.108,0,0,0,0
"2026-07-23 07:30:00",250451,64.08967,80.11224,1.534,0.2036123,309.1434,3.429295,30.2,0.144,0,0,0,0
"2026-07-23 07:45:00",250452,65.49147,76.44206,1.973,0.4006483,22.13818,36.42318,30.2,0.182,0,0,0,0
"2026-07-23 08:00:00",250453,66.47242,74.74154,1.534,0.4530123,58.62823,7.983038,30.2,0.222,0,0,0,0
"2026-07-23 08:15:00",250454,67.2474,73.67329,1.315,0.2637703,286.7871,7.268856,30.21,0.266,0,0,0,0
"2026-07-23 08:30:00",250455,68.12121,70.91075,2.63,0.4600752,288.1022,30.50541,30.21,0.307,0,0,0,0
"2026-07-23 08:45:00",250456,69.94852,67.30181,4.165,1.386803,268.4562,27.28565,30.21,0.351,0,0,0,0
"2026-07-23 09:00:00",250457,70.69426,65.77028,4.165,1.973286,246.2015,32.88035,30.21,0.398,0,0,0,0
"2026-07-23 09:15:00",250458,72.05936,63.08168,4.822,1.281586,269.0947,30.56395,30.21,0.439,0,0,0,0
"2026-07-23 09:30:00",250459,73.41705,60.86302,2.85,1.116214,269.6951,21.78617,30.2,0.483,0,0,0,0
"2026-07-23 09:45:00",250460,73.73017,59.78606,3.507,0.9072429,306.5011,21.6105,30.2,0.525,0,0,0,0
"2026-07-23 10:00:00",250461,75.94176,56.12778,3.069,0.7486895,271.2975,47.00516,30.2,0.566,0,0,0,0
"2026-07-23 10:15:00",250462,76.40268,54.30805,3.946,0.527053,252.0664,45.53426,30.2,0.609,0,0,0,0
"2026-07-23 10:30:00",250463,77.70396,51.85496,5.699,1.749216,245.498,34.02575,30.2,0.641,0,0,0,0
"2026-07-23 10:45:00",250464,79.11064,49.45176,5.699,1.692221,231.0921,46.71238,30.2,0.675,0,0,0,0
"2026-07-23 11:00:00",250465,80.2989,46.62094,5.042,1.278421,210.7386,54.21268,30.2,0.71,0,0,0,0
"2026-07-23 11:15:00",250466,81.35143,44.91721,4.384,1.028291,114.902,72.48267,30.19,0.746,0,0,0,0
"2026-07-23 11:30:00",250467,83.1999,42.37914,5.918,1.425772,232.581,56.37545,30.19,0.777,0,0,0,0
"2026-07-23 11:45:00",250468,83.937,40.95615,6.576,1.930663,202.2874,60.49155,30.19,0.797,0,0,0,0
"2026-07-23 12:00:00",250469,84.30487,39.54689,6.576,1.819599,105.805,40.01731,30.19,0.825,0,0,0,0
"2026-07-23 12:15:00",250470,85.80136,37.13773,5.48,2.174706,146.2545,77.43073,30.19,0.85,0,0,0,0
"2026-07-23 12:30:00",250471,86.21352,36.65924,6.357,1.806692,189.686,86.12167,30.18,0.863,0,0,0,0
"2026-07-23 12:45:00",250472,86.30291,36.58626,6.576,2.418747,4.109129,91.00406,30.18,0.858,0,0,0,0
"2026-07-23 13:00:00",250473,86.66942,34.72102,8.99,3.420006,187.5467,22.38363,30.17,0.876,0,0,0,0
"2026-07-23 13:15:00",250474,88.31832,33.17968,8.77,3.352296,278.4372,35.67383,30.17,0.909,0,0,0,0
"2026-07-23 13:30:00",250475,88.55361,31.8902,9.86,3.336715,144.7975,60.05136,30.17,0.919,0,0,0,0
"2026-07-23 13:45:00",250476,89.20065,30.54396,8.33,2.809899,93.63135,86.17822,30.16,0.92,0,0,0,0
"2026-07-23 14:00:00",250477,90.36187,28.64702,8.99,3.209331,240.5172,67.01919,30.16,0.911,0,0,0,0
"2026-07-23 14:15:00",250478,90.01042,29.07018,8.99,3.417324,141.3773,56.03984,30.15,0.899,0,0,0,0
"2026-07-23 14:30:00",250479,90.77185,27.9145,9.21,3.737602,249.1367,47.20575,30.15,0.879,0,0,0,0
"2026-07-23 14:45:00",250480,90.6182,26.98093,8.55,2.445295,49.61784,45.58716,30.14,0.864,0,0,0,0
"2026-07-23 15:00:00",250481,90.9922,26.24555,13.59,3.69717,168.9192,95.68771,30.15,0.855,0,0,0,0
"2026-07-23 15:15:00",250482,92.13615,24.40438,10.74,3.059789,157.4687,85.16473,30.13,0.829,0,0,0,0
"2026-07-23 15:30:00",250483,92.80737,23.03602,11.4,3.218343,133.0674,73.86495,30.13,0.821,0,0,0,0
"2026-07-23 15:45:00",250484,93.05067,21.99823,10.52,4.399828,160.0314,50.47604,30.13,0.777,0,0,0,0
"2026-07-23 16:00:00",250485,92.97297,21.43168,10.3,4.256616,183.5162,52.12549,30.12,0.759,0,0,0,0
"2026-07-23 16:15:00",250486,93.17444,20.79071,9.64,3.102897,191.3893,42.8553,30.12,0.739,0,0,0,0
"2026-07-23 16:30:00",250487,93.36679,19.93805,11.18,4.4086,144.3684,30.79892,30.11,0.689,0,0,0,0
"2026-07-23 16:45:00",250488,94.38264,17.34843,11.4,6.0146,238.6586,55.23886,30.11,0.663,0,0,0,0
"2026-07-23 17:00:00",250489,94.92209,18.04004,13.59,4.974864,254.4766,38.04882,30.11,0.649,0,0,0,0
"2026-07-23 17:15:00",250490,93.37467,20.72339,13.15,4.998991,301.5632,27.07053,30.1,0.427,0,0,0,0
"2026-07-23 17:30:00",250491,93.62109,20.17766,7.453,2.801129,17.87498,43.08409,30.1,0.514,0,0,0,0
"2026-07-23 17:45:00",250492,94.32193,19.15949,10.08,4.322382,305.2766,27.74636,30.1,0.5,0,0,0,0
"2026-07-23 18:00:00",250493,94.78231,17.02731,11.62,3.826501,274.2133,31.0967,30.1,0.428,0,0,0,0
"2026-07-23 18:15:00",250494,94.36559,16.26223,13.15,6.074276,255.5408,24.93161,30.1,0.41,0,0,0,0
"2026-07-23 18:30:00",250495,93.98158,15.8284,9.21,4.240058,250.591,24.8505,30.09,0.376,0,0,0,0
"2026-07-23 18:45:00",250496,93.83926,16.01178,8.99,3.888602,270.6689,34.66183,30.09,0.206,0,0,0,0
"2026-07-23 19:00:00",250497,92.34129,16.16347,10.74,3.271191,223.1648,36.54749,30.09,0.231,0,0,0,0
"2026-07-23 19:15:00",250498,92.43243,17.08187,6.357,1.962325,226.88,28.19447,30.1,0.064,0,0,0,0
"2026-07-23 19:30:00",250499,91.43288,18.70811,6.138,2.821589,247.1845,24.99105,30.1,0.055,0,0,0,0
"2026-07-23 19:45:00",250500,90.22356,19.94604,6.795,2.630153,232.0263,19.60967,30.11,0.061,0,0,0,0
"2026-07-23 20:00:00",250501,89.76591,20.90255,6.357,1.8442,228.6216,23.69953,30.11,0.092,0,0,0,0
"2026-07-23 20:15:00",250502,88.70956,24.19246,6.138,1.550715,223.1907,25.25178,30.11,0.05,0,0,0,0
"2026-07-23 20:30:00",250503,87.10835,25.99854,3.507,1.691251,185.7548,22.0221,30.11,0.017,0,0,0,0
"2026-07-23 20:45:00",250504,86.0304,25.08323,3.946,1.673225,158.9469,21.46476,30.12,0.005,0,0,0,0
"2026-07-23 21:00:00",250505,85.30688,23.52907,5.48,2.471841,135.1119,11.88338,30.12,0.001,0,0,0,0
"2026-07-23 21:15:00",250506,84.48026,23.3173,6.576,3.604128,122.3684,17.48275,30.13,0,0,0,0,0
"2026-07-23 21:30:00",250507,83.51479,24.65305,8.11,4.118522,118.7183,16.81398,30.13,0,0,0,0,0
"2026-07-23 21:45:00",250508,82.48619,25.58848,6.138,2.194677,93.64285,26.71575,30.14,0,0,0,0,0
"2026-07-23 22:00:00",250509,81.9082,25.72692,9.21,4.424915,102.632,23.71615,30.14,0,0,0,0,0
"2026-07-23 22:15:00",250510,81.68702,25.79383,8.11,2.899768,103.9023,24.70099,30.15,0,0,0,0,0
"2026-07-23 22:30:00",250511,80.09458,27.66681,5.261,1.526115,37.58749,61.27913,30.16,0,0,0,0,0
"2026-07-23 22:45:00",250512,77.42234,31.24795,1.754,0.2861771,352.707,28.36228,30.16,0,0,0,0,0
"2026-07-23 23:00:00",250513,76.75072,33.63824,4.165,2.054634,99.57125,14.63966,30.16,0,0,0,0,0
"2026-07-23 23:15:00",250514,76.70411,34.24962,2.63,0.7214102,104.4414,10.76953,30.16,0,0,0,0,0
"2026-07-23 23:30:00",250515,76.10548,34.21721,4.822,2.25605,102.1768,15.35694,30.17,0,0,0,0,0
"2026-07-23 23:45:00",250516,76.24023,33.59224,1.973,0.6709942,93.86449,12.41823,30.17,0,0,0,0,0
"2026-07-24 00:00:00",250517,75.36334,36.9427,3.946,1.718039,106.5007,12.29621,30.17,0,0,0,0,0
"2026-07-24 00:15:00",250518,74.79642,39.77633,3.288,1.336873,103.1094,17.95718,30.17,0,0,0,0,0
"2026-07-24 00:30:00",250519,74.30231,40.09929,2.85,1.447448,104.8896,9.553912,30.16,0,0,0,0,0
"2026-07-24 00:45:00",250520,73.69653,42.34993,2.411,0.7613525,96.20538,12.74225,30.17,0,0,0,0,0
"2026-07-24 01:00:00",250521,72.04681,44.80032,0,0,0,0,30.17,0,0,0,0,0
"2026-07-24 01:15:00",250522,71.46117,44.89589,5.042,1.271359,158.9507,17.03454,30.17,0,0,0,0,0
"2026-07-24 01:30:00",250523,70.46301,47.04803,3.946,1.651542,117.8119,13.62937,30.17,0,0,0,0,0
"2026-07-24 01:45:00",250524,70.48119,46.59649,2.63,1.319823,125.7572,13.27988,30.16,0,0,0,0,0
"2026-07-24 02:00:00",250525,70.04258,47.92833,1.754,0.3032261,173.2883,21.58397,30.17,0,0,0,0,0
"2026-07-24 02:15:00",250526,69.37206,50.35446,3.288,0.9057809,88.9179,22.55515,30.17,0,0,0,0,0
"2026-07-24 02:30:00",250527,68.20562,54.28125,2.63,1.200726,91.76434,15.53585,30.17,0,0,0,0,0
"2026-07-24 02:45:00",250528,68.10422,55.43869,3.726,1.157373,108.7279,11.46387,30.17,0,0,0,0,0
"2026-07-24 03:00:00",250529,67.82795,55.34237,3.726,1.052158,88.06361,22.85914,30.16,0,0,0,0,0
"2026-07-24 03:15:00",250530,67.70718,55.37944,3.069,0.4678699,114.7603,9.966287,30.16,0,0,0,0,0
"2026-07-24 03:30:00",250531,66.7821,56.84776,1.315,0.1763341,98.32713,20.51875,30.16,0,0,0,0,0
"2026-07-24 03:45:00",250532,65.74292,58.92416,1.754,0.1317636,88.54588,3.579317,30.17,0,0,0,0,0
"2026-07-24 04:00:00",250533,65.02745,58.62165,0.658,0.05090313,315.8622,1.959329,30.17,0,0,0,0,0
"2026-07-24 04:15:00",250534,64.01041,61.41021,1.973,0.4666511,34.62864,8.590099,30.17,0,0,0,0,0
"2026-07-24 04:30:00",250535,62.64785,63.98906,2.192,0.2922663,158.2659,33.46496,30.17,0,0,0,0,0
"2026-07-24 04:45:00",250536,63.08379,62.46878,3.069,0.9398792,202.3173,48.79758,30.18,0,0,0,0,0
"2026-07-24 05:00:00",250537,63.64815,58.90492,2.411,0.8821546,134.2289,8.88568,30.18,0,0,0,0,0
"2026-07-24 05:15:00",250538,63.52612,59.10755,1.315,0.1366347,107.0639,2.911367,30.18,0,0,0,0,0
"2026-07-24 05:30:00",250539,62.55993,61.3309,1.096,0.02557334,106.8575,1.319156,30.18,0,0,0,0,0
"2026-07-24 05:45:00",250540,62.10699,62.80103,2.192,0.3553469,105.9331,5.315742,30.18,0,0,0,0,0
"2026-07-24 06:00:00",250541,61.04961,65.36781,0.877,0.01631823,108.627,1.190335,30.18,0,0,0,0,0
"2026-07-24 06:15:00",250542,61.27316,64.81866,0,0,0,0,30.18,0.002,0,0,0,0
"2026-07-24 06:30:00",250543,60.91359,65.67441,1.754,0.06746491,27.81327,3.892026,30.19,0.007,0,0,0,0
"2026-07-24 06:45:00",250544,60.35223,66.25296,1.315,0.1631822,40.26808,4.529291,30.19,0.012,0,0,0,0
"2026-07-24 07:00:00",250545,60.40739,66.04856,0.658,0.01022933,346.0849,4.219147,30.2,0.08,0,0,0,0
"2026-07-24 07:15:00",250546,62.95206,61.89301,3.288,0.7026562,98.36059,9.822931,30.2,0.114,0,0,0,0
"2026-07-24 07:30:00",250547,64.85386,58.20994,3.288,1.102087,128.8735,12.55294,30.19,0.15,0,0,0,0
"2026-07-24 07:45:00",250548,67.94139,52.4122,3.069,0.916498,158.1409,34.36675,30.2,0.188,0,0,0,0
"2026-07-24 08:00:00",250549,67.77125,56.07322,9.43,4.525504,291.6704,17.35512,30.2,0.226,0,0,0,0
"2026-07-24 08:15:00",250550,65.99847,59.38451,4.822,2.241928,10.76385,60.51328,30.21,0.268,0,0,0,0
"2026-07-24 08:30:00",250551,66.33588,59.69551,6.138,3.013274,95.46755,12.82716,30.21,0.312,0,0,0,0
"2026-07-24 08:45:00",250552,70.73106,51.44472,3.946,0.6863381,169.1668,60.20404,30.21,0.357,0,0,0,0
"2026-07-24 09:00:00",250553,73.53986,46.80917,5.042,1.636936,304.033,19.59523,30.2,0.402,0,0,0,0
"2026-07-24 09:15:00",250554,75.44416,43.03659,4.603,1.99569,314.8733,27.69437,30.2,0.447,0,0,0,0
"2026-07-24 09:30:00",250555,76.4459,42.12779,3.507,1.414569,295.4048,22.25407,30.21,0.486,0,0,0,0
"2026-07-24 09:45:00",250556,77.55008,41.36996,3.069,0.7294469,290.0235,32.04305,30.2,0.525,0,0,0,0
"2026-07-24 10:00:00",250557,80.00004,38.59974,3.069,0.383356,46.50441,17.42889,30.2,0.568,0,0,0,0
"2026-07-24 10:15:00",250558,81.56906,35.23489,3.726,0.9566848,266.8284,28.51454,30.19,0.611,0,0,0,0
"2026-07-24 10:30:00",250559,83.20493,32.44045,3.288,1.08382,275.0675,34.28488,30.19,0.641,0,0,0,0
"2026-07-24 10:45:00",250560,84.22446,29.9436,2.411,0.5989016,199.1817,25.16861,30.19,0.676,0,0,0,0
"2026-07-24 11:00:00",250561,86.14831,28.55902,3.069,0.8804517,57.55648,77.00971,30.18,0.711,0,0,0,0
"2026-07-24 11:15:00",250562,87.97613,27.6539,3.726,0.8307658,15.72744,40.4399,30.18,0.748,0,0,0,0
"2026-07-24 11:30:00",250563,89.24113,26.64773,2.63,0.4863791,213.0538,58.55651,30.18,0.777,0,0,0,0
"2026-07-24 11:45:00",250564,90.52583,26.07642,4.384,1.374138,200.5212,53.90053,30.17,0.802,0,0,0,0
"2026-07-24 12:00:00",250565,91.68855,25.28602,4.165,1.707563,182.2288,43.76902,30.17,0.832,0,0,0,0
"2026-07-24 12:15:00",250566,92.38041,24.04235,8.11,2.617731,299.6672,91.71183,30.16,0.856,0,0,0,0
"2026-07-24 12:30:00",250567,93.27401,21.7442,8.77,2.929728,164.7254,33.11217,30.16,0.886,0,0,0,0
"2026-07-24 12:45:00",250568,94.5477,21.66752,6.576,2.535901,208.2735,61.81925,30.15,0.909,0,0,0,0
"2026-07-24 13:00:00",250569,95.57089,20.85924,8.33,3.240992,189.2291,62.73626,30.15,0.943,0,0,0,0
"2026-07-24 13:15:00",250570,94.83488,21.1707,9.43,2.843511,146.5414,60.27743,30.15,0.681,0,0,0,0
"2026-07-24 13:30:00",250571,95.87641,20.36468,10.08,3.342557,279.3005,48.5041,30.14,0.944,0,0,0,0
"2026-07-24 13:45:00",250572,96.83237,18.12668,10.74,3.554205,303.9577,39.44269,30.13,0.99,0,0,0,0
"2026-07-24 14:00:00",250573,96.97147,16.65682,10.96,3.617776,291.4987,30.60359,30.13,1.091,0,0,0,0
"2026-07-24 14:15:00",250574,98.88311,17.42239,12.71,3.642127,294.6469,34.36323,30.12,1.01,0,0,0,0
"2026-07-24 14:30:00",250575,99.34716,18.15876,15.34,6.885553,317.1407,31.53976,30.12,0.846,0,0,0,0
"2026-07-24 14:45:00",250576,97.91737,18.38056,17.1,7.040699,318.1507,31.35995,30.11,0.52,0,0,0,0
"2026-07-24 15:00:00",250577,96.82191,18.28177,16.44,5.330939,303.1099,27.306,30.12,0.53,0,0,0,0
"2026-07-24 15:15:00",250578,96.7279,18.88825,7.672,3.19301,272.3408,30.38394,30.11,0.544,0,0,0,0
"2026-07-24 15:30:00",250579,96.58689,18.71716,7.453,2.797232,263.9471,62.46988,30.11,0.413,0,0,0,0
"2026-07-24 15:45:00",250580,96.47849,18.82305,12.06,2.953598,266.6112,41.29924,30.11,0.928,0,0,0,0
"2026-07-24 16:00:00",250581,97.15677,17.58186,13.81,4.733991,220.3282,44.28697,30.12,0.23,0,0,0,0
"2026-07-24 16:15:00",250582,91.78377,22.97157,25.65,12.07549,115.5004,22.6412,30.12,0.213,0,0,0,0
"2026-07-24 16:30:00",250583,89.42154,24.27955,29.59,12.99903,108.2135,24.86886,30.12,0.216,0,0,0,0
"2026-07-24 16:45:00",250584,89.68902,23.89609,30.25,15.31525,101.776,19.13625,30.12,0.371,0,0,0,0
"2026-07-24 17:00:00",250585,89.46609,24.13299,28.28,13.9455,94.93015,16.43096,30.12,0.208,0,0,0,0
"2026-07-24 17:15:00",250586,88.2561,25.30134,26.52,13.26258,96.14019,17.17343,30.12,0.172,0,0,0,0
"2026-07-24 17:30:00",250587,88.42102,24.83961,21.04,8.965763,103.5314,29.31181,30.12,0.158,0,0,0,0
"2026-07-24 17:45:00",250588,89.07798,24.62769,17.32,5.141221,141.2755,27.72577,30.12,0.186,0,0,0,0
"2026-07-24 18:00:00",250589,89.97701,24.61796,18.41,4.67846,209.492,35.46236,30.13,0.157,0,0,0,0
"2026-07-24 18:15:00",250590,86.94234,27.99948,22.14,9.394426,191.3318,26.92704,30.13,0.128,0,0,0,0
"2026-07-24 18:30:00",250591,85.60616,29.72896,18.19,6.579654,192.0502,31.92799,30.12,0.14,0,0,0,0
"2026-07-24 18:45:00",250592,85.74586,30.20881,16,5.380628,203.4783,31.34842,30.11,0.112,0,0,0,0
"2026-07-24 19:00:00",250593,85.9978,29.89733,16,6.569659,211.103,31.16113,30.11,0.109,0,0,0,0
"2026-07-24 19:15:00",250594,86.12495,29.77824,13.15,5.598617,203.8616,28.10165,30.11,0.118,0,0,0,0
"2026-07-24 19:30:00",250595,87.0957,28.23804,12.49,5.187739,196.5394,28.42273,30.11,0.069,0,0,0,0
"2026-07-24 19:45:00",250596,86.42448,29.53319,10.74,4.061772,215.5823,33.25549,30.12,0.052,0,0,0,0
"2026-07-24 20:00:00",250597,85.98897,29.44134,10.3,3.463598,220.2374,27.89233,30.11,0.027,0,0,0,0
"2026-07-24 20:15:00",250598,84.8431,30.60698,8.55,3.293115,222.4521,27.42686,30.11,0.016,0,0,0,0
"2026-07-24 20:30:00",250599,83.9298,31.53889,5.48,1.679554,213.06,31.56808,30.12,0.005,0,0,0,0
"2026-07-24 20:45:00",250600,83.10005,32.69871,4.603,1.69977,200.1435,25.93327,30.12,0.001,0,0,0,0
"2026-07-24 21:00:00",250601,82.42584,33.52534,5.261,1.48471,164.7466,28.60425,30.13,0,0,0,0,0
"2026-07-24 21:15:00",250602,82.48698,32.85796,2.63,0.7374835,84.5127,33.37035,30.14,0,0,0,0,0
"2026-07-24 21:30:00",250603,80.98615,35.53844,5.918,1.761878,83.21133,45.34282,30.15,0,0,0,0,0
"2026-07-24 21:45:00",250604,80.75108,34.64528,5.48,2.19053,124.8352,17.25997,30.15,0,0,0,0,0
"2026-07-24 22:00:00",250605,81.09123,33.04824,7.234,4.172345,128.9311,14.41064,30.15,0,0,0,0,0
"2026-07-24 22:15:00",250606,81.09563,32.75622,6.795,3.156481,136.7273,17.30943,30.15,0,0,0,0,0
"2026-07-24 22:30:00",250607,80.95584,32.89391,5.918,2.298916,140.618,18.64634,30.15,0,0,0,0,0
"2026-07-24 22:45:00",250608,80.23795,33.68641,4.603,1.934803,143.8887,17.89436,30.16,0,0,0,0,0
"2026-07-24 23:00:00",250609,80.1538,33.20375,5.699,3.044439,136.9941,14.84464,30.16,0,0,0,0,0
"2026-07-24 23:15:00",250610,79.187,34.60039,5.48,1.793297,86.88653,74.03219,30.16,0,0,0,0,0
"2026-07-24 23:30:00",250611,76.16047,39.47624,4.603,2.047329,280.3759,88.1813,30.17,0,0,0,0,0
"2026-07-24 23:45:00",250612,75.61587,39.95328,7.453,1.577263,163.6863,31.41536,30.17,0,0,0,0,0
"2026-07-25 00:00:00",250613,74.3906,42.42333,2.85,0.6519969,358.8058,16.15723,30.17,0,0,0,0,0
"2026-07-25 00:15:00",250614,72.78381,44.16613,2.192,0.5399615,22.3625,16.34868,30.17,0,0,0,0,0
"2026-07-25 00:30:00",250615,72.69178,44.17952,2.411,0.4802904,139.4325,31.97462,30.17,0,0,0,0,0
"2026-07-25 00:45:00",250616,72.77707,44.14583,3.069,0.6753775,141.2222,12.71137,30.18,0,0,0,0,0
"2026-07-25 01:00:00",250617,72.63655,44.25246,1.973,0.5182854,109.2049,8.896234,30.17,0,0,0,0,0
"2026-07-25 01:15:00",250618,73.24157,42.64885,6.795,3.724695,115.0784,12.04651,30.17,0,0,0,0,0
"2026-07-25 01:30:00",250619,74.48644,40.95763,5.48,2.843755,122.3348,17.06526,30.17,0,0,0,0,0
"2026-07-25 01:45:00",250620,75.17993,40.34546,5.918,2.463808,156.1774,61.36707,30.17,0,0,0,0,0
"2026-07-25 02:00:00",250621,72.63693,45.57365,2.63,0.2206609,321.9912,24.24428,30.17,0,0,0,0,0
"2026-07-25 02:15:00",250622,70.37,48.43319,2.411,0.4118522,285.5262,2.43286,30.17,0,0,0,0,0
"2026-07-25 02:30:00",250623,70.17086,48.87893,5.699,1.373406,305.4942,37.33393,30.17,0,0,0,0,0
"2026-07-25 02:45:00",250624,68.7578,50.82337,3.507,1.658368,67.10697,25.6314,30.17,0,0,0,0,0
"2026-07-25 03:00:00",250625,68.80703,50.99839,2.411,0.8806946,142.1813,15.68764,30.17,0,0,0,0,0
"2026-07-25 03:15:00",250626,70.52116,47.53315,5.261,0.8882456,161.5988,28.88409,30.16,0,0,0,0,0
"2026-07-25 03:30:00",250627,69.84127,49.28119,7.014,2.807464,308.8747,25.39097,30.18,0,0,0,0,0
"2026-07-25 03:45:00",250628,64.06277,58.91989,3.946,1.943815,53.48305,32.51233,30.18,0,0,0,0,0
"2026-07-25 04:00:00",250629,64.54771,57.48283,5.261,2.993539,103.0965,9.656195,30.17,0,0,0,0,0
"2026-07-25 04:15:00",250630,66.46612,54.3469,4.603,1.736547,83.43894,57.78668,30.18,0,0,0,0,0
"2026-07-25 04:30:00",250631,67.21671,53.75237,4.165,1.835434,124.7582,35.21975,30.18,0,0,0,0,0
"2026-07-25 04:45:00",250632,67.17055,53.64487,4.384,1.559725,124.5586,22.49067,30.19,0,0,0,0,0
"2026-07-25 05:00:00",250633,65.88443,55.42118,5.918,2.157655,282.1551,66.94855,30.19,0,0,0,0,0
"2026-07-25 05:15:00",250634,64.02788,58.75121,3.726,1.120112,48.89748,31.2425,30.19,0,0,0,0,0
"2026-07-25 05:30:00",250635,63.97766,59.44939,4.822,1.258204,133.2495,58.18436,30.18,0,0,0,0,0
"2026-07-25 05:45:00",250636,63.4369,60.72535,2.85,0.4050322,330.4915,41.54178,30.18,0,0,0,0,0
"2026-07-25 06:00:00",250637,63.53387,61.00823,5.699,0.9135767,311.9656,18.74203,30.18,0,0,0,0,0
"2026-07-25 06:15:00",250638,62.39291,61.94906,5.699,2.135005,321.7902,20.71518,30.18,0.002,0,0,0,0
"2026-07-25 06:30:00",250639,60.32381,65.07074,5.042,2.482558,64.86432,22.35776,30.19,0.006,0,0,0,0
"2026-07-25 06:45:00",250640,61.05111,63.72231,3.946,2.253134,88.41025,12.14722,30.19,0.012,0,0,0,0
"2026-07-25 07:00:00",250641,63.62505,59.42659,5.261,3.321371,81.60854,11.30188,30.19,0.075,0,0,0,0
"2026-07-25 07:15:00",250642,66.42879,55.58363,2.85,1.077001,102.4578,12.05052,30.19,0.109,0,0,0,0
"2026-07-25 07:30:00",250643,68.44231,53.41204,4.165,2.55636,97.99233,10.80708,30.19,0.145,0,0,0,0
"2026-07-25 07:45:00",250644,70.63845,50.61506,3.507,1.315684,211.8189,82.8044,30.2,0.185,0,0,0,0
"2026-07-25 08:00:00",250645,69.99669,52.92974,4.165,2.066083,228.7555,24.02898,30.2,0.225,0,0,0,0
"2026-07-25 08:15:00",250646,67.72186,55.90367,5.042,2.287474,215.709,24.71307,30.2,0.267,0,0,0,0
"2026-07-25 08:30:00",250647,68.21329,55.46951,5.261,1.756034,214.1022,26.22689,30.2,0.311,0,0,0,0
"2026-07-25 08:45:00",250648,69.51908,52.73629,3.946,1.249681,204.6497,22.61595,30.2,0.363,0,0,0,0
"2026-07-25 09:00:00",250649,72.09138,48.0024,4.165,1.586274,236.3937,24.04926,30.21,0.401,0,0,0,0
"2026-07-25 09:15:00",250650,74.74715,44.46274,2.411,0.3609488,141.9672,15.22299,30.21,0.445,0,0,0,0
"2026-07-25 09:30:00",250651,76.68031,42.13299,2.63,0.4074679,211.2926,18.3055,30.21,0.484,0,0,0,0
"2026-07-25 09:45:00",250652,78.95266,39.43119,2.85,0.311507,173.3945,21.03445,30.21,0.524,0,0,0,0
"2026-07-25 10:00:00",250653,80.82829,35.88364,3.507,0.8519567,196.8623,49.74282,30.21,0.567,0,0,0,0
"2026-07-25 10:15:00",250654,82.35806,34.24088,3.288,0.8178586,198.2447,31.39265,30.2,0.608,0,0,0,0
"2026-07-25 10:30:00",250655,83.97844,32.77984,4.603,2.001782,246.6756,31.80891,30.2,0.637,0,0,0,0
"2026-07-25 10:45:00",250656,85.11071,31.42213,4.822,1.377306,343.8118,81.71957,30.2,0.672,0,0,0,0
"2026-07-25 11:00:00",250657,86.83474,29.84299,4.822,1.558753,239.3237,45.80467,30.2,0.707,0,0,0,0
"2026-07-25 11:15:00",250658,86.6432,29.66104,7.453,1.970606,170.9007,43.0769,30.2,0.743,0,0,0,0
"2026-07-25 11:30:00",250659,88.28096,28.90867,7.014,2.271152,267.1185,60.525,30.2,0.767,0,0,0,0
"2026-07-25 11:45:00",250660,89.33378,28.11593,7.014,1.825448,203.6924,51.04288,30.19,0.79,0,0,0,0
"2026-07-25 12:00:00",250661,90.44405,26.6872,7.453,3.516212,216.3791,32.51027,30.19,0.812,0,0,0,0
"2026-07-25 12:15:00",250662,91.89041,25.29296,14.03,4.793659,191.5351,32.79541,30.19,0.838,0,0,0,0
"2026-07-25 12:30:00",250663,92.15897,24.5077,13.37,5.619561,178.7777,28.97079,30.18,0.858,0,0,0,0
"2026-07-25 12:45:00",250664,93.06874,23.82612,10.3,4.376451,171.4033,34.7615,30.18,0.862,0,0,0,0
"2026-07-25 13:00:00",250665,94.26447,22.48343,11.4,4.048866,191.1252,36.74064,30.17,0.876,0,0,0,0
"2026-07-25 13:15:00",250666,94.93446,21.23878,12.93,4.52575,193.9166,35.96865,30.17,0.896,0,0,0,0
"2026-07-25 13:30:00",250667,95.12587,21.051,16.22,6.136136,171.8634,30.36291,30.16,0.913,0,0,0,0
"2026-07-25 13:45:00",250668,95.37405,20.87667,13.81,5.688239,190.025,30.0299,30.15,0.917,0,0,0,0
"2026-07-25 14:00:00",250669,95.80782,20.88089,14.69,5.521894,201.1186,36.41291,30.15,0.919,0,0,0,0
"2026-07-25 14:15:00",250670,96.48161,20.87191,17.32,5.17117,173.3911,40.042,30.15,0.923,0,0,0,0
"2026-07-25 14:30:00",250671,96.77817,20.32287,16,5.74377,188.952,47.46248,30.14,0.923,0,0,0,0
"2026-07-25 14:45:00",250672,96.43814,20.36143,13.81,5.775432,162.3957,40.08339,30.13,0.889,0,0,0,0
"2026-07-25 15:00:00",250673,97.01033,19.70544,12.49,5.116856,180.9594,36.70443,30.13,0.886,0,0,0,0
"2026-07-25 15:15:00",250674,97.60642,19.68069,13.59,5.024064,190.3619,43.17204,30.13,0.781,0,0,0,0
"2026-07-25 15:30:00",250675,97.14794,19.79948,13.59,5.697246,261.9688,24.70071,30.13,0.13,0,0,0,0
"2026-07-25 15:45:00",250676,97.11832,19.613,13.15,3.828692,3.774726,62.6828,30.12,0.798,0,0,0,0
"2026-07-25 16:00:00",250677,98.08922,18.89701,7.234,1.811565,188.4035,45.46986,30.11,0.809,0,0,0,0
"2026-07-25 16:15:00",250678,99.42704,18.36555,10.74,3.751978,295.2174,46.16286,30.11,0.729,0,0,0,0
"2026-07-25 16:30:00",250679,98.07713,19.22009,11.4,4.319942,219.0715,41.3735,30.11,0.764,0,0,0,0
"2026-07-25 16:45:00",250680,98.1873,19.06787,11.18,4.216674,229.6131,50.7791,30.09,0.691,0,0,0,0
"2026-07-25 17:00:00",250681,98.10756,18.61445,12.06,3.251951,234.8665,89.71165,30.09,0.637,0,0,0,0
"2026-07-25 17:15:00",250682,96.91251,19.33874,7.672,2.578275,242.2397,41.37132,30.09,0.578,0,0,0,0
"2026-07-25 17:30:00",250683,96.84226,19.17979,8.11,1.799628,214.9722,69.82812,30.08,0.107,0,0,0,0
"2026-07-25 17:45:00",250684,96.18823,19.58644,5.261,2.619199,117.9024,23.2088,30.08,0.55,0,0,0,0
"2026-07-25 18:00:00",250685,98.91802,17.41138,15.12,3.968982,254.8632,69.72762,30.08,0.488,0,0,0,0
"2026-07-25 18:15:00",250686,98.84534,15.45186,13.81,5.680687,259.0683,26.7346,30.07,0.407,0,0,0,0
"2026-07-25 18:30:00",250687,98.52283,15.08168,11.4,4.729605,249.9684,25.39205,30.07,0.355,0,0,0,0
"2026-07-25 18:45:00",250688,97.83627,15.37398,13.59,5.189922,236.508,24.76238,30.07,0.308,0,0,0,0
"2026-07-25 19:00:00",250689,97.70858,15.23708,11.62,4.890596,248.9685,25.71202,30.07,0.29,0,0,0,0
"2026-07-25 19:15:00",250690,97.02201,15.94763,14.03,5.49339,240.8148,25.14942,30.07,0.252,0,0,0,0
"2026-07-25 19:30:00",250691,96.63308,15.86159,11.84,5.39086,238.8172,22.5311,30.07,0.217,0,0,0,0
"2026-07-25 19:45:00",250692,96.37538,16.39826,14.03,4.807301,236.3456,24.30912,30.07,0.164,0,0,0,0
"2026-07-25 20:00:00",250693,95.81351,17.52209,18.19,5.55745,225.5989,29.66669,30.07,0.117,0,0,0,0
"2026-07-25 20:15:00",250694,91.998,24.13163,14.25,5.403522,214.5242,29.5815,30.07,0.078,0,0,0,0
"2026-07-25 20:30:00",250695,90.42422,25.63733,14.03,4.889133,213.5603,29.7459,30.08,0.029,0,0,0,0
"2026-07-25 20:45:00",250696,89.50127,25.50858,12.93,4.698182,219.8118,26.86811,30.09,0.007,0,0,0,0
"2026-07-25 21:00:00",250697,88.32037,26.14744,8.11,2.997683,203.8476,27.36585,30.09,0.001,0,0,0,0
"2026-07-25 21:15:00",250698,87.3905,26.26864,5.042,1.858813,151.9821,25.48595,30.09,0,0,0,0,0
"2026-07-25 21:30:00",250699,86.88364,26.46215,5.918,1.845417,146.4958,20.41631,30.1,0,0,0,0,0
"2026-07-25 21:45:00",250700,86.43875,25.63258,8.77,3.601699,179.8646,25.31423,30.11,0,0,0,0,0
"2026-07-25 22:00:00",250701,86.16773,26.21664,10.52,3.47456,164.9799,25.45727,30.11,0,0,0,0,0
"2026-07-25 22:15:00",250702,85.2846,27.67594,7.672,2.872979,152.2854,23.29823,30.11,0,0,0,0,0
"2026-07-25 22:30:00",250703,84.95871,27.89707,8.99,3.564192,154.9032,24.95343,30.11,0,0,0,0,0
"2026-07-25 22:45:00",250704,84.80383,28.31193,8.77,3.823575,155.945,23.60943,30.12,0,0,0,0,0
"2026-07-25 23:00:00",250705,84.23083,28.69524,6.357,2.828896,144.02,26.89404,30.12,0,0,0,0,0
"2026-07-25 23:15:00",250706,83.26255,29.73531,7.014,3.023498,133.2898,15.53302,30.12,0,0,0,0,0
"2026-07-25 23:30:00",250707,82.54771,30.15393,5.699,3.351076,135.775,13.05627,30.12,0,0,0,0,0
"2026-07-25 23:45:00",250708,81.48498,31.14259,5.042,0.8125008,108.4213,13.20529,30.12,0,0,0,0,0
"2026-07-26 00:00:00",250709,80.47424,31.80133,6.795,3.295547,138.635,19.76363,30.12,0,0,0,0,0
"2026-07-26 00:15:00",250710,81.72081,29.90977,7.014,2.812821,146.4347,21.16894,30.12,0,0,0,0,0
"2026-07-26 00:30:00",250711,82.15491,29.69518,10.96,4.125343,140.1198,21.23878,30.12,0,0,0,0,0
"2026-07-26 00:45:00",250712,81.98006,29.16532,6.576,3.515474,140.5186,16.69734,30.12,0,0,0,0,0
"2026-07-26 01:00:00",250713,81.15309,29.0532,5.042,2.820126,115.2508,17.72546,30.12,0,0,0,0,0
"2026-07-26 01:15:00",250714,79.55609,31.05102,5.918,2.324496,133.6952,23.96929,30.13,0,0,0,0,0
"2026-07-26 01:30:00",250715,80.43026,30.91241,8.77,3.349134,149.7467,23.88702,30.12,0,0,0,0,0
"2026-07-26 01:45:00",250716,79.81517,31.73705,5.48,1.913127,138.4183,16.84047,30.12,0,0,0,0,0
"2026-07-26 02:00:00",250717,78.83965,32.43968,5.261,1.500059,111.8414,25.187,30.12,0,0,0,0,0
"2026-07-26 02:15:00",250718,75.18761,37.07737,4.384,1.834457,104.3824,22.14018,30.12,0,0,0,0,0
"2026-07-26 02:30:00",250719,73.74008,38.39795,2.63,0.7270131,119.8364,15.20568,30.12,0,0,0,0,0
"2026-07-26 02:45:00",250720,72.96498,40.13036,3.507,1.226298,338.6133,56.5611,30.12,0,0,0,0,0
"2026-07-26 03:00:00",250721,71.83888,41.44629,3.288,0.9596077,39.0076,27.40101,30.12,0,0,0,0,0
"2026-07-26 03:15:00",250722,71.69154,42.00075,2.192,0.6220398,96.16273,18.48886,30.12,0,0,0,0,0
"2026-07-26 03:30:00",250723,70.52433,44.20478,2.411,0.3636278,23.85254,26.81801,30.12,0,0,0,0,0
"2026-07-26 03:45:00",250724,68.05341,47.40596,2.63,0.286421,7.077716,34.52884,30.12,0,0,0,0,0
"2026-07-26 04:00:00",250725,67.31657,48.93209,1.096,0.02557334,92.70232,1.493581,30.12,0,0,0,0,0
"2026-07-26 04:15:00",250726,67.25772,49.4727,1.096,0.06941336,72.03851,1.129865,30.12,0,0,0,0,0
"2026-07-26 04:30:00",250727,67.9648,49.32476,0,0,0,0,30.12,0,0,0,0,0
"2026-07-26 04:45:00",250728,68.03079,48.09979,1.534,0.2640138,137.008,37.47839,30.12,0,0,0,0,0
"2026-07-26 05:00:00",250729,67.82395,48.26591,1.096,0.05942758,195.5737,8.104004,30.13,0,0,0,0,0
"2026-07-26 05:15:00",250730,67.50021,49.21723,2.85,0.8548774,104.8495,11.5169,30.13,0,0,0,0,0
"2026-07-26 05:30:00",250731,66.97816,49.49874,3.288,1.147145,119.5127,7.612774,30.14,0,0,0,0,0
"2026-07-26 05:45:00",250732,67.2461,48.91288,2.85,0.6154632,134.2661,26.20274,30.14,0,0,0,0,0
"2026-07-26 06:00:00",250733,66.07642,51.92777,3.069,0.7165387,238.3855,42.50639,30.15,0,0,0,0,0
"2026-07-26 06:15:00",250734,65.23507,53.10123,5.261,0.4778559,299.7298,4.619144,30.15,0.001,0,0,0,0
"2026-07-26 06:30:00",250735,63.43833,56.6633,2.85,0.2620655,334.6681,25.037,30.15,0.005,0,0,0,0
"2026-07-26 06:45:00",250736,63.3091,56.60146,2.411,0.7360236,123.7521,12.53825,30.16,0.011,0,0,0,0
"2026-07-26 07:00:00",250737,63.95405,54.73203,1.973,0.2060478,136.3374,6.149768,30.16,0.021,0,0,0,0
"2026-07-26 07:15:00",250738,65.1264,52.65219,3.288,0.6084012,80.60114,8.4192,30.16,0.106,0,0,0,0
"2026-07-26 07:30:00",250739,66.64173,49.09015,3.726,1.442819,47.95697,14.04185,30.16,0.145,0,0,0,0
"2026-07-26 07:45:00",250740,68.80115,46.60925,2.192,0.3051746,62.92653,10.88209,30.16,0.182,0,0,0,0
"2026-07-26 08:00:00",250741,72.1424,41.69801,1.754,0.3753183,65.4605,14.16665,30.16,0.221,0,0,0,0
"2026-07-26 08:15:00",250742,74.33352,40.87882,2.63,0.3426825,322.4137,11.53722,30.16,0.231,0,0,0,0
"2026-07-26 08:30:00",250743,73.93084,43.09627,2.192,0.7766978,317.347,10.88174,30.17,0.252,0,0,0,0
"2026-07-26 08:45:00",250744,74.15113,43.62289,3.946,1.68029,288.313,18.04883,30.17,0.346,0,0,0,0
"2026-07-26 09:00:00",250745,75.71484,39.1062,3.507,1.1469,220.7967,33.75075,30.17,0.408,0,0,0,0
"2026-07-26 09:15:00",250746,77.10457,38.63992,4.603,1.531473,212.3969,26.18988,30.17,0.429,0,0,0,0
"2026-07-26 09:30:00",250747,78.30087,38.00481,3.069,1.235554,200.031,17.6296,30.17,0.371,0,0,0,0
"2026-07-26 09:45:00",250748,80.47088,36.12461,3.946,1.679798,229.5592,26.34926,30.17,0.576,0,0,0,0
"2026-07-26 10:00:00",250749,83.06093,34.19212,5.042,1.849803,227.7386,30.88914,30.17,0.681,0,0,0,0
"2026-07-26 10:15:00",250750,85.9027,31.03346,5.042,2.201497,218.8355,28.10044,30.17,0.653,0,0,0,0
"2026-07-26 10:30:00",250751,87.76556,26.21,7.014,2.884673,173.4435,26.68928,30.16,0.61,0,0,0,0
"2026-07-26 10:45:00",250752,89.50576,22.7632,10.74,4.534026,171.2209,26.70925,30.16,0.77,0,0,0,0
"2026-07-26 11:00:00",250753,91.04912,21.41983,12.93,5.304154,206.7819,26.00612,30.16,0.775,0,0,0,0
"2026-07-26 11:15:00",250754,92.54764,20.80716,14.25,5.32972,205.2595,31.77673,30.15,0.398,0,0,0,0
"2026-07-26 11:30:00",250755,93.05597,20.28936,11.62,5.483896,197.4947,31.28125,30.15,0.8,0,0,0,0
"2026-07-26 11:45:00",250756,94.32288,19.52598,12.28,4.764191,204.7665,36.46741,30.15,0.831,0,0,0,0
"2026-07-26 12:00:00",250757,94.59702,19.18055,11.84,4.355261,192.4033,45.97783,30.15,0.92,0,0,0,0
"2026-07-26 12:15:00",250758,95.20099,18.95029,10.08,3.743205,191.838,56.90056,30.15,0.905,0,0,0,0
"2026-07-26 12:30:00",250759,95.97844,18.68418,10.96,3.471638,184.2394,49.64012,30.14,0.918,0,0,0,0
"2026-07-26 12:45:00",250760,95.91608,18.60373,7.234,2.065106,176.5113,39.82867,30.13,0.864,0,0,0,0
"2026-07-26 13:00:00",250761,96.80575,17.75371,8.33,2.807464,252.2567,34.91263,30.13,0.869,0,0,0,0
"2026-07-26 13:15:00",250762,96.7533,17.56103,12.28,2.602631,176.0209,59.73212,30.12,0.843,0,0,0,0
"2026-07-26 13:30:00",250763,97.35198,17.31145,11.18,3.539347,233.046,39.98501,30.12,0.861,0,0,0,0
"2026-07-26 13:45:00",250764,98.0399,17.02527,10.96,3.264128,243.408,37.318,30.11,0.803,0,0,0,0
"2026-07-26 14:00:00",250765,98.86368,16.87629,14.91,5.32778,260.7668,55.93348,30.11,0.947,0,0,0,0
"2026-07-26 14:15:00",250766,99.22123,16.19132,13.15,2.835231,212.7646,55.70867,30.1,0.997,0,0,0,0
"2026-07-26 14:30:00",250767,99.27041,15.92597,12.93,5.194554,185.3372,37.57218,30.09,0.798,0,0,0,0
"2026-07-26 14:45:00",250768,98.90295,15.95344,14.69,3.854998,193.031,44.74406,30.09,0.735,0,0,0,0
"2026-07-26 15:00:00",250769,98.16544,16.18438,10.96,3.72957,186.5181,61.11384,30.09,1.06,0,0,0,0
"2026-07-26 15:15:00",250770,98.13935,17.38466,12.49,5.136092,153.5962,43.54028,30.09,0.244,0,0,0,0
"2026-07-26 15:30:00",250771,96.416,18.09038,12.93,5.004827,216.1665,48.12413,30.09,0.154,0,0,0,0
"2026-07-26 15:45:00",250772,95.24935,19.07089,15.56,6.213835,183.62,36.7683,30.09,0.136,0,0,0,0
"2026-07-26 16:00:00",250773,94.58723,19.79058,9.64,2.73781,265.513,30.96547,30.09,0.154,0,0,0,0
"2026-07-26 16:15:00",250774,94.89343,19.28825,6.357,2.568536,259.4756,27.12915,30.09,0.178,0,0,0,0
"2026-07-26 16:30:00",250775,94.63017,20.07676,9.86,4.299729,235.5475,34.79816,30.09,0.107,0,0,0,0
"2026-07-26 16:45:00",250776,93.11479,21.96971,13.81,5.459788,216.2788,29.64718,30.09,0.091,0,0,0,0
"2026-07-26 17:00:00",250777,92.20584,22.7278,16.44,4.958064,190.9634,41.59518,30.1,0.163,0,0,0,0
"2026-07-26 17:15:00",250778,90.60774,24.52196,22.36,7.838342,236.8117,25.54882,30.1,0.416,0,0,0,0
"2026-07-26 17:30:00",250779,90.68137,25.3953,20.39,8.446995,237.3835,23.01655,30.09,0.195,0,0,0,0
"2026-07-26 17:45:00",250780,91.23848,25.1058,19.29,7.530241,222.1591,26.7401,30.09,0.241,0,0,0,0
"2026-07-26 18:00:00",250781,91.10426,24.10355,19.73,8.495456,205.7184,29.80397,30.09,0.136,0,0,0,0
"2026-07-26 18:15:00",250782,89.97171,24.51139,16,6.758428,197.991,29.47939,30.09,0.141,0,0,0,0
"2026-07-26 18:30:00",250783,89.87064,24.93961,12.28,4.359889,207.1719,37.38552,30.09,0.121,0,0,0,0
"2026-07-26 18:45:00",250784,89.70274,25.5396,15.78,5.558425,212.1692,32.38257,30.09,0.166,0,0,0,0
"2026-07-26 19:00:00",250785,88.67723,26.41657,14.91,6.802746,220.4712,27.32167,30.09,0.067,0,0,0,0
"2026-07-26 19:15:00",250786,88.07298,26.78811,12.49,4.400313,214.662,31.87679,30.09,0.087,0,0,0,0
"2026-07-26 19:30:00",250787,88.0012,27.45382,10.52,3.535449,178.7529,30.28343,30.09,0.062,0,0,0,0
"2026-07-26 19:45:00",250788,87.27748,28.32219,9.86,2.892951,164.8063,28.4913,30.09,0.056,0,0,0,0
"2026-07-26 20:00:00",250789,87.26775,27.68272,6.795,2.157658,163.0679,28.78317,30.09,0.018,0,0,0,0
"2026-07-26 20:15:00",250790,86.85107,27.79911,5.699,1.983757,147.7417,20.38878,30.1,0.017,0,0,0,0
"2026-07-26 20:30:00",250791,86.34461,28.08016,6.138,2.547344,188.6825,24.13268,30.1,0.007,0,0,0,0
"2026-07-26 20:45:00",250792,85.54692,29.40655,8.99,2.200522,196.4986,26.02167,30.11,0.001,0,0,0,0
"2026-07-26 21:00:00",250793,84.81634,30.21212,7.891,2.847407,169.2722,27.13924,30.11,0,0,0,0,0
"2026-07-26 21:15:00",250794,84.17989,31.11067,5.48,1.82228,155.4262,22.91352,30.11,0,0,0,0,0
"2026-07-26 21:30:00",250795,84.17528,30.65671,6.138,2.026136,179.118,30.73427,30.12,0,0,0,0,0
"2026-07-26 21:45:00",250796,84.37143,30.75475,9.64,3.849881,193.6965,25.20425,30.12,0,0,0,0,0
"2026-07-26 22:00:00",250797,84.14716,31.71949,8.55,3.495749,196.6523,26.80968,30.13,0,0,0,0,0
"2026-07-26 22:15:00",250798,83.7697,31.98456,8.33,2.963583,182.4516,29.48974,30.13,0,0,0,0,0
"2026-07-26 22:30:00",250799,84.3374,31.23961,7.453,2.330092,165.5467,23.99765,30.13,0,0,0,0,0
"2026-07-26 22:45:00",250800,83.83648,31.8382,7.453,2.518362,158.66,26.50316,30.13,0,0,0,0,0
"2026-07-26 23:00:00",250801,83.74931,31.62706,7.891,3.439245,184.1469,23.0548,30.13,0,0,0,0,0
"2026-07-26 23:15:00",250802,83.09815,32.17367,8.99,3.735409,187.0598,25.9969,30.13,0,0,0,0,0
"2026-07-26 23:30:00",250803,82.92226,32.5706,7.234,2.896362,178.3312,26.74388,30.13,0,0,0,0,0
"2026-07-26 23:45:00",250804,82.63457,32.87453,5.48,1.769427,138.111,19.63342,30.13,0,0,0,0,0
"2026-07-27 00:00:00",250805,81.94865,33.55867,3.069,0.9006673,188.7202,22.13926,30.13,0,0,0,0,0
"2026-07-27 00:15:00",250806,81.58971,33.88254,2.63,0.4895456,206.3723,19.05708,30.13,0,0,0,0,0
"2026-07-27 00:30:00",250807,81.52097,34.0676,5.918,2.768492,146.3105,26.94983,30.14,0,0,0,0,0
"2026-07-27 00:45:00",250808,81.38433,33.967,6.576,3.692792,134.1155,16.09266,30.13,0,0,0,0,0
"2026-07-27 01:00:00",250809,80.90197,34.55869,4.165,1.177589,241.6066,58.96644,30.13,0,0,0,0,0
"2026-07-27 01:15:00",250810,80.72668,34.45702,6.138,1.722909,214.1279,28.77285,30.13,0,0,0,0,0
"2026-07-27 01:30:00",250811,81.67773,32.84324,4.822,2.129647,180.2786,32.417,30.13,0,0,0,0,0
"2026-07-27 01:45:00",250812,81.14074,33.71998,5.261,2.070707,199.9612,15.57815,30.13,0,0,0,0,0
"2026-07-27 02:00:00",250813,80.74447,34.35589,5.48,2.102613,150.4011,22.89012,30.12,0,0,0,0,0
"2026-07-27 02:15:00",250814,81.07498,34.17891,5.042,2.115277,142.6929,25.71393,30.12,0,0,0,0,0
"2026-07-27 02:30:00",250815,80.56618,35.11506,4.603,1.793543,215.931,33.60264,30.12,0,0,0,0,0
"2026-07-27 02:45:00",250816,79.42216,37.55323,3.069,0.3297739,225.9421,6.204447,30.12,0,0,0,0,0
"2026-07-27 03:00:00",250817,78.68206,40.93124,1.973,0.4858924,133.2423,11.29392,30.12,0,0,0,0,0
"2026-07-27 03:15:00",250818,78.08334,40.67127,1.315,0.3860343,112.2332,7.492839,30.11,0,0,0,0,0
"2026-07-27 03:30:00",250819,78.02787,39.27416,2.85,0.8456233,116.8559,13.20769,30.11,0,0,0,0,0
"2026-07-27 03:45:00",250820,78.1059,39.12494,3.507,1.722181,109.4353,10.58519,30.11,0,0,0,0,0
"2026-07-27 04:00:00",250821,77.86478,39.8996,3.946,1.929443,129.6268,13.28718,30.11,0,0,0,0,0
"2026-07-27 04:15:00",250822,77.76407,39.459,7.453,2.346168,234.9878,54.67159,30.11,0,0,0,0,0
"2026-07-27 04:30:00",250823,75.22929,44.41894,4.384,1.705129,342.3204,48.44312,30.11,0,0,0,0,0
"2026-07-27 04:45:00",250824,73.61996,46.50835,3.946,1.58798,49.20472,13.56637,30.11,0,0,0,0,0
"2026-07-27 05:00:00",250825,73.8295,45.72652,3.726,1.176616,72.54822,9.86694,30.11,0,0,0,0,0
"2026-07-27 05:15:00",250826,74.04059,45.74305,3.507,0.9768997,119.9184,6.353662,30.12,0,0,0,0,0
"2026-07-27 05:30:00",250827,74.09905,46.24295,4.165,1.059708,102.1695,12.49434,30.11,0,0,0,0,0
"2026-07-27 05:45:00",250828,73.92216,46.4572,3.507,2.114791,112.6161,11.32017,30.12,0,0,0,0,0
"2026-07-27 06:00:00",250829,73.67822,46.04999,3.507,1.487633,162.4318,37.76622,30.12,0,0,0,0,0
"2026-07-27 06:15:00",250830,73.46802,45.89384,4.384,1.500058,177.8423,20.06227,30.12,0.001,0,0,0,0
"2026-07-27 06:30:00",250831,73.31552,45.27542,3.507,1.372676,212.5849,22.89947,30.12,0.003,0,0,0,0
"2026-07-27 06:45:00",250832,71.8674,48.34047,3.726,1.407989,82.51891,45.70447,30.13,0.009,0,0,0,0
"2026-07-27 07:00:00",250833,70.80914,50.88667,1.973,0.2603605,130.8235,9.60096,30.13,0.03,0,0,0,0
"2026-07-27 07:15:00",250834,71.1672,51.71767,3.507,0.8473274,351.4622,60.24702,30.13,0.071,0,0,0,0
"2026-07-27 07:30:00",250835,71.31362,52.56747,5.042,1.514184,309.6309,16.18087,30.13,0.101,0,0,0,0
"2026-07-27 07:45:00",250836,72.15673,51.09447,2.63,0.6914529,74.65512,20.52344,30.14,0.068,0,0,0,0
"2026-07-27 08:00:00",250837,72.61721,50.63725,3.288,1.815949,92.20119,14.43657,30.14,0.182,0,0,0,0
"2026-07-27 08:15:00",250838,74.73114,46.05158,2.411,0.5285143,94.56969,14.92986,30.14,0.187,0,0,0,0
"2026-07-27 08:30:00",250839,78.82658,40.31058,2.63,0.6164367,62.08514,16.01064,30.14,0.428,0,0,0,0
"2026-07-27 08:45:00",250840,82.11057,36.30992,2.411,0.525835,63.0429,18.5043,30.14,0.386,0,0,0,0
"2026-07-27 09:00:00",250841,84.1534,33.34957,5.042,0.85561,150.2423,27.62708,30.14,0.435,0,0,0,0
"2026-07-27 09:15:00",250842,83.49006,33.39757,5.042,2.126237,177.9444,30.82517,30.14,0.446,0,0,0,0
"2026-07-27 09:30:00",250843,83.47635,32.81199,6.357,2.944583,158.5723,29.11948,30.14,0.48,0,0,0,0
"2026-07-27 09:45:00",250844,84.63525,31.58326,10.74,2.799183,182.8665,38.98152,30.14,0.523,0,0,0,0
"2026-07-27 10:00:00",250845,85.85013,30.69294,8.33,2.434821,231.8215,38.54703,30.13,0.572,0,0,0,0
"2026-07-27 10:15:00",250846,86.22195,30.8463,9.21,3.139918,179.2148,33.81075,30.13,0.602,0,0,0,0
"2026-07-27 10:30:00",250847,87.33928,30.382,8.11,2.857395,209.4704,33.25825,30.13,0.632,0,0,0,0
"2026-07-27 10:45:00",250848,87.8669,29.26202,10.74,3.98335,204.0589,29.79086,30.13,0.678,0,0,0,0
"2026-07-27 11:00:00",250849,88.6453,27.31798,10.96,3.756357,181.2794,39.35102,30.13,0.293,0,0,0,0
"2026-07-27 11:15:00",250850,88.52522,26.91754,8.11,2.971866,181.8504,36.40498,30.13,0.872,0,0,0,0
"2026-07-27 11:30:00",250851,89.77623,25.54685,12.93,5.160453,189.4053,29.02214,30.13,0.888,0,0,0,0
"2026-07-27 11:45:00",250852,90.87251,24.09804,10.52,5.316576,190.5206,34.90692,30.13,0.398,0,0,0,0
"2026-07-27 12:00:00",250853,90.87672,24.30415,10.3,3.957291,188.7812,35.7058,30.12,0.719,0,0,0,0
"2026-07-27 12:15:00",250854,92.0215,23.5533,13.15,4.377424,188.0362,37.37005,30.12,0.84,0,0,0,0
"2026-07-27 12:30:00",250855,92.65686,23.25028,13.37,4.962445,188.5513,38.15137,30.12,0.889,0,0,0,0
"2026-07-27 12:45:00",250856,93.20132,23.34628,9.86,3.541053,194.9557,42.08369,30.11,0.429,0,0,0,0
"2026-07-27 13:00:00",250857,92.52495,23.66899,10.3,3.855729,184.9851,39.08306,30.11,0.945,0,0,0,0
"2026-07-27 13:15:00",250858,93.62123,22.92855,12.71,3.577343,167.148,30.97208,30.1,0.935,0,0,0,0
"2026-07-27 13:30:00",250859,94.6902,22.49143,14.47,4.779772,204.4809,37.75216,30.09,0.949,0,0,0,0
"2026-07-27 13:45:00",250860,95.24256,22.18774,12.49,4.25589,212.8756,53.86583,30.09,1.011,0,0,0,0
"2026-07-27 14:00:00",250861,96.0575,21.67696,14.25,6.027757,271.3248,65.08763,30.09,1.008,0,0,0,0
"2026-07-27 14:15:00",250862,97.7708,20.65018,16.44,7.27329,286.0867,24.59393,30.09,0.264,0,0,0,0
"2026-07-27 14:30:00",250863,95.32624,21.77461,10.96,4.176245,261.5726,48.68464,30.09,1.002,0,0,0,0
"2026-07-27 14:45:00",250864,95.82181,21.6079,13.81,7.256004,269.2253,21.63234,30.08,0.218,0,0,0,0
"2026-07-27 15:00:00",250865,95.03063,22.07657,17.1,6.994425,278.6284,18.61237,30.08,0.204,0,0,0,0
"2026-07-27 15:15:00",250866,94.4143,22.54004,13.15,5.503138,309.87,30.23991,30.07,0.94,0,0,0,0
"2026-07-27 15:30:00",250867,97.16968,21.1061,11.4,2.866165,327.3042,36.4253,30.08,0.265,0,0,0,0
"2026-07-27 15:45:00",250868,93.91561,24.6249,17.32,6.955705,90.78516,46.91561,30.07,0.25,0,0,0,0
"2026-07-27 16:00:00",250869,92.73959,25.03576,13.59,4.976328,74.88395,27.00055,30.07,0.274,0,0,0,0
"2026-07-27 16:15:00",250870,92.36492,26.13053,15.12,6.234777,104.808,29.49847,30.06,0.195,0,0,0,0
"2026-07-27 16:30:00",250871,92.17393,25.48458,12.49,5.85338,85.2281,27.01937,30.06,0.217,0,0,0,0
"2026-07-27 16:45:00",250872,93.83057,23.83058,16.66,4.040586,298.2123,50.41215,30.05,0.606,0,0,0,0
"2026-07-27 17:00:00",250873,95.9366,22.08714,18.41,9.649672,280.7018,23.56709,30.05,0.755,0,0,0,0
"2026-07-27 17:15:00",250874,95.61336,21.35388,17.32,8.068264,275.611,26.22974,30.05,0.219,0,0,0,0
"2026-07-27 17:30:00",250875,93.97369,22.41416,16.66,6.991747,263.8849,24.76981,30.04,0.157,0,0,0,0
"2026-07-27 17:45:00",250876,93.19086,22.33362,14.91,4.001371,286.6317,38.8658,30.04,0.057,0,0,0,0
"2026-07-27 18:00:00",250877,92.0147,25.27727,10.3,3.512312,41.13908,68.27045,30.05,0.039,0,0,0,0
"2026-07-27 18:15:00",250878,87.26266,37.67688,10.74,4.290228,105.6525,30.50454,30.06,0.019,0,0,0,0
"2026-07-27 18:30:00",250879,83.3477,43.46425,8.11,3.043711,56.84107,32.73019,30.07,0.013,0,0,0,0
"2026-07-27 18:45:00",250880,82.27606,42.05257,16.44,6.564062,120.154,30.65074,30.07,0.002,0,0,0,0
"2026-07-27 19:00:00",250881,80.05585,44.87604,28.93,10.55887,159.5659,37.7038,30.11,0.002,0,0,0,0
"2026-07-27 19:15:00",250882,76.22446,54.86895,31.35,6.999785,84.55579,85.62369,30.13,0.002,0.004,0.004,0.01,0.01
"2026-07-27 19:30:00",250883,72.11784,64.56805,22.36,10.8655,42.01979,19.96049,30.13,0.002,0,0.004,0,0.01
"2026-07-27 19:45:00",250884,70.1971,72.3192,11.18,5.09445,54.48047,18.10976,30.12,0.007,0,0.004,0,0.01
"2026-07-27 20:00:00",250885,69.38367,76.85514,7.014,1.993258,96.37281,50.64985,30.13,0.016,0.004,0.008,0,0.01
"2026-07-27 20:15:00",250886,70.72995,71.88013,7.672,3.215904,184.2724,79.11021,30.14,0.003,0,0.008,0,0.01
"2026-07-27 20:30:00",250887,70.32243,74.59465,13.15,4.825324,340.9251,55.06521,30.14,0.004,0,0.008,0,0.01
"2026-07-27 20:45:00",250888,69.14429,76.67809,10.08,5.026499,45.63544,22.8329,30.15,0.001,0.004,0.012,0,0.01
"2026-07-27 21:00:00",250889,68.39902,78.89386,8.77,4.147994,40.4376,19.4286,30.14,0,0,0.012,0,0.01
"2026-07-27 21:15:00",250890,68.57166,76.72755,9.21,2.950675,24.81838,23.19682,30.14,0,0,0.012,0,0.01
"2026-07-27 21:30:00",250891,68.51023,76.14542,7.672,4.015004,57.61408,18.45382,30.14,0,0,0.012,0,0.01
"2026-07-27 21:45:00",250892,68.49909,75.56047,10.08,3.691324,66.21762,19.44738,30.14,0,0.004,0.016,0,0.01
"2026-07-27 22:00:00",250893,68.42585,73.82176,3.507,1.61404,335.76,46.38945,30.14,0,0,0.016,0,0.01
"2026-07-27 22:15:00",250894,67.75226,75.5019,3.507,1.33176,43.52079,57.21735,30.13,0,0,0.016,0,0.01
"2026-07-27 22:30:00",250895,67.38015,76.12354,2.63,1.213636,102.2963,15.81192,30.13,0,0,0.016,0,0.01
"2026-07-27 22:45:00",250896,67.53022,74.45099,4.603,2.569752,82.78313,11.6824,30.13,0,0,0.016,0,0.01
"2026-07-27 23:00:00",250897,67.53458,72.62011,3.946,1.569471,108.355,18.87849,30.13,0,0.004,0.02,0,0.01
"2026-07-27 23:15:00",250898,67.58826,73.01637,3.946,1.58944,85.69759,15.5528,30.13,0,0,0.02,0,0.01
"2026-07-27 23:30:00",250899,67.36243,72.53132,2.411,1.065554,113.2057,10.13521,30.13,0,0,0.02,0,0.01
"2026-07-27 23:45:00",250900,66.65409,74.51075,2.85,0.6551629,358.5148,26.70639,30.13,0,0,0.02,0,0.01
"2026-07-28 00:00:00",250901,66.19334,74.97366,3.946,1.255282,95.03804,21.05573,30.13,0,0,0.02,0,0.01
"2026-07-28 00:15:00",250902,66.05273,74.8619,2.192,0.4642152,2.265257,51.10865,30.13,0,0,0,0,0
"2026-07-28 00:30:00",250903,65.42501,78.07385,3.288,1.492504,302.5447,27.81742,30.13,0,0,0,0,0
"2026-07-28 00:45:00",250904,64.42751,83.37597,3.288,1.501764,292.8519,18.66873,30.13,0,0,0,0,0
"2026-07-28 01:00:00",250905,64.01978,84.99233,2.63,1.074321,60.86285,27.0081,30.13,0,0,0,0,0
"2026-07-28 01:15:00",250906,64.08722,84.31419,4.165,1.515647,94.98057,16.02901,30.13,0,0,0,0,0
"2026-07-28 01:30:00",250907,64.09891,81.36124,3.288,1.531475,133.572,25.67431,30.13,0,0,0,0,0
"2026-07-28 01:45:00",250908,64.2806,77.49714,2.85,0.3538855,139.2355,19.74523,30.13,0,0,0,0,0
"2026-07-28 02:00:00",250909,64.09538,77.20308,3.507,0.9756826,212.5006,18.32015,30.12,0,0,0,0,0
"2026-07-28 02:15:00",250910,63.84602,77.56787,2.63,0.8811826,81.22903,32.82396,30.12,0,0,0,0,0
"2026-07-28 02:30:00",250911,63.08393,78.73316,1.973,0.5716236,87.51083,8.534314,30.12,0,0,0,0,0
"2026-07-28 02:45:00",250912,62.4432,80.28105,1.973,0.2944582,36.8313,13.67226,30.12,0,0,0,0,0
"2026-07-28 03:00:00",250913,62.43545,80.23568,3.288,1.851259,83.93668,17.98183,30.12,0,0,0,0,0
"2026-07-28 03:15:00",250914,63.2716,77.44036,2.85,0.8899513,58.63856,15.69149,30.12,0,0,0,0,0
"2026-07-28 03:30:00",250915,62.28569,79.48502,2.63,0.7647629,21.57598,23.42848,30.12,0,0,0,0,0
"2026-07-28 03:45:00",250916,61.35524,82.42196,0.877,0.02265067,112.6451,1.568812,30.12,0,0,0,0,0
"2026-07-28 04:00:00",250917,61.76033,82.59704,1.754,0.5100037,97.38322,8.443347,30.12,0,0,0,0,0
"2026-07-28 04:15:00",250918,61.79458,82.4397,4.384,1.693929,284.4984,11.53278,30.13,0,0,0,0,0
"2026-07-28 04:30:00",250919,60.29174,85.0638,6.795,1.516617,326.9551,34.63464,30.12,0,0,0,0,0
"2026-07-28 04:45:00",250920,58.83701,88.36402,3.069,1.865385,87.1659,20.40989,30.12,0,0,0,0,0
"2026-07-28 05:00:00",250921,59.01272,89.13882,2.192,0.371909,118.9352,9.302423,30.12,0,0,0,0,0
"2026-07-28 05:15:00",250922,59.34274,88.784,3.069,0.668072,102.837,7.61221,30.13,0,0,0,0,0
"2026-07-28 05:30:00",250923,59.65892,86.79674,5.918,1.530501,92.08562,15.02264,30.12,0,0,0,0,0
"2026-07-28 05:45:00",250924,59.4202,86.42584,0,0,0,0,30.12,0,0,0,0,0
"2026-07-28 06:00:00",250925,59.73111,85.2451,2.63,1.09405,100.8294,13.84883,30.12,0,0,0,0,0
"2026-07-28 06:15:00",250926,60.04622,83.75945,1.534,0.1198294,91.74072,4.322885,30.13,0.001,0,0,0,0
"2026-07-28 06:30:00",250927,59.64008,84.6812,1.973,0.3049305,312.4219,20.28428,30.13,0.006,0,0,0,0
"2026-07-28 06:45:00",250928,59.18835,85.70528,2.85,0.7645195,319.2231,7.782677,30.13,0.013,0,0,0,0
"2026-07-28 07:00:00",250929,58.05223,87.38808,3.507,1.438923,337.9346,27.11388,30.14,0.066,0,0,0,0
"2026-07-28 07:15:00",250930,58.04377,88.88029,2.411,1.295224,55.90641,15.66659,30.14,0.106,0,0,0,0
"2026-07-28 07:30:00",250931,59.94145,85.99168,1.973,0.402596,49.54948,9.388902,30.14,0.135,0,0,0,0
"2026-07-28 07:45:00",250932,62.9141,79.94505,0.658,0.0009742222,96.1461,0.03638246,30.14,0.178,0,0,0,0
"2026-07-28 08:00:00",250933,64.61561,74.75591,1.534,0.2942146,271.4692,27.64442,30.14,0.204,0,0,0,0
"2026-07-28 08:15:00",250934,65.82228,71.63876,2.63,0.8456237,215.1513,31.6326,30.14,0.243,0,0,0,0
"2026-07-28 08:30:00",250935,66.38982,71.28525,2.85,0.9174724,201.6335,18.57626,30.14,0.229,0,0,0,0
"2026-07-28 08:45:00",250936,67.38879,69.89449,2.85,0.82687,235.3238,23.9415,30.14,0.3,0,0,0,0
"2026-07-28 09:00:00",250937,68.7249,67.87321,2.85,0.4505768,252.5869,19.97323,30.14,0.343,0,0,0,0
"2026-07-28 09:15:00",250938,70.6289,64.55715,1.973,0.2143287,285.069,14.84252,30.14,0.423,0,0,0,0
"2026-07-28 09:30:00",250939,72.57304,60.41837,4.384,0.9978461,255.7148,51.99854,30.13,0.294,0,0,0.01,0.01
"2026-07-28 09:45:00",250940,72.66376,62.08665,4.603,1.614282,306.8591,23.32349,30.13,0.51,0,0,0,0.01
"2026-07-28 10:00:00",250941,74.20026,58.26749,3.288,0.8967683,308.4105,62.11047,30.13,0.557,0,0,0,0.01
"2026-07-28 10:15:00",250942,76.00449,54.65345,4.165,1.25236,261.0921,31.32555,30.13,0.592,0,0,0,0.01
"2026-07-28 10:30:00",250943,77.85063,51.68827,4.603,1.590659,314.3185,39.27611,30.12,0.628,0,0,0,0.01
"2026-07-28 10:45:00",250944,79.08402,50.44669,3.726,1.422851,324.9552,45.8357,30.12,0.666,0,0,0,0.01
"2026-07-28 11:00:00",250945,80.3713,47.11807,4.603,1.476674,257.188,49.88597,30.12,0.696,0,0,0,0.01
"2026-07-28 11:15:00",250946,81.97279,42.75105,4.165,1.039494,171.0586,45.77248,30.12,0.736,0,0,0,0.01
"2026-07-28 11:30:00",250947,83.9763,38.10143,4.822,1.277203,85.12888,54.5273,30.12,0.768,0,0,0,0.01
"2026-07-28 11:45:00",250948,85.85366,34.07726,5.918,1.859545,164.2538,43.1973,30.11,0.795,0,0,0,0.01
"2026-07-28 12:00:00",250949,87.33018,30.69354,9.21,3.717145,198.0182,39.8773,30.11,0.817,0,0,0,0.01
"2026-07-28 12:15:00",250950,87.98306,28.6086,10.96,4.319209,205.34,31.75867,30.11,0.841,0,0,0,0.01
"2026-07-28 12:30:00",250951,89.02663,26.90599,11.62,4.908859,193.6418,31.08124,30.11,0.857,0,0,0,0.01
"2026-07-28 12:45:00",250952,90.48956,24.27555,9.64,3.651141,149.901,30.50522,30.1,0.868,0,0,0,0.01
"2026-07-28 13:00:00",250953,91.29581,22.96735,10.3,4.482882,176.1971,49.33097,30.09,0.868,0,0,0,0.01
"2026-07-28 13:15:00",250954,91.7589,23.09557,12.49,3.70716,216.7936,32.49349,30.09,0.888,0,0,0,0.01
"2026-07-28 13:30:00",250955,92.43339,21.87122,12.06,4.509429,181.9979,32.5709,30.08,0.901,0,0,0,0.01
"2026-07-28 13:45:00",250956,93.27551,21.24421,13.81,4.047404,180.2273,33.92239,30.07,0.9,0,0,0,0.01
"2026-07-28 14:00:00",250957,93.66959,20.92142,13.37,4.374985,180.7626,52.03379,30.07,0.891,0,0,0,0.01
"2026-07-28 14:15:00",250958,93.53565,20.8664,14.47,6.438147,149.0454,31.01616,30.06,0.887,0,0,0,0.01
"2026-07-28 14:30:00",250959,94.4249,20.4249,12.71,3.88666,184.8302,41.34013,30.06,0.883,0,0,0,0.01
"2026-07-28 14:45:00",250960,94.97765,20.22891,13.37,5.223777,186.2572,41.88732,30.05,0.846,0,0,0,0.01
"2026-07-28 15:00:00",250961,95.20072,19.08561,12.93,4.9963,165.666,36.26715,30.05,0.818,0,0,0,0.01
"2026-07-28 15:15:00",250962,94.69075,18.62894,13.15,5.267622,162.643,35.04546,30.04,0.799,0,0,0,0.01
"2026-07-28 15:30:00",250963,95.31441,18.61664,14.47,4.788058,184.3084,38.14984,30.04,0.635,0,0,0,0.01
"2026-07-28 15:45:00",250964,95.21598,18.25768,11.4,4.545481,182.9063,29.41277,30.03,0.757,0,0,0,0.01
"2026-07-28 16:00:00",250965,96.27306,17.84361,13.15,4.253456,243.2099,26.93127,30.03,0.708,0,0,0,0.01
"2026-07-28 16:15:00",250966,96.27581,17.23953,13.59,5.619561,230.0326,25.9455,30.02,0.641,0,0,0,0.01
"2026-07-28 16:30:00",250967,96.25706,17.02285,10.3,3.314059,233.5229,47.73597,30.01,0.588,0,0,0,0.01
"2026-07-28 16:45:00",250968,96.06796,16.85169,8.11,2.95944,198.6279,41.9528,30.01,0.494,0,0,0,0.01
"2026-07-28 17:00:00",250969,96.06701,16.76308,14.91,6.287141,217.6188,62.66454,30.01,0.446,0,0,0,0.01
"2026-07-28 17:15:00",250970,94.95715,16.16355,14.03,6.365564,256.9122,25.66711,30.01,0.254,0,0,0,0.01
"2026-07-28 17:30:00",250971,94.23539,16.66701,8.77,3.555906,301.6131,33.43755,30.01,0.27,0,0,0,0.01
"2026-07-28 17:45:00",250972,94.1979,16.96776,10.08,2.796259,299.736,21.71546,30.01,0.152,0,0,0,0.01
"2026-07-28 18:00:00",250973,93.26966,17.73507,7.672,3.702043,289.399,27.34879,30,0.233,0,0,0,0.01
"2026-07-28 18:15:00",250974,93.08138,18.25672,8.77,3.708372,292.0737,24.99339,30,0.118,0,0,0,0.01
"2026-07-28 18:30:00",250975,92.62262,18.27891,8.77,4.036929,271.3783,29.05983,29.99,0.087,0,0,0,0.01
"2026-07-28 18:45:00",250976,91.47947,18.36479,8.55,3.816995,273.3415,20.37428,29.99,0.091,0,0,0,0.01
"2026-07-28 19:00:00",250977,90.83665,19.05617,6.357,2.041725,256.2319,23.22411,29.99,0.086,0,0,0,0.01
"2026-07-28 19:15:00",250978,90.43372,19.68597,5.918,2.071683,232.2274,26.19953,29.99,0.043,0,0,0,0.01
"2026-07-28 19:30:00",250979,89.71155,20.69065,3.726,1.415787,165.416,22.98115,29.99,0.043,0,0,0,0.01
"2026-07-28 19:45:00",250980,89.02023,21.1083,4.603,1.748727,151.3446,20.1013,29.99,0.025,0,0,0,0.01
"2026-07-28 20:00:00",250981,88.50824,21.26972,3.507,1.379252,146.8785,18.18313,29.99,0.026,0,0,0,0.01
"2026-07-28 20:15:00",250982,88.40703,20.86429,5.261,2.113574,138.5627,21.30504,29.99,0.03,0,0,0,0.01
"2026-07-28 20:30:00",250983,87.84843,22.10147,7.453,3.865709,116.3474,12.96427,29.99,0.011,0,0,0,0.01
"2026-07-28 20:45:00",250984,87.27434,22.88599,21.04,4.377416,147.8836,32.97941,30.01,0.002,0,0,0,0.01
"2026-07-28 21:00:00",250985,86.45757,24.27049,27.84,9.37689,190.9907,31.29735,30.01,0,0,0,0,0.01
"2026-07-28 21:15:00",250986,85.59134,25.65626,13.37,5.800272,168.4677,27.3802,30.01,0,0,0,0,0.01
"2026-07-28 21:30:00",250987,85.7549,25.38617,14.69,6.098383,173.6477,27.76579,30.02,0,0,0,0,0.01
"2026-07-28 21:45:00",250988,85.03804,26.35938,16.44,5.897944,189.7419,31.05284,30.03,0,0,0,0,0.01
"2026-07-28 22:00:00",250989,84.37231,26.84188,9.43,3.294092,173.6228,29.62216,30.03,0,0,0,0,0.01
"2026-07-28 22:15:00",250990,84.91401,27.1202,14.03,4.464128,98.29233,42.07025,30.03,0,0,0,0,0.01
"2026-07-28 22:30:00",250991,84.46388,28.6171,11.84,3.539348,129.738,57.28306,30.03,0,0,0,0,0.01
"2026-07-28 22:45:00",250992,82.75758,29.09003,6.357,2.029792,155.9022,42.48915,30.03,0,0,0,0,0.01
"2026-07-28 23:00:00",250993,82.57037,28.51189,8.99,2.862021,178.9355,26.2855,30.05,0,0,0,0,0.01
"2026-07-28 23:15:00",250994,81.62848,29.9908,8.77,3.776572,141.2424,24.26897,30.04,0,0,0,0,0.01
"2026-07-28 23:30:00",250995,80.07938,33.41947,7.891,3.376894,150.1084,25.83657,30.04,0,0,0,0,0.01
"2026-07-28 23:45:00",250996,79.26377,35.21891,6.357,1.664456,153.9113,24.81105,30.03,0,0,0,0,0.01
"2026-07-29 00:00:00",250997,78.42819,36.25195,4.822,2.187128,191.1152,26.68454,30.03,0,0,0,0,0.01
"2026-07-29 00:15:00",250998,77.78803,37.11493,5.261,2.800156,161.4119,24.08762,30.03,0,0,0,0,0
"2026-07-29 00:30:00",250999,77.44446,37.51023,6.138,2.609208,147.1299,19.13192,30.03,0,0,0,0,0
"2026-07-29 00:45:00",251000,77.76929,36.94855,6.795,3.098264,160.6915,24.8873,30.04,0,0,0,0,0
"2026-07-29 01:00:00",251001,78.24769,37.0402,8.77,3.970196,161.5213,25.51127,30.05,0,0,0,0,0
"2026-07-29 01:15:00",251002,78.41138,37.57819,9.86,4.209856,185.7641,42.56596,30.05,0,0,0,0,0
"2026-07-29 01:30:00",251003,77.92383,39.05975,10.74,3.572718,198.1006,31.37209,30.05,0,0,0,0,0
"2026-07-29 01:45:00",251004,77.23792,40.70213,6.138,2.02906,158.5785,25.1177,30.05,0,0,0,0,0
"2026-07-29 02:00:00",251005,76.78423,41.38477,6.138,2.503016,140.8921,18.19722,30.04,0,0,0,0,0
"2026-07-29 02:15:00",251006,76.71533,41.2249,5.918,1.861006,165.3214,32.74219,30.03,0,0,0,0,0
"2026-07-29 02:30:00",251007,76.795,40.98054,5.918,2.030033,214.2688,27.95465,30.04,0,0,0,0,0
"2026-07-29 02:45:00",251008,76.86814,40.96148,5.48,2.620166,161.0338,24.472,30.04,0,0,0,0,0
"2026-07-29 03:00:00",251009,76.91253,40.33002,5.261,2.497173,157.0684,27.06241,30.05,0,0,0,0,0
"2026-07-29 03:15:00",251010,77.5147,39.13091,6.795,3.346692,139.9565,18.88965,30.05,0,0,0,0,0
"2026-07-29 03:30:00",251011,77.88382,38.00346,6.795,3.231011,117.9366,14.86986,30.05,0,0,0,0,0
"2026-07-29 03:45:00",251012,77.75228,37.88537,4.165,1.448911,179.8728,33.53817,30.05,0,0,0,0,0
"2026-07-29 04:00:00",251013,77.54364,38.59658,4.822,1.651303,241.3812,26.50347,30.05,0,0,0,0,0
"2026-07-29 04:15:00",251014,76.09123,42.25615,5.699,1.831048,314.4034,61.54895,30.05,0,0,0,0,0
"2026-07-29 04:30:00",251015,71.8765,49.69114,3.288,1.321774,52.51456,19.51599,30.06,0,0,0,0,0
"2026-07-29 04:45:00",251016,72.13419,49.9878,1.315,0.07598937,346.2656,25.91982,30.06,0,0,0,0,0
"2026-07-29 05:00:00",251017,72.3791,49.66333,1.754,0.4544744,59.33072,13.06394,30.06,0,0,0,0,0
"2026-07-29 05:15:00",251018,72.81344,48.88522,3.507,1.591142,75.41956,13.53194,30.06,0,0,0,0,0
"2026-07-29 05:30:00",251019,73.16783,48.11827,2.192,0.4152613,112.8576,5.74936,30.06,0,0,0,0,0
"2026-07-29 05:45:00",251020,72.82791,49.084,7.672,1.922384,272.8702,22.30363,30.06,0,0,0,0,0
"2026-07-29 06:00:00",251021,70.58427,55.14561,3.946,1.287188,30.99121,35.32647,30.07,0,0,0,0,0
"2026-07-29 06:15:00",251022,69.94411,56.87068,2.192,0.3607055,89.56159,3.688513,30.08,0,0,0,0,0
"2026-07-29 06:30:00",251023,70.45389,55.80427,1.973,0.3117505,195.1483,32.50988,30.08,0.001,0,0,0,0
"2026-07-29 06:45:00",251024,71.23471,54.23302,2.192,0.2369792,185.4068,7.722395,30.09,0.003,0,0,0,0
"2026-07-29 07:00:00",251025,71.68529,53.06608,1.754,0.1673227,237.7031,8.006016,30.1,0.008,0,0,0,0
"2026-07-29 07:15:00",251026,71.64052,54.2025,2.85,0.8429437,237.68,14.46345,30.1,0.013,0,0,0,0
"2026-07-29 07:30:00",251027,72.11946,53.03727,2.63,0.8122569,133.0645,24.26019,30.1,0.026,0,0,0,0
"2026-07-29 07:45:00",251028,71.81371,55.76414,1.534,0.2226094,283.6134,3.124242,30.1,0.025,0,0,0,0
"2026-07-29 08:00:00",251029,71.37168,57.52502,1.754,0.09084627,80.11102,13.5876,30.11,0.027,0,0,0,0
"2026-07-29 08:15:00",251030,71.74465,60.51885,3.946,0.7236026,60.18862,19.19893,30.11,0.037,0,0,0,0
"2026-07-29 08:30:00",251031,69.97952,67.20654,4.603,1.52977,3.729533,32.30512,30.12,0.053,0,0,0,0
"2026-07-29 08:45:00",251032,70.7128,60.49371,8.77,2.569026,123.4673,31.73043,30.13,0.058,0,0,0,0
"2026-07-29 09:00:00",251033,70.97821,60.96095,5.042,2.574867,35.07458,18.95262,30.14,0.067,0,0,0,0
"2026-07-29 09:15:00",251034,71.07164,62.15642,6.357,3.096072,39.86285,16.31344,30.14,0.099,0,0,0,0
"2026-07-29 09:30:00",251035,71.55423,60.35308,6.795,3.632136,62.99998,15.94476,30.15,0.169,0,0,0,0
"2026-07-29 09:45:00",251036,72.32463,59.20242,9.64,5.273221,46.48544,15.75112,30.15,0.173,0,0,0,0
"2026-07-29 10:00:00",251037,72.8876,56.32532,10.74,5.251055,41.36139,18.88163,30.15,0.218,0,0,0,0
"2026-07-29 10:15:00",251038,74.08825,52.99047,10.08,5.415694,36.0601,17.28399,30.15,0.292,0,0,0,0
"2026-07-29 10:30:00",251039,74.96199,51.9781,13.37,4.218379,5.254836,41.00069,30.15,0.384,0,0,0,0
"2026-07-29 10:45:00",251040,74.98269,57.85487,13.37,4.436122,332.5791,38.14719,30.15,0.571,0,0,0,0
"2026-07-29 11:00:00",251041,75.53205,54.73853,11.18,3.909554,344.9995,43.29472,30.15,0.348,0,0,0,0
"2026-07-29 11:15:00",251042,73.60159,57.57879,12.93,4.125828,332.3818,40.70975,30.15,0.215,0,0,0,0
"2026-07-29 11:30:00",251043,71.87578,61.10273,11.84,3.948764,339.9862,39.74725,30.14,0.183,0,0,0,0
"2026-07-29 11:45:00",251044,71.56593,61.70999,10.08,2.676913,329.5482,28.85252,30.14,0.205,0,0,0,0
"2026-07-29 12:00:00",251045,71.98783,60.10852,8.77,3.788988,321.2372,26.37281,30.14,0.221,0,0,0,0
"2026-07-29 12:15:00",251046,72.55544,59.19357,8.99,4.247122,324.3087,22.96714,30.13,0.305,0,0,0,0
"2026-07-29 12:30:00",251047,73.11726,58.29505,6.795,2.913653,330.1664,28.30702,30.13,0.174,0,0,0,0
"2026-07-29 12:45:00",251048,73.16131,57.28146,5.699,1.885116,339.9747,33.33059,30.13,0.239,0,0,0,0
"2026-07-29 13:00:00",251049,73.91481,57.14479,5.042,2.003243,25.60519,25.14364,30.13,0.377,0,0,0,0
"2026-07-29 13:15:00",251050,75.2474,54.1287,6.357,2.073874,23.2234,32.53043,30.12,0.275,0,0,0,0
"2026-07-29 13:30:00",251051,75.79939,53.67191,7.234,2.759238,345.392,39.03786,30.11,0.326,0,0,0,0
"2026-07-29 13:45:00",251052,77.44815,51.661,7.234,1.955992,1.324746,44.265,30.11,0.363,0,0,0,0
"2026-07-29 14:00:00",251053,78.54172,49.25486,7.891,2.201984,349.6901,43.52328,30.11,0.318,0,0,0,0
"2026-07-29 14:15:00",251054,77.77527,49.88624,7.453,2.298918,357.1566,37.58157,30.1,0.306,0,0,0,0
"2026-07-29 14:30:00",251055,77.80299,49.53402,7.234,2.903668,349.6035,36.4804,30.1,0.176,0,0,0,0
"2026-07-29 14:45:00",251056,77.47601,50.16443,9.21,1.745559,350.3457,40.16075,30.09,0.152,0,0,0,0
"2026-07-29 15:00:00",251057,77.35442,50.61521,3.946,0.9406096,0.6256958,32.75071,30.09,0.154,0,0,0,0
"2026-07-29 15:15:00",251058,77.60886,51.26418,6.138,2.020536,350.2658,39.84007,30.1,0.101,0,0,0,0
"2026-07-29 15:30:00",251059,77.05991,51.27875,6.138,2.940929,319.6578,22.60248,30.1,0.112,0,0,0,0
"2026-07-29 15:45:00",251060,76.88396,51.22665,5.48,2.46381,316.6397,27.95218,30.11,0.035,0,0,0,0
"2026-07-29 16:00:00",251061,75.8699,57.48368,6.795,2.60629,221.7771,25.10385,30.13,0.059,0,0,0,0
"2026-07-29 16:15:00",251062,73.88178,65.13924,11.62,3.808232,198.3156,24.13431,30.13,0.056,0.004,0.004,0,0
"2026-07-29 16:30:00",251063,73.31483,63.17193,14.25,5.377707,180.9963,30.07693,30.12,0.049,0,0.004,0,0
"2026-07-29 16:45:00",251064,72.44276,62.29572,10.74,3.48552,157.7331,25.24161,30.12,0.069,0,0.004,0,0
"2026-07-29 17:00:00",251065,72.06596,62.43389,10.52,3.739795,209.1187,37.57411,30.11,0.081,0,0.004,0,0
"2026-07-29 17:15:00",251066,73.65364,50.40641,16.22,6.952291,135.76,34.03803,30.09,0.079,0,0.004,0,0
"2026-07-29 17:30:00",251067,74.47925,48.16526,11.62,3.9948,59.06652,44.44628,30.08,0.095,0,0.004,0,0
"2026-07-29 17:45:00",251068,72.64357,54.40061,16,6.405993,271.9562,33.46845,30.07,0.098,0,0.004,0,0
"2026-07-29 18:00:00",251069,73.11458,50.29006,12.49,5.330215,227.9514,27.84211,30.08,0.111,0,0.004,0,0
"2026-07-29 18:15:00",251070,72.51563,55.64302,10.08,3.689377,159.5617,32.85916,30.09,0.134,0,0.004,0,0
"2026-07-29 18:30:00",251071,71.89895,56.53076,8.33,3.717144,151.4321,33.46849,30.09,0.123,0,0.004,0,0
"2026-07-29 18:45:00",251072,72.03234,54.97008,8.77,3.51816,150.1836,35.35357,30.08,0.182,0,0.004,0,0
"2026-07-29 19:00:00",251073,72.47688,53.45111,9.21,4.084912,240.7467,29.34272,30.08,0.289,0,0.004,0,0
"2026-07-29 19:15:00",251074,72.96339,51.49856,8.77,3.857427,218.2156,26.68323,30.08,0.067,0,0.004,0,0
"2026-07-29 19:30:00",251075,72.62589,51.35464,11.62,5.12441,188.6671,24.91328,30.08,0.167,0,0.004,0,0
"2026-07-29 19:45:00",251076,73.09187,49.52866,10.96,4.854302,180.1824,22.52838,30.08,0.13,0,0.004,0,0
"2026-07-29 20:00:00",251077,73.08683,49.61631,8.33,4.340403,183.524,24.54008,30.08,0.088,0,0.004,0,0
"2026-07-29 20:15:00",251078,72.56808,52.68671,8.55,3.726399,186.9926,24.73611,30.09,0.037,0,0.004,0,0
"2026-07-29 20:30:00",251079,71.75623,54.17367,6.357,2.792609,181.4793,25.16555,30.1,0.01,0,0.004,0,0
"2026-07-29 20:45:00",251080,70.99078,54.84217,7.014,2.517632,166.2673,26.84629,30.1,0.002,0,0.004,0,0
"2026-07-29 21:00:00",251081,70.26422,55.78593,6.576,3.167438,135.2286,16.33342,30.1,0,0,0.004,0,0
"2026-07-29 21:15:00",251082,69.46617,56.7198,5.042,2.635268,130.6974,14.38518,30.1,0,0,0.004,0,0
"2026-07-29 21:30:00",251083,68.97899,57.21966,7.672,2.4112,134.0245,16.69689,30.1,0,0,0.004,0,0
"2026-07-29 21:45:00",251084,68.04776,58.64706,5.699,2.254106,120.034,14.39853,30.1,0,0,0.004,0,0
"2026-07-29 22:00:00",251085,66.50323,61.35965,2.192,0.2518361,319.4371,35.9621,30.11,0,0,0.004,0,0
"2026-07-29 22:15:00",251086,64.94308,64.50916,2.63,0.5872115,47.73334,39.10994,30.12,0,0,0.004,0,0
"2026-07-29 22:30:00",251087,63.69886,67.32492,5.918,0.8390483,319.3531,38.23908,30.13,0,0,0.004,0,0
"2026-07-29 22:45:00",251088,63.02231,68.60212,2.411,0.8290617,49.29987,20.497,30.12,0,0,0.004,0,0
"2026-07-29 23:00:00",251089,63.45809,67.58684,3.726,1.813027,136.5266,33.07624,30.12,0,0,0.004,0,0
"2026-07-29 23:15:00",251090,64.53781,62.7486,6.576,3.330862,169.1972,14.7187,30.11,0,0,0.004,0,0
"2026-07-29 23:30:00",251091,65.09056,59.96903,6.576,2.438234,263.5832,71.14032,30.12,0,0,0.004,0,0
"2026-07-29 23:45:00",251092,62.29189,68.87675,3.726,1.521001,88.281,36.47208,30.12,0,0,0.004,0,0
"2026-07-30 00:00:00",251093,61.32476,71.10605,4.822,2.355913,93.38931,19.90101,30.11,0,0,0.004,0,0
"2026-07-30 00:15:00",251094,61.83738,69.87492,2.63,0.7114241,117.6146,33.65011,30.11,0,0,0,0,0
"2026-07-30 00:30:00",251095,61.7265,68.39113,1.754,0.2664495,82.81475,37.92374,30.12,0,0,0,0,0
"2026-07-30 00:45:00",251096,61.2135,69.88799,3.507,0.8339336,305.0371,41.80334,30.11,0,0,0,0,0
"2026-07-30 01:00:00",251097,61.01619,67.78436,3.507,1.240914,111.1077,16.94203,30.12,0,0,0,0,0
"2026-07-30 01:15:00",251098,61.22777,66.56511,4.384,1.824467,109.6046,16.20022,30.11,0,0,0,0,0
"2026-07-30 01:30:00",251099,61.10683,66.69904,4.822,1.637424,126.8499,15.87891,30.12,0,0,0,0,0
"2026-07-30 01:45:00",251100,61.36693,65.96695,5.48,2.4677,96.96644,19.95118,30.11,0,0,0,0,0
"2026-07-30 02:00:00",251101,60.99553,65.41168,3.946,0.4988014,128.1331,58.31934,30.11,0,0,0,0,0
"2026-07-30 02:15:00",251102,58.83484,72.18314,4.822,1.721933,0.2925609,24.42193,30.11,0,0,0,0,0
"2026-07-30 02:30:00",251103,56.00878,79.61044,2.192,0.2532975,33.87493,10.93332,30.12,0,0,0,0,0
"2026-07-30 02:45:00",251104,55.60271,81.74641,1.973,0.6909661,121.5425,15.52574,30.12,0,0,0,0,0
"2026-07-30 03:00:00",251105,56.99072,78.92525,2.85,1.575313,100.7807,7.996295,30.12,0,0,0,0,0
"2026-07-30 03:15:00",251106,57.7026,76.42058,4.165,1.725344,107.3737,10.03113,30.12,0,0,0,0,0
"2026-07-30 03:30:00",251107,57.56447,76.44882,0,0,0,0,30.12,0,0,0,0,0
"2026-07-30 03:45:00",251108,57.72493,75.576,2.63,0.3012777,57.7225,29.13621,30.12,0,0,0,0,0
"2026-07-30 04:00:00",251109,56.99404,76.64495,1.973,0.1914346,134.248,1.550616,30.13,0,0,0,0,0
"2026-07-30 04:15:00",251110,57.14574,76.07503,2.63,0.5521402,132.377,3.589768,30.13,0,0,0,0,0
"2026-07-30 04:30:00",251111,56.19134,77.48047,2.411,0.4318228,341.051,12.26393,30.14,0,0,0,0,0
"2026-07-30 04:45:00",251112,54.79181,79.87727,1.315,0.1188552,94.3662,2.500244,30.13,0,0,0,0,0
"2026-07-30 05:00:00",251113,55.42124,79.98584,1.754,0.3721518,121.3694,5.862831,30.13,0,0,0,0,0
"2026-07-30 05:15:00",251114,55.53623,79.33473,2.85,1.173205,303.2345,9.110761,30.14,0,0,0,0,0
"2026-07-30 05:30:00",251115,54.70809,81.53106,2.192,0.5830708,114.7926,12.26572,30.14,0,0,0,0,0
"2026-07-30 05:45:00",251116,55.36742,79.80213,1.534,0.6235002,144.3062,7.096653,30.14,0,0,0,0,0
"2026-07-30 06:00:00",251117,55.55688,78.30842,3.507,1.241402,124.2713,11.12095,30.15,0,0,0,0,0
"2026-07-30 06:15:00",251118,56.29694,76.25632,3.288,1.198535,118.8162,8.853973,30.15,0.001,0,0,0,0
"2026-07-30 06:30:00",251119,55.46202,78.10032,3.069,1.158105,322.2807,10.62125,30.15,0.005,0,0,0,0
"2026-07-30 06:45:00",251120,54.64829,80.30397,2.63,0.4410785,90.68393,3.503345,30.15,0.013,0,0,0,0
"2026-07-30 07:00:00",251121,54.45964,80.84801,0.877,0.03166224,108.7593,2.098444,30.16,0.031,0,0,0,0
"2026-07-30 07:15:00",251122,55.27404,79.94145,2.192,0.4656774,106.5498,9.611607,30.16,0.092,0,0,0,0
"2026-07-30 07:30:00",251123,57.6769,74.88787,1.754,0.07452803,142.5253,12.84519,30.16,0.128,0,0,0,0
"2026-07-30 07:45:00",251124,59.85363,70.7817,3.726,1.059221,276.2025,21.79228,30.16,0.165,0,0,0,0
"2026-07-30 08:00:00",251125,60.71266,69.11414,4.384,1.853941,1.343883,39.0473,30.16,0.203,0,0,0,0
"2026-07-30 08:15:00",251126,60.24894,70.25944,3.288,1.086744,23.55429,21.61494,30.16,0.247,0,0,0,0
"2026-07-30 08:30:00",251127,62.11437,66.72569,3.069,0.5009925,19.3758,17.70908,30.17,0.291,0,0,0,0
"2026-07-30 08:45:00",251128,64.6963,61.80181,3.946,1.02415,32.4823,22.00034,30.18,0.337,0,0,0,0
"2026-07-30 09:00:00",251129,66.39747,59.21161,3.288,0.9937056,52.49646,29.57898,30.18,0.377,0,0,0,0
"2026-07-30 09:15:00",251130,68.55243,56.62011,4.822,2.116254,285.8006,16.82133,30.18,0.422,0,0,0,0
"2026-07-30 09:30:00",251131,70.05511,54.1278,5.261,1.603324,295.9525,28.05523,30.18,0.462,0,0,0,0
"2026-07-30 09:45:00",251132,71.94646,51.33435,5.042,1.309597,294.9843,23.51329,30.18,0.503,0,0,0,0
"2026-07-30 10:00:00",251133,72.94137,49.18491,1.534,0.09815294,320.2463,6.484807,30.18,0.547,0,0,0,0
"2026-07-30 10:15:00",251134,74.15999,47.48206,2.63,0.7460088,90.26534,54.69732,30.18,0.583,0,0,0,0
"2026-07-30 10:30:00",251135,75.52769,44.91652,2.63,0.6422552,2.641973,28.51541,30.18,0.618,0,0,0,0
"2026-07-30 10:45:00",251136,77.55086,41.4581,2.192,0.3409767,59.16385,20.63059,30.17,0.653,0,0,0,0
"2026-07-30 11:00:00",251137,78.68001,39.81065,3.069,0.7445472,230.0378,28.1485,30.18,0.689,0,0,0,0
"2026-07-30 11:15:00",251138,79.9052,37.04203,3.946,0.9048075,192.0541,27.91372,30.17,0.722,0,0,0,0
"2026-07-30 11:30:00",251139,81.35999,35.08176,5.48,1.753112,264.4217,53.1999,30.17,0.758,0,0,0,0
"2026-07-30 11:45:00",251140,83.38601,33.32738,6.795,2.409736,228.9163,29.53173,30.17,0.781,0,0,0,0
"2026-07-30 12:00:00",251141,83.90794,32.83494,9.86,3.558101,171.0013,36.22381,30.16,0.798,0,0,0,0
"2026-07-30 12:15:00",251142,85.46596,31.48198,8.99,3.401007,169.6536,39.36585,30.16,0.829,0,0,0,0
"2026-07-30 12:30:00",251143,87.14692,29.38134,8.11,3.483573,186.7842,41.53425,30.16,0.835,0,0,0,0
"2026-07-30 12:45:00",251144,88.04758,27.06455,10.74,3.820169,150.4263,28.42083,30.15,0.853,0,0,0,0
